Handle,Title,Body (HTML),Vendor,Product Category,Type,Tags,Published,Option1 Name,Option1 Value,Option2 Name,Option2 Value,Option3 Name,Option3 Value,Variant SKU,Variant Grams,Variant Inventory Tracker,Variant Inventory Qty,Variant Inventory Policy,Variant Fulfillment Service,Variant Price,Variant Compare At Price,Variant Requires Shipping,Variant Taxable,Variant Barcode,Image Src,Image Position,Image Alt Text,Gift Card,SEO Title,SEO Description,Variant Image,Variant Weight Unit,Status
koederdepot-kraftrute-spinn-2-13-m,"Köderdepot Kraftrute Spinn 2,13 m","<p><em>Gebaut für druckvolle Köderführung auf Hecht.</em></p><h2>Rückgrat und straffe Spitze am Hechtgewässer</h2><p>Als schwere Spinnrute richtet sich die Kraftrute an das Angeln auf Hecht mit großformatigen Kunstködern. Die Power-H-Auslegung verbindet einen kräftigen Blank mit einer sehr schnellen Aktion. Dadurch bleibt die Rutenspitze direkt und kontrolliert, wenn Gummifische, Blinker oder Hardbaits an Krautfeldern und entlang von Kanten geführt werden. Beim Wurf unterstützt der Blank Reichweite, beim Biss überträgt er den Anhieb zuverlässig. Im Drill liefert die Rute die nötige Reserve, um kräftige Fische aus Bewuchs herauszuführen.</p><p>Die Keramikringe fördern einen gleichmäßigen Lauf der Schnur beim Auswerfen und Einholen. Am Spitzenteil wirkt der Anti-Verwicklungsring losem Schnurumschlag entgegen, der bei voluminösen Ködern entstehen kann. Der integrierte Rollenhalter nimmt eine Stationärrolle auf und wird über seinen Feststellring aus Metall sicher geschlossen. Für die Handlage kombiniert die Rute einen Griff aus Kork mit einem Kork-Butt. Das Material fühlt sich angenehm warm an und bietet bei dauerhafter Belastung sicheren Halt.</p><h3>Auf einen Blick</h3><ul>
<li>
<strong>Bauform:</strong> Spinnrute</li>
<li>
<strong>Länge:</strong> 2,13 m</li>
<li>
<strong>Auslegung:</strong> Power H / Action XF</li>
<li>
<strong>Zielfische:</strong> Hecht</li>
</ul><h3>Technische Merkmale</h3><ul>
<li>
<strong>Ringe:</strong> Keramikringe, Spitzenring mit Anti-Verwicklung</li>
<li>
<strong>Rollenhalter:</strong> Integrierter Rollenhalter mit Metall-Feststellring</li>
<li>
<strong>Griff:</strong> Korkgriff und Kork-Butt</li>
<li>
<strong>Besonderheit:</strong> Kraftvolle Auslegung für große Kunstköder</li>
</ul><h3>Die Kraftrute im Überblick</h3><ul>
<li>Power H mit Action XF</li>
<li>Kraftvoller Carbon-Blank</li>
<li>Keramikringe</li>
<li>Anti-Verwicklungs-Spitzenring</li>
<li>Korkgriff mit Kork-Butt</li>
<li>Metall-Feststellring</li>
<li>Zielfische: Hecht</li>
<li>Spinnrute für Kunstköder</li>
</ul>",Köderdepot,sg-4-6-11,Spinnruten,"Carbon Rute, FR-CW-LQH, Heavy Rod, Hechtrute, Predator Rod, Raubfischrute, Snakehead Rod, Spinning Rod, Spinnrute, zielfisch-hecht",TRUE,Title,Default Title,,,,,MS-SR-213-1035,0,shopify,10,deny,manual,59.49,,TRUE,TRUE,,https://cdn.shopify.com/s/files/1/1021/1239/5606/files/DesignohneTitel-2026-03-10T181429.423_f041857a-da52-4d8f-a222-916da0df20b8.png?v=1784194757,1,,FALSE,"Spinnrute Kraftrute – 2,13 m | Köderdepot","Spinnrute Kraftrute – 2,13 m. Für Hecht. Liefert die Rückmeldung für präzise Köderführung. Jetzt bei Köderdepot entdecken.",,kg,active
koederdepot-kraftrute-spinn-2-13-m,,,,,,,,,,,,,,,,,,,,,,,,,https://cdn.shopify.com/s/files/1/1021/1239/5606/files/DesignohneTitel-2026-03-10T175739.551_013d3b9a-3e21-49bb-922c-f202393d5e8d.png?v=1784194758,2,,,,,,,
koederdepot-kraftrute-spinn-2-13-m,,,,,,,,,,,,,,,,,,,,,,,,,https://cdn.shopify.com/s/files/1/1021/1239/5606/files/DesignohneTitel-2026-03-10T180225.589_81e9c834-89dc-4d84-b8a9-48db7dcb0a25.png?v=1784194757,3,,,,,,,
koederdepot-kraftrute-spinn-2-44-m,"Köderdepot Kraftrute Spinn 2,44 m","<p><em>Straffe Spitze, kräftiges Rückgrat für große Kunstköder.</em></p><h2>Wenn der Anhieb durch harten Fischkiefer muss</h2><p>Die Kraftrute ist eine Spinnrute mit kraftvoller Auslegung für große Kunstköder auf Hecht und Zander. Ihre sehr schnelle Aktion hält die Spitze straff, wenn Gummifische, Spinnerbaits oder Wobbler zielgenau an Kanten und versunkenen Strukturen geführt werden. Beim Biss kommt der Kontakt direkt an, während das schwere Rückgrat den Anhieb auch dann durchsetzt, wenn der Köder weit draußen gefischt wird. Mit einer Stationärrolle entsteht eine Kombination für Angeln, bei dem Köderdruck und harte Drills zusammenkommen.</p><p>Keramikringe unterstützen einen sauberen Schnurlauf, während der Spitzenring mit Anti-Verwicklung besonders beim aktiven Werfen Ordnung in der Schnurführung hält. Der integrierte Rollenhalter fixiert die Stationärrolle über einen Metall-Feststellring fest am Blank, sodass beim Anschlag nichts arbeitet. Korkgriff und Kork-Butt geben der Rute eine warme, griffige Auflage in der Hand und am Unterarm. Das passt zu langen Tagen an Fluss, Baggersee oder Stausee, wenn große Köder wiederholt über tiefe Bereiche geführt werden.</p><h3>Auf einen Blick</h3><ul>
<li>
<strong>Bauform:</strong> Spinnrute</li>
<li>
<strong>Länge:</strong> 2,44 m</li>
<li>
<strong>Auslegung:</strong> Power H / Action XF</li>
<li>
<strong>Zielfische:</strong> Hecht, Zander</li>
</ul><h3>Technische Merkmale</h3><ul>
<li>
<strong>Ringe:</strong> Keramikringe, Spitzenring mit Anti-Verwicklung</li>
<li>
<strong>Rollenhalter:</strong> Integrierter Rollenhalter mit Metall-Feststellring</li>
<li>
<strong>Griff:</strong> Korkgriff und Kork-Butt</li>
<li>
<strong>Besonderheit:</strong> Kraftvolle Auslegung für große Kunstköder</li>
</ul><h3>Die Kraftrute im Überblick</h3><ul>
<li>Sehr schnelle Aktion</li>
<li>Schwere Power-Auslegung</li>
<li>Keramikringe mit Schnurkontrolle</li>
<li>Anti-Verwicklungs-Spitzenring</li>
<li>Korkgriff mit Kork-Butt</li>
<li>Metall-Feststellring am Rollenhalter</li>
<li>Zielfische: Hecht, Zander</li>
<li>Spinnrute für Kunstköder</li>
</ul>",Köderdepot,sg-4-6-11,Spinnruten,"Carbon Rute, FR-CW-LQH, Heavy Rod, Hechtrute, Raubfischrute, Snakehead Rod, Spinning Rod, Spinnrute, Zander Rute, zielfisch-hecht, zielfisch-zander",TRUE,Title,Default Title,,,,,MS-SR-244-1035,0,shopify,8,deny,manual,62.49,,TRUE,TRUE,,https://cdn.shopify.com/s/files/1/1021/1239/5606/files/DesignohneTitel-2026-03-10T181429.423_ed0895c1-d13a-4cdc-9b7b-4a6c8a129055.png?v=1784194758,1,,FALSE,"Spinnrute Kraftrute – 2,44 m | Köderdepot","Spinnrute Kraftrute – 2,44 m. Für Hecht, Zander. Liefert die Rückmeldung für präzise Köderführung. Jetzt bei Köderdepot entdecken.",,kg,active
koederdepot-kraftrute-spinn-2-44-m,,,,,,,,,,,,,,,,,,,,,,,,,https://cdn.shopify.com/s/files/1/1021/1239/5606/files/DesignohneTitel-2026-03-10T175739.551_6311ca6d-b7d5-46fe-bcba-675b1ba77607.png?v=1784194759,2,,,,,,,
koederdepot-kraftrute-spinn-2-44-m,,,,,,,,,,,,,,,,,,,,,,,,,https://cdn.shopify.com/s/files/1/1021/1239/5606/files/DesignohneTitel-2026-03-10T180225.589_c7a8e77e-ce5b-4116-ba5b-1cda55757268.png?v=1784194759,3,,,,,,,
koederdepot-kraftrute-baitcast-2-44-m,"Köderdepot Kraftrute Baitcast 2,44 m","<p><em>Straffe Spitze und kräftige Reserven für große Kunstköder.</em></p><h2>Direkte Köderführung an markanten Hechtstellen</h2><p>Die Kraftrute ist auf große Kunstköder ausgelegt, die beim Hecht über weite Strecken Druck aufbauen. Ihre schwere Power-Auslegung trägt den Köder sauber durch den Wurf und gibt im Anhieb die nötige Reserve frei. Die sehr schnelle Aktion hält die Spitze straff, wenn der Köder an Krautkanten oder Holz geführt wird. An einer Baitcaster-Rolle gefischt, bleibt die Rute beim gezielten Werfen auf markante Stellen direkt und kontrollierbar in der Hand.</p><p>Keramikringe führen die Schnur auch dann ruhig, wenn schwere Köder mit Druck beschleunigt werden. Der Anti-Verwicklungsring an der Spitze hilft bei Würfen, in denen die Schnur dicht am Blank läuft. Der integrierte Rollenhalter nimmt die Baitcaster-Rolle fest auf, während der Metall-Feststellring den Sitz sichert. Korkgriff und Kork-Butt geben der Hand eine warme, griffige Auflage, wenn der Köder über lange Würfe geführt und im Drill gegen kräftige Fluchten abgestützt wird.</p><h3>Auf einen Blick</h3><ul>
<li>
<strong>Bauform:</strong> Baitcastrute</li>
<li>
<strong>Länge:</strong> 2,44 m</li>
<li>
<strong>Auslegung:</strong> Power H / Action XF</li>
<li>
<strong>Zielfische:</strong> Hecht</li>
</ul><h3>Technische Merkmale</h3><ul>
<li>
<strong>Ringe:</strong> Keramikringe, Spitzenring mit Anti-Verwicklung</li>
<li>
<strong>Rollenhalter:</strong> Integrierter Rollenhalter mit Metall-Feststellring</li>
<li>
<strong>Griff:</strong> Korkgriff und Kork-Butt</li>
<li>
<strong>Besonderheit:</strong> Kraftvolle Auslegung für große Kunstköder</li>
</ul><h3>Die Kraftrute im Überblick</h3><ul>
<li>Sehr schnelle Spitzenaktion</li>
<li>Schwere Power-Auslegung</li>
<li>Keramikringe mit Anti-Verwicklung</li>
<li>Metall-Feststellring am Rollenhalter</li>
<li>Korkgriff mit Kork-Butt</li>
<li>Zielfische: Hecht</li>
<li>Baitcastrute für Kunstköder</li>
</ul>",Köderdepot,sg-4-6-11,Baitcastruten,"Baitcasterrute, Carbon Rute, Casting Rod, FR-CW-LQH, Heavy Rod, Hechtrute, Predator Rod, Raubfischrute, Snakehead Rod, zielfisch-hecht",TRUE,Title,Default Title,,,,,MS-CR-244-1035,0,shopify,6,deny,manual,62.49,,TRUE,TRUE,,https://cdn.shopify.com/s/files/1/1021/1239/5606/files/DesignohneTitel_86_2bb42272-6f0f-42a1-9cab-7a7c06263665.png?v=1784194760,1,,FALSE,"Baitcastrute Kraftrute – 2,44 m | Köderdepot","Baitcastrute Kraftrute – 2,44 m. Für Hecht. Überträgt Würfe und Köderkontakt direkt an die Hand. Jetzt bei Köderdepot entdecken.",,kg,active
koederdepot-kraftrute-baitcast-2-44-m,,,,,,,,,,,,,,,,,,,,,,,,,https://cdn.shopify.com/s/files/1/1021/1239/5606/files/DesignohneTitel_87_757bf250-4fd6-4517-b51a-fbe2ae3f7a44.png?v=1784194760,2,,,,,,,
koederdepot-kraftrute-baitcast-2-44-m,,,,,,,,,,,,,,,,,,,,,,,,,https://cdn.shopify.com/s/files/1/1021/1239/5606/files/DesignohneTitel_88_aef61a65-7895-41a6-8fcb-3cd5faf6acbb.png?v=1784194759,3,,,,,,,
koederdepot-weitwurfrute-spinn-2-4-m,"Köderdepot Weitwurfrute Spinn 2,4 m","<p><em>Wurfweite und Rückgrat für die Jagd auf Raubfisch.</em></p><h2>Direkter Köderkontakt an Kanten und Buhnen</h2><p>Die Weitwurfrute verbindet mittelschwere Kraft mit schneller Biegekurve und richtet sich an die Führung von Gummifischen sowie Wobblern mit direktem Köderkontakt. Über breite Buhnenfelder und an tiefen Kanten baut der kräftige Blank beim Wurf zuverlässig Spannung auf, damit Köder weit zum Ziel kommen. Die straffe Spitze meldet Grundberührung und zurückhaltende Bisse klar. Zugleich liefert das Rückgrat den nötigen Druck, um Anhiebe bei Hecht und Zander sicher zu setzen. Für den Einsatz mit Stationärrolle ist diese Ausführung als Spinnrute ausgelegt.</p><p>Keramikringe fördern den gleichmäßigen Lauf der Schnur und unterstützen präzise Würfe bei Wind sowie beim Fischen mit Geflecht. Der Spitzenring mit Anti-Verwicklung wirkt Schnurumschlägen an der Spitze entgegen, die den Wurfablauf beeinträchtigen können. Im integrierten massiven Rollenhalter bleibt die Rolle fest mit dem Blank verbunden, auch unter Druck beim Einkurbeln. Griff und Butt aus Imitat-Kork-EVA bieten griffige Handlage und widerstandsfähige Oberfläche. Das Modell ist zudem als Baitcastrute verfügbar.</p><h3>Auf einen Blick</h3><ul>
<li>
<strong>Bauform:</strong> Spinnrute</li>
<li>
<strong>Länge:</strong> 2,4 m</li>
<li>
<strong>Auslegung:</strong> Power MH / Action F</li>
<li>
<strong>Zielfische:</strong> Hecht, Zander</li>
</ul><h3>Technische Merkmale</h3><ul>
<li>
<strong>Ringe:</strong> Keramikringe, Spitzenring mit Anti-Verwicklung</li>
<li>
<strong>Rollenhalter:</strong> Integrierter, massiver Rollenhalter</li>
<li>
<strong>Griff:</strong> Griff und Butt in Imitat-Kork-EVA</li>
<li>
<strong>Besonderheit:</strong> Als Spinn- und Baitcastrute erhältlich</li>
</ul><h3>Die Weitwurfrute im Überblick</h3><ul>
<li>Mittelschwere Kraftklasse</li>
<li>Schnelle Biegekurve</li>
<li>Keramikringe für Schnurlauf</li>
<li>Anti-Verwicklung am Spitzenring</li>
<li>Massiver integrierter Rollenhalter</li>
<li>Griff aus Imitat-Kork-EVA</li>
<li>Zielfische: Hecht, Zander</li>
<li>Spinnrute für Kunstköder</li>
</ul>",Köderdepot,sg-4-6-11,Spinnruten,"Barsch Rute, Carbon Rute, Hecht Rute, JW-FR06, Predator Rod, Raubfischrute, Spinning Rod, Spinnrute, Zander Rute, zielfisch-hecht, zielfisch-zander, zielfisch-barsch",TRUE,Title,Default Title,,,,,CP-SR-240-1040,0,shopify,9,deny,manual,62.49,,TRUE,TRUE,,https://cdn.shopify.com/s/files/1/1021/1239/5606/files/DesignohneTitel_98_49ba266c-288c-422c-8e81-b8e115c17a47.png?v=1784194760,1,,FALSE,"Spinnrute Weitwurfrute – 2,4 m | Köderdepot","Spinnrute Weitwurfrute – 2,4 m. Für Hecht, Zander. Liefert die Rückmeldung für präzise Köderführung. Jetzt bei Köderdepot entdecken.",,kg,active
koederdepot-weitwurfrute-spinn-2-4-m,,,,,,,,,,,,,,,,,,,,,,,,,https://cdn.shopify.com/s/files/1/1021/1239/5606/files/DesignohneTitel-2026-03-09T123446.635_4fb7d4a8-6bbf-4e95-a5cf-726b2304f646.png?v=1784194761,2,,,,,,,
koederdepot-weitwurfrute-spinn-2-4-m,,,,,,,,,,,,,,,,,,,,,,,,,https://cdn.shopify.com/s/files/1/1021/1239/5606/files/DesignohneTitel_99_0194a09b-15ea-4436-b96a-0e4cae20c5f4.png?v=1784194760,3,,,,,,,
koederdepot-weitwurfrute-baitcast-2-4-m,"Köderdepot Weitwurfrute Baitcast 2,4 m","<p><em>Direkter Wurfstock für Köder auf Distanz</em></p><h2>Schnelle Aktion für den Anhieb auf Distanz</h2><p>Die Weitwurfrute ist als Baitcastrute auf weite Würfe und einen direkten Köderkontakt ausgelegt. Ihre mittelschwere Kraftklasse verbindet genügend Druck für größere Köder mit der Kontrolle, die beim Fischen an Kanten und über Krautfeldern zählt. Die schnelle Aktion baut den Anhieb zügig auf, wenn ein Hecht den Köder auf Distanz nimmt oder ein Zander dicht am Grund nur kurz einsteigt. Im Drill hält das kräftige Rückgrat die Rute stabil, ohne den Köderlauf unnötig zu bremsen.</p><p>Keramikringe unterstützen einen ruhigen Schnurlauf, während der Spitzenring mit Anti-Verwicklung gerade bei wiederholten Würfen Ordnung an der Rutenspitze hält. Der integrierte massive Rollenhalter gibt einer Baitcaster-Rolle festen Sitz und überträgt Bewegungen direkt in die Hand. Griff und Butt aus Imitat-Kork-EVA verbinden eine griffige Auflage mit einer unempfindlichen Oberfläche, wenn die Rute im Boot oder am Ufer abgelegt wird. Die Baureihe ist neben dieser Baitcastrute auch als Spinnrute erhältlich und richtet sich damit an unterschiedliche Rollenkonzepte.</p><h3>Auf einen Blick</h3><ul>
<li>
<strong>Bauform:</strong> Baitcastrute</li>
<li>
<strong>Länge:</strong> 2,4 m</li>
<li>
<strong>Auslegung:</strong> Power MH / Action F</li>
<li>
<strong>Zielfische:</strong> Hecht, Zander</li>
</ul><h3>Technische Merkmale</h3><ul>
<li>
<strong>Ringe:</strong> Keramikringe, Spitzenring mit Anti-Verwicklung</li>
<li>
<strong>Rollenhalter:</strong> Integrierter, massiver Rollenhalter</li>
<li>
<strong>Griff:</strong> Griff und Butt in Imitat-Kork-EVA</li>
<li>
<strong>Besonderheit:</strong> Als Spinn- und Baitcastrute erhältlich</li>
</ul><h3>Die Weitwurfrute im Überblick</h3><ul>
<li>Schnelle Aktion mit Rückgrat</li>
<li>Anti-Verwicklung am Spitzenring</li>
<li>Massiver integrierter Rollenhalter</li>
<li>Griff aus Imitat-Kork-EVA</li>
<li>Auch als Spinnrute erhältlich</li>
<li>Zielfische: Hecht, Zander</li>
<li>Baitcastrute für Kunstköder</li>
</ul>",Köderdepot,sg-4-6-11,Baitcastruten,"Baitcasterrute, Barsch Rute, Carbon Rute, Casting Rod, Hecht Rute, JW-FR06, Predator Rod, Raubfischrute, Zander Rute, zielfisch-hecht, zielfisch-zander, zielfisch-barsch",TRUE,Title,Default Title,,,,,CP-CR-240-1040,0,shopify,7,deny,manual,62.49,,TRUE,TRUE,,https://cdn.shopify.com/s/files/1/1021/1239/5606/files/DesignohneTitel-2026-03-09T125137.367_313855e0-31f8-4602-afa4-2c853f3818d7.png?v=1784194762,1,,FALSE,"Baitcastrute Weitwurfrute – 2,4 m | Köderdepot","Baitcastrute Weitwurfrute – 2,4 m. Für Hecht, Zander. Überträgt Würfe und Köderkontakt direkt. Jetzt bei Köderdepot entdecken.",,kg,active
koederdepot-weitwurfrute-baitcast-2-4-m,,,,,,,,,,,,,,,,,,,,,,,,,https://cdn.shopify.com/s/files/1/1021/1239/5606/files/DesignohneTitel-2026-03-10T170430.098_bde29e07-3ef1-4334-8910-081d3ae16374.png?v=1784194762,2,,,,,,,
koederdepot-weitwurfrute-baitcast-2-4-m,,,,,,,,,,,,,,,,,,,,,,,,,https://cdn.shopify.com/s/files/1/1021/1239/5606/files/DesignohneTitel-2026-03-10T165524.987_c57b00fb-75a7-4f93-bca0-4347281942f5.png?v=1784194762,3,,,,,,,
koederdepot-allroundrute-spinn-2-1-m,"Köderdepot Allroundrute Spinn 2,1 m","<p><em>Ausgewogene Raubfischrute für Gummi und Wobbler.</em></p><h2>Kontrolle am Ufer und Kraft im Anhieb</h2><p>Die Allroundrute mit Power M und Action MF ist auf das Spinnfischen mit Gummiködern und Wobblern abgestimmt. Ihre moderate Biegekurve begleitet den Wurf und die Köderführung spürbar, sodass sich Köder an Steinpackungen und entlang von Kanten gezielt anbieten lassen. Für Hecht und Zander stellt der Blank beim Anhieb die nötige Kraft bereit. Dabei bleibt die Rute bei unterschiedlichen Köderarten ausgewogen. Die Spinnversion ist für den Einsatz mit einer Stationärrolle vorgesehen.</p><p>Keramikringe sorgen für einen gleichmäßigen Schnurlauf, während der Spitzenring Verwicklungen beim Werfen reduziert. Das unterstützt die Köderkontrolle bei Wind sowie beim Fischen nah an Hindernissen. Die Rolle sitzt im integrierten Rollenhalter und wird durch den Metall-Feststellring sicher gehalten. EVA-Griff und EVA-Butt sind unempfindlich und für den Einsatz am Wasser geeignet, auch wenn die Rute auf feuchtem Ufergrund liegt. Neben der Spinnversion ist die Baureihe auch als Baitcastrute verfügbar.</p><h3>Auf einen Blick</h3><ul>
<li>
<strong>Bauform:</strong> Spinnrute</li>
<li>
<strong>Länge:</strong> 2,1 m</li>
<li>
<strong>Auslegung:</strong> Power M / Action MF</li>
<li>
<strong>Zielfische:</strong> Hecht, Zander</li>
</ul><h3>Technische Merkmale</h3><ul>
<li>
<strong>Ringe:</strong> Keramikringe, Spitzenring mit Anti-Verwicklung</li>
<li>
<strong>Rollenhalter:</strong> Integrierter Rollenhalter mit Metall-Feststellring</li>
<li>
<strong>Griff:</strong> EVA-Griff und EVA-Butt</li>
<li>
<strong>Besonderheit:</strong> Als Spinn- und Baitcastrute erhältlich</li>
</ul><h3>Die Allroundrute im Überblick</h3><ul>
<li>Power M mit Action MF</li>
<li>Keramikringe für Schnurlauf</li>
<li>Spitzenring gegen Verwicklungen</li>
<li>Integrierter Rollenhalter</li>
<li>Metall-Feststellring</li>
<li>EVA-Griff und EVA-Butt</li>
<li>Zielfische: Hecht, Zander</li>
<li>Spinnrute für Kunstköder</li>
</ul>",Köderdepot,sg-4-6-11,Spinnruten,"Allround Spinnrute, Barsch Rute, Carbon Rute, DE-KS, Hecht Rute, Predator Rod, Raubfischrute, Spinnrute, Zander Rute, zielfisch-hecht, zielfisch-zander, zielfisch-barsch",TRUE,Title,Default Title,,,,,CS-SR-210-0837,0,shopify,9,deny,manual,59.49,,TRUE,TRUE,,https://cdn.shopify.com/s/files/1/1021/1239/5606/files/DesignohneTitel_92_516266dd-972f-4ed6-a4c7-c990055dcab2.png?v=1784194763,1,,FALSE,"Spinnrute Allroundrute – 2,1 m | Köderdepot","Spinnrute Allroundrute – 2,1 m. Für Hecht, Zander. Liefert die Rückmeldung für präzise Köderführung. Jetzt bei Köderdepot entdecken.",,kg,active
koederdepot-allroundrute-spinn-2-1-m,,,,,,,,,,,,,,,,,,,,,,,,,https://cdn.shopify.com/s/files/1/1021/1239/5606/files/DesignohneTitel_93_456180c5-747f-4c9c-9e4d-adc0f3987b2c.png?v=1784194763,2,,,,,,,
koederdepot-allroundrute-spinn-2-1-m,,,,,,,,,,,,,,,,,,,,,,,,,https://cdn.shopify.com/s/files/1/1021/1239/5606/files/DesignohneTitel_94_0a1bb082-ee8e-4537-9940-dee9f12402bd.png?v=1784194763,3,,,,,,,
koederdepot-allroundrute-baitcast-2-1-m,"Köderdepot Allroundrute Baitcast 2,1 m","<p><em>Kontrollierte Würfe und ein Blank für entschlossene Anhiebe.</em></p><h2>Moderate Aktion für Köderführung mit Gefühl</h2><p>Die Allroundrute ist als Baitcastrute auf Hecht und Zander ausgelegt, wenn Köder sauber am Spot platziert und im Wurf kontrolliert werden sollen. Ihre mittlere Kraftklasse bringt genug Reserve für einen entschlossenen Anhieb, während die moderate Aktion unter Last gleichmäßig arbeitet. Das passt zu Gewässern mit wechselnden Tiefen, an denen der Köder über Kanten, entlang von Krautfeldern oder an versunkenen Strukturen geführt wird. Gefischt wird sie mit einer passenden Baitcaster-Rolle.</p><p>Keramikringe unterstützen einen ruhigen Schnurlauf, während der Spitzenring mit Anti-Verwicklung gerade bei vielen Würfen Ordnung in die Montage bringt. Der integrierte Rollenhalter hält die Baitcaster-Rolle über den Metall-Feststellring sicher an ihrem Platz. EVA-Griff und EVA-Butt sind für den praktischen Einsatz am Wasser gemacht und unempfindlich bei häufigem Kontakt mit Nässe oder Schmutz. Die Allroundrute ist innerhalb der Auslegung auch als Spinnrute erhältlich und lässt damit unterschiedliche Rollenkonzepte zu.</p><h3>Auf einen Blick</h3><ul>
<li>
<strong>Bauform:</strong> Baitcastrute</li>
<li>
<strong>Länge:</strong> 2,1 m</li>
<li>
<strong>Auslegung:</strong> Power M / Action MF</li>
<li>
<strong>Zielfische:</strong> Hecht, Zander</li>
</ul><h3>Technische Merkmale</h3><ul>
<li>
<strong>Ringe:</strong> Keramikringe, Spitzenring mit Anti-Verwicklung</li>
<li>
<strong>Rollenhalter:</strong> Integrierter Rollenhalter mit Metall-Feststellring</li>
<li>
<strong>Griff:</strong> EVA-Griff und EVA-Butt</li>
<li>
<strong>Besonderheit:</strong> Als Spinn- und Baitcastrute erhältlich</li>
</ul><h3>Die Allroundrute im Überblick</h3><ul>
<li>Mittlere Kraftklasse</li>
<li>Moderate Biegekurve</li>
<li>Keramikringe mit Schnurlauf</li>
<li>Anti-Verwicklungs Spitzenring</li>
<li>EVA-Griff mit Butt</li>
<li>Metall-Feststellring am Rollenhalter</li>
<li>Zielfische: Hecht, Zander</li>
<li>Baitcastrute für Kunstköder</li>
</ul>",Köderdepot,sg-4-6-11,Baitcastruten,"Allround Baitcaster, Baitcasterrute, Barschangeln, Carbon Rute, Casting Rod, DE-KS, Hechtangeln, Predator Rod, Raubfischrute, Zanderangeln, zielfisch-hecht, zielfisch-zander, zielfisch-barsch",TRUE,Title,Default Title,,,,,CS-CR-210-0837,0,shopify,6,deny,manual,59.49,,TRUE,TRUE,,https://cdn.shopify.com/s/files/1/1021/1239/5606/files/DesignohneTitel_96_8d8933b6-6cff-4c22-bdc8-b6facbb63916.png?v=1784194763,1,,FALSE,"Baitcastrute Allroundrute – 2,1 m | Köderdepot","Baitcastrute Allroundrute – 2,1 m. Für Hecht, Zander. Überträgt Würfe und Köderkontakt direkt. Jetzt bei Köderdepot entdecken.",,kg,active
koederdepot-allroundrute-baitcast-2-1-m,,,,,,,,,,,,,,,,,,,,,,,,,https://cdn.shopify.com/s/files/1/1021/1239/5606/files/DesignohneTitel_95_e3ab26f1-f851-489f-b7ed-1366a6e81747.png?v=1784194763,2,,,,,,,
koederdepot-allroundrute-baitcast-2-1-m,,,,,,,,,,,,,,,,,,,,,,,,,https://cdn.shopify.com/s/files/1/1021/1239/5606/files/DesignohneTitel_97_145d59bf-b4dc-4646-810a-7bfafb49c4ea.png?v=1784194763,3,,,,,,,
koederdepot-allroundrute-spinn-2-7-m,"Köderdepot Allroundrute Spinn 2,7 m","<p><em>Mittlere Kraft für kontrollierte Köderführung am Raubfischwasser</em></p><h2>Ein Blank für Würfe, Führung und sichere Anhiebe</h2><p>Die Allroundrute ist als Spinnrute mit mittlerer Kraft und moderater Aktion auf das Angeln auf Hecht und Zander ausgelegt. Ihr Blank arbeitet beim Wurf kontrolliert mit und lädt sich sauber auf, wenn Köder über weite Bereiche des Gewässers geführt werden. Im Kontakt mit dem Fisch bleibt genügend Rückgrat für einen klaren Anhieb, während die moderate Biegekurve Fluchten im Drill abfedert. Mit einer Stationärrolle entsteht eine ausgewogene Kombination für wechselnde Köderführungen.</p><p>Keramikringe unterstützen einen ruhigen Schnurlauf, während der Anti-Verwicklungsring an der Spitze besonders bei häufigen Würfen Ordnung in der Montage hält. Der integrierte Rollenhalter fixiert die Stationärrolle über seinen Metall-Feststellring fest am Blank. EVA-Griff und EVA-Butt sind für den robusten Einsatz am Ufer oder vom Boot gedacht und bleiben auch bei nassen Händen gut kontrollierbar. Wer dieselbe Auslegung lieber mit Baitcaster-Rolle fischt, findet diese Rute auch als Baitcastrute.</p><h3>Auf einen Blick</h3><ul>
<li>
<strong>Bauform:</strong> Spinnrute</li>
<li>
<strong>Länge:</strong> 2,7 m</li>
<li>
<strong>Auslegung:</strong> Power M / Action MF</li>
<li>
<strong>Zielfische:</strong> Hecht, Zander</li>
</ul><h3>Technische Merkmale</h3><ul>
<li>
<strong>Ringe:</strong> Keramikringe, Spitzenring mit Anti-Verwicklung</li>
<li>
<strong>Rollenhalter:</strong> Integrierter Rollenhalter mit Metall-Feststellring</li>
<li>
<strong>Griff:</strong> EVA-Griff und EVA-Butt</li>
<li>
<strong>Besonderheit:</strong> Als Spinn- und Baitcastrute erhältlich</li>
</ul><h3>Die Allroundrute im Überblick</h3><ul>
<li>Moderate Blankaktion</li>
<li>Mittlere Kraftklasse</li>
<li>Keramikringe</li>
<li>Anti-Verwicklungs-Spitzenring</li>
<li>EVA-Griff mit Butt</li>
<li>Metall-Feststellring</li>
<li>Zielfische: Hecht, Zander</li>
<li>Spinnrute für Kunstköder</li>
</ul>",Köderdepot,sg-4-6-11,Spinnruten,"Allround Spinnrute, Barsch Rute, Carbon Rute, DE-KS, Hecht Rute, Predator Rod, Raubfischrute, Spinnrute, Zander Rute, zielfisch-hecht, zielfisch-zander, zielfisch-barsch",TRUE,Title,Default Title,,,,,CS-SR-270-0837,0,shopify,19,deny,manual,65.49,,TRUE,TRUE,,https://cdn.shopify.com/s/files/1/1021/1239/5606/files/DesignohneTitel_92_4df12882-2d1a-4b8e-b7f2-22b0f5fdbeec.png?v=1784194765,1,,FALSE,"Spinnrute Allroundrute – 2,7 m | Köderdepot","Spinnrute Allroundrute – 2,7 m. Für Hecht, Zander. Liefert die Rückmeldung für präzise Köderführung. Jetzt bei Köderdepot entdecken.",,kg,active
koederdepot-allroundrute-spinn-2-7-m,,,,,,,,,,,,,,,,,,,,,,,,,https://cdn.shopify.com/s/files/1/1021/1239/5606/files/DesignohneTitel_93_7f56db1b-bc81-4422-af65-ad68e98c266b.png?v=1784194764,2,,,,,,,
koederdepot-allroundrute-spinn-2-7-m,,,,,,,,,,,,,,,,,,,,,,,,,https://cdn.shopify.com/s/files/1/1021/1239/5606/files/DesignohneTitel_94_a9dafaff-7eb9-4903-9c46-cb6be30bb3a2.png?v=1784194764,3,,,,,,,
koederdepot-kraftrute-baitcast-2-13-m,"Köderdepot Kraftrute Baitcast 2,13 m","<p><em>Starke Baitcastrute für druckvolle Köderführung.</em></p><h2>Direkte Köderkontrolle für kapitale Räuber</h2><p>Die Kraftrute richtet sich an das Angeln mit großvolumigen Kunstködern auf Hecht und Zander. Ihre schwere Power-H-Auslegung bringt die nötige Reserve mit, wenn Köder viel Widerstand erzeugen oder Fische entschlossen in Hindernisse ziehen. Die extra schnelle Aktion sorgt für eine straffe Spitze und vermittelt den Lauf des Köders unmittelbar. So lassen sich Anhiebe zügig setzen und Führungsfehler schnell erkennen. Besonders an Kanten, Krautfeldern und versunkenem Holz zeigt der kräftige Blank seine Aufgabe.</p><p>Keramikringe unterstützen einen gleichmäßigen Schnurlauf, während der speziell geformte Spitzenring Verwicklungen beim Werfen entgegenwirkt. Die Baitcaster-Rolle sitzt im integrierten Rollenhalter und wird über den Metall-Feststellring zuverlässig fixiert. Kork am Griff und am Abschluss liegt angenehm in der Hand und schafft eine direkte Verbindung zur Rute. Damit eignet sich das Modell für strukturreiche Gewässer, in denen schwere Kunstköder gezielt geführt und präzise an aussichtsreichen Stellen angeboten werden.</p><h3>Auf einen Blick</h3><ul>
<li>
<strong>Bauform:</strong> Baitcastrute</li>
<li>
<strong>Länge:</strong> 2,13 m</li>
<li>
<strong>Auslegung:</strong> Power H / Action XF</li>
<li>
<strong>Zielfische:</strong> Hecht, Zander</li>
</ul><h3>Technische Merkmale</h3><ul>
<li>
<strong>Ringe:</strong> Keramikringe, Spitzenring mit Anti-Verwicklung</li>
<li>
<strong>Rollenhalter:</strong> Integrierter Rollenhalter mit Metall-Feststellring</li>
<li>
<strong>Griff:</strong> Korkgriff und Kork-Butt</li>
<li>
<strong>Besonderheit:</strong> Kraftvolle Auslegung für große Kunstköder</li>
</ul><h3>Die Kraftrute im Überblick</h3><ul>
<li>Schwere Power-H-Auslegung</li>
<li>Extra schnelle Aktion</li>
<li>Keramikringe für Schnurlauf</li>
<li>Verwicklungsarme Spitzenführung</li>
<li>Rollenhalter mit Metallring</li>
<li>Korkgriff und Kork-Butt</li>
<li>Zielfische: Hecht, Zander</li>
<li>Baitcastrute für Kunstköder</li>
</ul>",Köderdepot,sg-4-6-11,Baitcastruten,"Baitcasterrute, Barschangeln, Carbon Rute, Casting Rod, Extra Fast Action, FR-CW-LQH, Heavy Rod, Hechtangeln, Raubfischrute, Zanderangeln, zielfisch-hecht, zielfisch-zander, zielfisch-barsch",TRUE,Title,Default Title,,,,,MS-CR-212-1035,0,shopify,10,deny,manual,59.49,,TRUE,TRUE,,https://cdn.shopify.com/s/files/1/1021/1239/5606/files/DesignohneTitel_86_f012f200-d79f-46f8-9c33-0362e4448a5a.png?v=1784194765,1,,FALSE,"Baitcastrute Kraftrute – 2,13 m | Köderdepot","Baitcastrute Kraftrute – 2,13 m. Für Hecht, Zander. Überträgt Würfe und Köderkontakt direkt. Jetzt bei Köderdepot entdecken.",,kg,active
koederdepot-kraftrute-baitcast-2-13-m,,,,,,,,,,,,,,,,,,,,,,,,,https://cdn.shopify.com/s/files/1/1021/1239/5606/files/DesignohneTitel_87_96b26d1d-98dc-4edf-adb2-bad8ffa9895e.png?v=1784194765,2,,,,,,,
koederdepot-kraftrute-baitcast-2-13-m,,,,,,,,,,,,,,,,,,,,,,,,,https://cdn.shopify.com/s/files/1/1021/1239/5606/files/DesignohneTitel_88_253ee161-cd12-44a4-a368-5a4dd5159efa.png?v=1784194765,3,,,,,,,
koederdepot-nachtjagdrute-2-4-m,"Köderdepot Nachtjagdrute 2,4 m","<p><em>Kraftvolle Spinnrute mit leuchtender Spitze für nächtliche Raubfischzüge.</em></p><h2>Sichtbare Köderführung bei wenig Licht</h2><p>Die Nachtjagdrute begleitet schwere Spinnköder durch Dämmerung und Nacht, wenn Hecht oder Wels gezielt beangelt werden. Ihre leuchtende Spitze bleibt beim Führen am Ufer, an Buhnen oder vom Boot aus gut erkennbar und zeigt Bewegung am Köder direkt an. Die massiv ausgeführte Carbon-Spitze unterstützt eine belastbare Führung, etwa bei Strömung oder beim Kontakt mit hartem Grund. Die schwere Auslegung passt zu Situationen, in denen am Wasser kraftvolles Gerät gefragt ist.</p><p>Die Rute ist für den Einsatz mit Stationärrolle ausgelegt. Ein Rollenhalter von Fishingfans sorgt für festen Sitz der Rolle, während Keramikringe von Fishingfans die Schnur sauber über den Blank leiten. EVA-Griff und EVA-Butt sind auf robuste Einsätze abgestimmt und bleiben bei Sand, Schleim oder Spritzwasser unkompliziert. Damit eignet sich die Bauweise für große Flüsse, tiefe Seen sowie Küstenbereiche, an denen schwere Köderführung und eine gut sichtbare Spitze bei Dunkelheit zählen.</p><h3>Auf einen Blick</h3><ul>
<li>
<strong>Bauform:</strong> Spinnrute</li>
<li>
<strong>Länge:</strong> 2,4 m</li>
<li>
<strong>Besonderheit:</strong> Leuchtende Rutenspitze, massive Carbon-Spitze</li>
<li>
<strong>Zielfische:</strong> Hecht, Wels</li>
</ul><h3>Technische Merkmale</h3><ul>
<li>
<strong>Ringe:</strong> Keramikringe der Marke Fishingfans</li>
<li>
<strong>Rollenhalter:</strong> Rollenhalter der Marke Fishingfans</li>
<li>
<strong>Griff:</strong> EVA-Griff und EVA-Butt</li>
</ul><h3>Die Nachtjagdrute im Überblick</h3><ul>
<li>Leuchtende massive Carbon-Spitze</li>
<li>Keramikringe von Fishingfans</li>
<li>Rollenhalter von Fishingfans</li>
<li>EVA-Griff mit EVA-Butt</li>
<li>Für schwere Spinnköder</li>
<li>Für Hecht und Wels</li>
<li>Zielfische: Hecht, Wels</li>
<li>Spinnrute für Kunstköder</li>
</ul>",Köderdepot,sg-4-6-11,Spinnruten,"Big Fish Rod, Carbon Rute, Heavy Rod, Heavy Spinning, Meeresrute, Raubfischrute, Spinnrute, TB-BGZ, Welsrute",TRUE,Title,Default Title,,,,,SM-SR-240-1035,0,shopify,15,deny,manual,62.49,,TRUE,TRUE,,https://cdn.shopify.com/s/files/1/1021/1239/5606/files/DesignohneTitel_83_cc20fa4d-a0af-4a58-8333-3f40de9adc37.png?v=1784194766,1,,FALSE,"Spinnrute Nachtjagdrute – 2,4 m | Köderdepot","Spinnrute Nachtjagdrute – 2,4 m. Für Hecht, Wels. Liefert die Rückmeldung für präzise Köderführung. Jetzt bei Köderdepot entdecken.",,kg,active
koederdepot-nachtjagdrute-2-4-m,,,,,,,,,,,,,,,,,,,,,,,,,https://cdn.shopify.com/s/files/1/1021/1239/5606/files/DesignohneTitel_84_996596f6-6f84-4e37-801e-06f8cc779404.png?v=1784194766,2,,,,,,,
koederdepot-nachtjagdrute-2-4-m,,,,,,,,,,,,,,,,,,,,,,,,,https://cdn.shopify.com/s/files/1/1021/1239/5606/files/DesignohneTitel_85_087d97d2-4dfd-4eaa-9d85-022e6675831b.png?v=1784194766,3,,,,,,,
koederdepot-weitwurfrute-spinn-2-7-m,"Köderdepot Weitwurfrute Spinn 2,7 m","<p><em>Für kontrollierte Würfe bis an die Kante.</em></p><h2>Schnelle Spitze für Führung auf Distanz</h2><p>Die Weitwurfrute ist als Spinnrute mit Stationärrolle auf den Einsatz mit Ködern ausgelegt, die über Distanz kontrolliert geführt werden müssen. Die mittelschwere Kraftklasse bringt genug Druck für Hecht und Zander, wenn der Köder an der Kante absinkt oder über hartem Grund läuft. Ihre schnelle Aktion hält die Spitze straff und gibt Rückmeldung beim Anjiggen. Beim Anhieb arbeitet der Blank zügig mit, sodass sich Kontakt auch dann durchsetzen lässt, wenn viel Schnur zwischen Rute und Fisch liegt.</p><p>Keramikringe unterstützen einen sauberen Schnurlauf, während der Spitzenring Verwicklungen beim Werfen und bei schnellen Richtungswechseln entgegenwirkt. Der integrierte massive Rollenhalter hält die Stationärrolle fest, wenn der Köder über längere Zeit aktiv geführt wird. Griff und Butt aus Imitat-Kork-EVA verbinden die warme Haptik von Kork mit der unempfindlichen Seite von EVA. Neben dieser Spinnrutenausführung ist die Weitwurfrute auch als Baitcastrute erhältlich; dort gehört eine Baitcaster-Rolle an den Rollenhalter.</p><h3>Auf einen Blick</h3><ul>
<li>
<strong>Bauform:</strong> Spinnrute</li>
<li>
<strong>Länge:</strong> 2,7 m</li>
<li>
<strong>Auslegung:</strong> Power MH / Action F</li>
<li>
<strong>Zielfische:</strong> Hecht, Zander</li>
</ul><h3>Technische Merkmale</h3><ul>
<li>
<strong>Ringe:</strong> Keramikringe, Spitzenring mit Anti-Verwicklung</li>
<li>
<strong>Rollenhalter:</strong> Integrierter, massiver Rollenhalter</li>
<li>
<strong>Griff:</strong> Griff und Butt in Imitat-Kork-EVA</li>
<li>
<strong>Besonderheit:</strong> Als Spinn- und Baitcastrute erhältlich</li>
</ul><h3>Die Weitwurfrute im Überblick</h3><ul>
<li>Schnelle Aktion</li>
<li>Mittelschwere Kraftklasse</li>
<li>Keramikringe</li>
<li>Anti-Verwicklungs-Spitzenring</li>
<li>Massiver Rollenhalter</li>
<li>Imitat-Kork-EVA-Griff</li>
<li>Zielfische: Hecht, Zander</li>
<li>Spinnrute für Kunstköder</li>
</ul>",Köderdepot,sg-4-6-11,Spinnruten,"Barschangeln, Carbon Rute, Fast Action, Hechtangeln, JW-FR06, Medium Heavy, Raubfischrute, Spinning Rod, Spinnrute, Zanderangeln, zielfisch-hecht, zielfisch-zander, zielfisch-barsch",TRUE,Title,Default Title,,,,,,0,shopify,8,deny,manual,65.49,,TRUE,TRUE,,https://cdn.shopify.com/s/files/1/1021/1239/5606/files/DesignohneTitel_98_c985088a-0134-49a2-9e3b-b88e61dcea19.png?v=1784194767,1,,FALSE,"Spinnrute Weitwurfrute – 2,7 m | Köderdepot","Spinnrute Weitwurfrute – 2,7 m. Für Hecht, Zander. Liefert die Rückmeldung für präzise Köderführung. Jetzt bei Köderdepot entdecken.",,kg,active
koederdepot-weitwurfrute-spinn-2-7-m,,,,,,,,,,,,,,,,,,,,,,,,,https://cdn.shopify.com/s/files/1/1021/1239/5606/files/DesignohneTitel-2026-03-09T123446.635_096cbeba-60ec-43f4-bcf7-7d677edd61fc.png?v=1784194768,2,,,,,,,
koederdepot-weitwurfrute-spinn-2-7-m,,,,,,,,,,,,,,,,,,,,,,,,,https://cdn.shopify.com/s/files/1/1021/1239/5606/files/DesignohneTitel_99_1dc12576-2107-4a42-88a3-6cbd964b80e2.png?v=1784194767,3,,,,,,,
koederdepot-fernlaeufer-13-cm,Köderdepot Fernläufer 13 cm,"<p><em>Schwimmender Minnow für weite Würfe und aktive Rutenführung</em></p><h2>Minnow mit kontrollierten Ausbrüchen</h2><p>Der Fernläufer ist ein schwimmender Wobbler, der beim Spinnfischen mit Rucken und kurzen Spinnstopps geführt werden kann. Seine Gewichtsverlagerung unterstützt Würfe an weiter entfernte Kanten und lässt sich beim Anjiggen für seitliche Ausbrüche nutzen. Barsch, Hecht und Zander stehen oft an solchen Übergängen, wenn Kleinfisch über flacherem Wasser zieht. Mit ruhigen Kurbelumdrehungen beginnt die Führung kontrolliert, einzelne Schläge in die Rute geben dem Hardbait danach mehr Unruhe.</p><p>Die verschiedenen Farbdekore erlauben eine Anpassung an Wasserfarbe, Licht und Beutefischvorkommen. Natürliche Muster passen zu klarem Wasser und vorsichtigen Fischen, während kontrastreichere Dekore bei Trübung oder bedecktem Himmel besser sichtbar bleiben können. Als Jerkbait lässt sich der Fernläufer an Spundwänden, über flachen Plateaus und entlang von Krautfeldern führen. In den Pausen steigt der schwimmende Köder auf und kann dadurch über Hindernissen gehalten werden.</p><p><strong>Ausführung:</strong> 13 cm | 19,8 g</p><h3>Der Fernläufer im Überblick</h3><ul>
<li>Schwimmender Wobbler</li>
<li>Gewichtsverlagerung für weite Würfe</li>
<li>Führung mit Rucken</li>
<li>Mehrere Farbdekore verfügbar</li>
<li>Hardbait zum Spinnfischen</li>
<li>Zielfische: Barsch, Hecht, Zander</li>
<li>4 Dekore zur Auswahl</li>
<li>13 cm | 19,8 g</li>
</ul>",Köderdepot,sg-4-6-13,Jerkbait,"9013, Barschköder, Floating Wobbler, Gewichtsverlagerung, Hardbait, Hechtköder, Jerkbait, Minnow, Spinnfischen, Zanderköder, kategorie-koeder, zielfisch-hecht, zielfisch-zander, zielfisch-barsch",TRUE,Farbe,red-phantom-head,,,,,SF-SB-130-198-RP,20,shopify,20,deny,manual,9.99,,TRUE,TRUE,,https://cdn.shopify.com/s/files/1/1021/1239/5606/files/Aurora_Flash.png?v=1776495136,1,,FALSE,"Wobbler Fernläufer – 19,8 g / 13 cm | Köderdepot","Wobbler Fernläufer – 19,8 g / 13 cm. Für Hecht, Zander. Überzeugt beim Spinnfischen mit stabiler Laufeigenschaft.",https://cdn.shopify.com/s/files/1/1021/1239/5606/files/Red_Phantom_4629a367-a499-450f-b696-58e07fc4b31a.png?v=1776495136,g,active
koederdepot-fernlaeufer-13-cm,,,,,,,,,aurora-flash,,,,,SF-SB-130-198-AF,20,shopify,20,deny,manual,9.99,,TRUE,TRUE,,https://cdn.shopify.com/s/files/1/1021/1239/5606/files/Neon_Pulse.png?v=1776495136,2,,,,,https://cdn.shopify.com/s/files/1/1021/1239/5606/files/Aurora_Flash.png?v=1776495136,g,
koederdepot-fernlaeufer-13-cm,,,,,,,,,neon-pulse,,,,,SF-SB-130-198-NP,20,shopify,20,deny,manual,9.99,,TRUE,TRUE,,https://cdn.shopify.com/s/files/1/1021/1239/5606/files/Toxic_Haze.png?v=1776495136,3,,,,,https://cdn.shopify.com/s/files/1/1021/1239/5606/files/Neon_Pulse.png?v=1776495136,g,
koederdepot-fernlaeufer-13-cm,,,,,,,,,toxic-haze,,,,,SF-SB-130-198-TH,20,shopify,25,deny,manual,9.99,,TRUE,TRUE,,https://cdn.shopify.com/s/files/1/1021/1239/5606/files/Red_Phantom_4629a367-a499-450f-b696-58e07fc4b31a.png?v=1776495136,4,,,,,https://cdn.shopify.com/s/files/1/1021/1239/5606/files/Toxic_Haze.png?v=1776495136,g,
koederdepot-feingriff,Köderdepot Feingriff,"<p><em>Sicherer Griff für sauber gelöste Haken.</em></p><h2>Wenn der Haken fest im Maul sitzt</h2><p>Die Feingriff Lösezange ist für Situationen gemacht, in denen ein Haken am Zander oder Barsch kontrolliert gelöst werden muss. Ihr Edelstahlkörper gibt dem Werkzeug die nötige Stabilität für den direkten Griff am Hakenbogen. Gerade nach einem harten Biss am Gummifisch zählt ein ruhiger Zugriff: Die Zange fasst den Haken, ohne dass die Hand unnötig nah ans Maul gerät. So bleibt das Lösen auch dann kontrollierbar, wenn der Fisch im Kescher noch arbeitet.</p><p>Je nach gewählter Ausführung passt die Feingriff Lösezange zu unterschiedlichen Anforderungen am Wasser. Als Angelwerkzeug gehört sie in die Tasche für den schnellen Einsatz zwischen Köderwechsel und Drill. Der mitgelieferte PVC-Beutel schützt die Zange beim Transport vor losem Tackle und hält sie vom übrigen Zubehör getrennt. Edelstahl ist dabei eine passende Grundlage für ein Werkzeug, das regelmäßig mit nassen Händen, Haken und Fischkontakt zu tun hat. Für das schonende Hakenlösen bleibt die Zange stets griffbereit.</p><h3>Auf einen Blick</h3><ul>
<li>
<strong>Material:</strong> Edelstahl</li>
<li>
<strong>Verpackung:</strong> PVC-Beutel</li>
<li>
<strong>Zielfische:</strong> Zander, Barsch</li>
</ul><h3>Ausführungen im Überblick</h3><table><tbody>
<tr>
<td><strong>Ausführung</strong></td>
<td><strong>Preis</strong></td>
</tr>
<tr>
<td>14 cm</td>
<td>14,99 €</td>
</tr>
<tr>
<td>16 cm</td>
<td>15,99 €</td>
</tr>
</tbody></table><h3>Die Feingriff im Überblick</h3><ul>
<li>Edelstahlkonstruktion</li>
<li>Mehrere Ausführungen verfügbar</li>
<li>Kontrollierter Hakengriff</li>
<li>PVC-Beutel inklusive</li>
<li>Für nasse Hände geeignet</li>
<li>Zielfische: Zander, Barsch</li>
</ul>",Köderdepot,sg-4-6-5,Lösezangen,"Angel Werkzeug, Angelzange, Barsch Zubehör, Forceps, Forellen Zubehör, Hakenlöser, Lösezange, Tackle Zubehör, Zander Zubehör, zielfisch-zander, zielfisch-barsch, zielfisch-forelle",TRUE,Größe,14 cm,,,,,KD-AC-HF-140,31,shopify,100,deny,manual,12.99,,TRUE,TRUE,,https://cdn.shopify.com/s/files/1/1021/1239/5606/files/DesignohneTitel_73_1c8a57de-9c48-4fff-92ae-33cd1392619b.png?v=1784194768,1,,FALSE,Lösezange Feingriff – 14/16 cm | Köderdepot,"Lösezange Feingriff – 14/16 cm. Für Zander, Barsch. Erleichtert das schonende Abhaken tiefer sitzender Haken. Jetzt bei Köderdepot entdecken.",,g,active
koederdepot-feingriff,,,,,,,,,16 cm,,,,,KD-AC-HF-160,32,shopify,100,deny,manual,12.99,,TRUE,TRUE,,https://cdn.shopify.com/s/files/1/1021/1239/5606/files/DesignohneTitel_65_d5cf5c22-e44d-45f9-a5f9-29a5ecd7c877.png?v=1784194768,2,,,,,,g,
koederdepot-feingriff,,,,,,,,,,,,,,,,,,,,,,,,,https://cdn.shopify.com/s/files/1/1021/1239/5606/files/DesignohneTitel_66_093cd5d0-10b8-460e-b33a-c4c60ff54a00.png?v=1784194768,3,,,,,,,
koederdepot-feingriff,,,,,,,,,,,,,,,,,,,,,,,,,https://cdn.shopify.com/s/files/1/1021/1239/5606/files/DesignohneTitel_69_1bf2ad73-c4f6-4389-973c-72bb7745fc6b.png?v=1784194768,4,,,,,,,
koederdepot-kraftzange-28-cm,Köderdepot Kraftzange 28 cm,"<p><em>Sicherer Griff, wenn der Haken fest sitzt.</em></p><h2>Kontrolle am Raubfischmaul</h2><p>Die Kraftzange ist für Momente gedacht, in denen ein Haken im Raubfischmaul sicher gefasst werden muss. Ihr Körper aus Hochkarbonstahl gibt beim Greifen eine feste, direkte Rückmeldung und unterstützt kontrollierte Handgriffe am Wasser. Beim Lösen eines Köders nach dem Biss bleibt die Bewegung auf den Haken konzentriert, statt unruhig im Maul zu arbeiten. Das ist gerade bei Hecht und Zander wichtig, wenn der Köder dicht am Gebiss sitzt und jeder Griff sitzen soll.</p><p>Im PVC-Beutel lässt sich die Kraftzange getrennt vom übrigen Tackle verstauen, damit sie zwischen Köderboxen und weiterem Werkzeug schnell wiederzufinden ist. Das passt zu Tagen am Ufer, an denen der Hakenlöser nicht lose in der Tasche liegen soll. Der Werkstoff Hochkarbonstahl bestimmt die Zange ebenso wie ihren Zweck am Fisch: Haken greifen und den Köder kontrolliert aus dem Maul lösen. Nach dem Fang ist das eine ruhige Lösung für den Griff, bevor der Raubfisch zurückgesetzt wird.</p><h3>Auf einen Blick</h3><ul>
<li>
<strong>Gewicht:</strong> 350 g</li>
<li>
<strong>Material:</strong> Hochkarbonstahl</li>
<li>
<strong>Verpackung:</strong> PVC-Beutel</li>
<li>
<strong>Zielfische:</strong> Hecht, Zander</li>
</ul><h3>Die Kraftzange im Überblick</h3><ul>
<li>Aus Hochkarbonstahl</li>
<li>PVC-Beutel zur Aufbewahrung</li>
<li>Für festsitzende Haken</li>
<li>Kontrollierter Griff am Maul</li>
<li>Raubfischzubehör am Wasser</li>
<li>Zielfische: Hecht, Zander</li>
</ul>",Köderdepot,sg-4-6-5,Lösezangen,"Angelzange, Hakenlöser, Hechtzange, Lure Clamp, Lösezange, raubfisch zubehör, Tackle Zubehör, Zanderzange, zielfisch-hecht, zielfisch-zander",TRUE,Title,Default Title,,,,,KD-AC-SG-280-350,350,shopify,19,deny,manual,15.49,,TRUE,TRUE,,https://cdn.shopify.com/s/files/1/1021/1239/5606/files/DesignohneTitel_60_36ecd2d8-4e92-4666-879a-8c398d1fe230.png?v=1784194769,1,,FALSE,Lösezange Kraftzange – 28 cm | Köderdepot,"Lösezange Kraftzange – 28 cm. Für Hecht, Zander. Erleichtert das schonende Abhaken tiefer sitzender Haken. Jetzt bei Köderdepot entdecken.",,g,active
koederdepot-kraftzange-28-cm,,,,,,,,,,,,,,,,,,,,,,,,,https://cdn.shopify.com/s/files/1/1021/1239/5606/files/DesignohneTitel_61_9b66fefb-cc37-435f-8914-588d73d0f2d5.png?v=1784194770,2,,,,,,,
koederdepot-kraftzange-28-cm,,,,,,,,,,,,,,,,,,,,,,,,,https://cdn.shopify.com/s/files/1/1021/1239/5606/files/DesignohneTitel_62_f6988340-3584-40ce-b107-3b08aeefbe52.png?v=1784194769,3,,,,,,,
koederdepot-kraftzange-28-cm,,,,,,,,,,,,,,,,,,,,,,,,,https://cdn.shopify.com/s/files/1/1021/1239/5606/files/DesignohneTitel_63_4e63df23-0338-43f3-8412-d32ebfb0570a.png?v=1784194769,4,,,,,,,
koederdepot-uferleine,Köderdepot Uferleine,"<p><em>Unauffällige Schnur für feine Präsentationen im Süßwasser.</em></p><h2>Für Köder, die natürlich laufen sollen</h2><p>Die Uferleine ist eine monofile Angelschnur für das Spinnfischen, Posenangeln und Grundangeln auf Barsch und Forelle. Ihre transparente Ausführung passt zu klaren Bereichen, in denen Köder dicht am Ufer oder über hellem Grund laufen. Die kaffeefarbene Variante fügt sich dagegen in dunkleren Grund und gefärbtes Wasser ein. So lässt sich die Schnur nach dem Charakter des Gewässers wählen, ohne die Führung von Wobbler, Spinner oder Naturköder unnötig in den Vordergrund zu rücken.</p><p>Beim Posenangeln begleitet die Uferleine den Köder ruhig durch flache Buchten und entlang von Schilfkanten. Für das Grundangeln eignet sie sich dort, wo der Köder auf natürlichem Boden liegen soll und Barsch oder Forelle vorsichtig aufnehmen. Auch beim leichten Spinnfischen bleibt die Farbwahl ein praktischer Teil der Montage: Transparent für offene, klare Wasserflächen, kaffeefarben für Bereiche mit dunklem Untergrund. Die verschiedenen Ausführungen lassen Raum, die Schnur dem jeweiligen Angelplatz anzupassen.</p><h3>Auf einen Blick</h3><ul>
<li>
<strong>Länge:</strong> 100 m</li>
<li>
<strong>Durchmesser:</strong> 0,128 mm – 0,285 mm</li>
<li>
<strong>Zielfische:</strong> Barsch, Forelle</li>
</ul><h3>Ausführungen im Überblick</h3><table><tbody>
<tr>
<td><strong>Ausführung</strong></td>
<td><strong>Preis</strong></td>
</tr>
<tr>
<td>0,128 mm | 100 m</td>
<td>9,99 €</td>
</tr>
<tr>
<td>0,148 mm | 100 m</td>
<td>9,99 €</td>
</tr>
<tr>
<td>0,165 mm | 100 m</td>
<td>10,49 €</td>
</tr>
<tr>
<td>0,181 mm | 100 m</td>
<td>10,49 €</td>
</tr>
<tr>
<td>0,205 mm | 100 m</td>
<td>11,49 €</td>
</tr>
<tr>
<td>0,235 mm | 100 m</td>
<td>11,99 €</td>
</tr>
<tr>
<td>0,260 mm | 100 m</td>
<td>12,49 €</td>
</tr>
<tr>
<td>0,285 mm | 100 m</td>
<td>12,99 €</td>
</tr>
</tbody></table><h3>Technische Merkmale</h3><ul>
<li>
<strong>Lauflänge:</strong> 100 m</li>
<li>
<strong>Farbe:</strong> transparent und kaffeefarben</li>
</ul><h3>Die Uferleine im Überblick</h3><ul>
<li>Monofile Süßwasserschnur</li>
<li>Transparente Ausführung</li>
<li>Kaffeefarbene Ausführung</li>
<li>Für Posenmontagen</li>
<li>Für Grundmontagen</li>
<li>Für leichtes Spinnfischen</li>
<li>Zielfische: Barsch, Forelle</li>
</ul>",Köderdepot,sg-4-6-6,Monofyle Angelschnur,"Angelschnur 100m, Grundangeln, Monofile Schnur, NL-01, Nylon Angelschnur, Posenangeln, Spinnfischen, Süßwasser Schnur, Transparente Angelschnur",TRUE,Durchmesser | Länge,"0,128 mm | 100 m",,,,,KD-MO-CC-128-100,30,shopify,5,deny,manual,9.99,,TRUE,TRUE,,https://cdn.shopify.com/s/files/1/1021/1239/5606/files/Design_ohne_Titel_59_77c94d37-ce1d-46ee-9b5d-4a0a8a6c616c.png?v=1784194771,1,,FALSE,Angelschnur Uferleine – 100 m | Köderdepot,"Angelschnur Uferleine – 100 m. Für Barsch, Forelle. Bietet zuverlässige Verbindung zum Fisch. Jetzt bei Köderdepot entdecken.",https://cdn.shopify.com/s/files/1/1021/1239/5606/files/Design_ohne_Titel_59_77c94d37-ce1d-46ee-9b5d-4a0a8a6c616c.png?v=1784194771,g,active
koederdepot-uferleine,,,,,,,,,"0,148 mm | 100 m",,,,,KD-MO-CC-148-100,30,shopify,5,deny,manual,9.99,,TRUE,TRUE,,https://cdn.shopify.com/s/files/1/1021/1239/5606/files/Design_ohne_Titel_55_1f459d9c-0e89-4f28-bbbe-737a8455ffae.png?v=1784194771,2,,,,,https://cdn.shopify.com/s/files/1/1021/1239/5606/files/Design_ohne_Titel_55_1f459d9c-0e89-4f28-bbbe-737a8455ffae.png?v=1784194771,g,
koederdepot-uferleine,,,,,,,,,"0,165 mm | 100 m",,,,,KD-MO-CC-165-100,30,shopify,5,deny,manual,10.49,,TRUE,TRUE,,https://cdn.shopify.com/s/files/1/1021/1239/5606/files/Design_ohne_Titel_52_628c7ec4-3fe2-4e4e-80e4-f957e6835436.png?v=1784194771,3,,,,,https://cdn.shopify.com/s/files/1/1021/1239/5606/files/Design_ohne_Titel_52_628c7ec4-3fe2-4e4e-80e4-f957e6835436.png?v=1784194771,g,
koederdepot-uferleine,,,,,,,,,"0,181 mm | 100 m",,,,,KD-MO-CC-181-100,30,shopify,5,deny,manual,10.49,,TRUE,TRUE,,https://cdn.shopify.com/s/files/1/1021/1239/5606/files/Design_ohne_Titel_53_42efe837-0324-4119-bc06-efffb31a9232.png?v=1784194771,4,,,,,https://cdn.shopify.com/s/files/1/1021/1239/5606/files/Design_ohne_Titel_53_42efe837-0324-4119-bc06-efffb31a9232.png?v=1784194771,g,
koederdepot-uferleine,,,,,,,,,"0,205 mm | 100 m",,,,,KD-MO-CC-205-100,30,shopify,5,deny,manual,11.49,,TRUE,TRUE,,https://cdn.shopify.com/s/files/1/1021/1239/5606/files/Design_ohne_Titel_54_7f0fb13c-7493-4d0f-bfba-95a246cb6e9b.png?v=1784194771,5,,,,,https://cdn.shopify.com/s/files/1/1021/1239/5606/files/Design_ohne_Titel_54_7f0fb13c-7493-4d0f-bfba-95a246cb6e9b.png?v=1784194771,g,
koederdepot-uferleine,,,,,,,,,"0,235 mm | 100 m",,,,,KD-MO-CC-235-100,30,shopify,5,deny,manual,11.99,,TRUE,TRUE,,https://cdn.shopify.com/s/files/1/1021/1239/5606/files/Design_ohne_Titel_56_298ae2d2-55c8-4db6-a928-ae057c5020a5.png?v=1784194771,6,,,,,https://cdn.shopify.com/s/files/1/1021/1239/5606/files/Design_ohne_Titel_56_298ae2d2-55c8-4db6-a928-ae057c5020a5.png?v=1784194771,g,
koederdepot-uferleine,,,,,,,,,"0,260 mm | 100 m",,,,,KD-MO-CC-260-100,30,shopify,5,deny,manual,12.49,,TRUE,TRUE,,https://cdn.shopify.com/s/files/1/1021/1239/5606/files/Design_ohne_Titel_57_89b37ae1-48dd-4220-8149-ed1f147d04a1.png?v=1784194771,7,,,,,https://cdn.shopify.com/s/files/1/1021/1239/5606/files/Design_ohne_Titel_57_89b37ae1-48dd-4220-8149-ed1f147d04a1.png?v=1784194771,g,
koederdepot-uferleine,,,,,,,,,"0,285 mm | 100 m",,,,,KD-MO-CC-285-100,30,shopify,4,deny,manual,12.99,,TRUE,TRUE,,https://cdn.shopify.com/s/files/1/1021/1239/5606/files/Design_ohne_Titel_58_f4699c8f-3168-45c8-a213-581dd26e60ea.png?v=1784194771,8,,,,,https://cdn.shopify.com/s/files/1/1021/1239/5606/files/Design_ohne_Titel_58_f4699c8f-3168-45c8-a213-581dd26e60ea.png?v=1784194771,g,
koederdepot-gruenklinge,Köderdepot Grünklinge,"<p><em>Direkte Rückmeldung für Gummifisch und Jig.</em></p><h2>Wenn der Köderkontakt bis zur Hand soll</h2><p>Die Grünklinge ist eine achtfach geflochtene Schnur für das Spinnfischen auf Hecht und Zander. Ihre geringe Dehnung überträgt die Bewegung des Köders unmittelbar an die Rute und macht auch vorsichtige Anfasser besser spürbar. Beim Jiggen über harten Grund oder beim Führen eines Gummifischs an der Kante bleibt der Kontakt zur Montage erhalten. Die runde Flechtung läuft ruhig durch die Ringe und unterstützt weite Würfe, wenn das andere Ufer oder eine entfernte Struktur erreicht werden soll.</p><p>Das grasgrüne Geflecht passt zu Angelsituationen, in denen die Schnur über Krautfelder, an Schilfkanten oder entlang flacher Uferbereiche geführt wird. Mehrere Ausführungen erlauben eine Abstimmung auf Ködergewicht, Strömung und die erwartete Größe der Fische. Ein stärkerer Durchmesser bringt mehr Tragkraft für kräftige Fluchten, während eine feinere Ausführung sensible Köderführung begünstigt. Gerade beim Spinnfischen lässt sich so die Verbindung zwischen Rolle, Köder und Fisch passend zum jeweiligen Revier wählen.</p><h3>Auf einen Blick</h3><ul>
<li>
<strong>Länge:</strong> 150 m</li>
<li>
<strong>Durchmesser:</strong> 0,128 mm – 0,285 mm</li>
<li>
<strong>Tragkraft:</strong> 10,0 kg – 24,4 kg</li>
<li>
<strong>Zielfische:</strong> Hecht, Zander</li>
</ul><h3>Ausführungen im Überblick</h3><table><tbody>
<tr>
<td><strong>Durchmesser | Länge | Tragkraft</strong></td>
<td><strong>Preis</strong></td>
</tr>
<tr>
<td>0,128 mm | 150 m | 10,0 kg</td>
<td>14,99 €</td>
</tr>
<tr>
<td>0,148 mm | 150 m | 11,0 kg</td>
<td>14,99 €</td>
</tr>
<tr>
<td>0,165 mm | 150 m | 13,2 kg</td>
<td>15,49 €</td>
</tr>
<tr>
<td>0,181 mm | 150 m | 16,1 kg</td>
<td>15,99 €</td>
</tr>
<tr>
<td>0,205 mm | 150 m | 19,5 kg</td>
<td>15,99 €</td>
</tr>
<tr>
<td>0,235 mm | 150 m | 20,2 kg</td>
<td>16,49 €</td>
</tr>
<tr>
<td>0,260 mm | 150 m | 22,4 kg</td>
<td>16,99 €</td>
</tr>
<tr>
<td>0,285 mm | 150 m | 24,4 kg</td>
<td>16,99 €</td>
</tr>
</tbody></table><h3>Technische Merkmale</h3><ul>
<li>
<strong>Lauflänge:</strong> 150 m</li>
<li>
<strong>Farbe:</strong> grasgrün</li>
</ul><h3>Die Grünklinge im Überblick</h3><ul>
<li>Achtfach geflochtene PE-Schnur</li>
<li>Geringe Dehnung am Köder</li>
<li>Runder Lauf durch Ringe</li>
<li>Grasgrüne Schnurfarbe</li>
<li>Mehrere Ausführungen wählbar</li>
<li>Zielfische: Hecht, Zander</li>
</ul>",Köderdepot,sg-4-6-6,Geflochtene Schnur (8-fach),"150 m, 8-fach, Angelschnur, Geflochtene Schnur, Neongrün, PE Schnur, PE-01, Spinnfischen",TRUE,Durchmesser | Länge | Tragkraft,"0,128 mm | 150 m | 10,0 kg",,,,,KD-BR-SC-128-150,45,shopify,5,deny,manual,10.99,,TRUE,TRUE,,https://cdn.shopify.com/s/files/1/1021/1239/5606/files/DesignohneTitel_51_9041ce39-294b-4600-b069-86e55b70c0ce.png?v=1784194772,1,,FALSE,Angelschnur Grünklinge – 150 m | Köderdepot,"Angelschnur Grünklinge – 150 m. Für Hecht, Zander. Bietet zuverlässige Verbindung zum Fisch. Jetzt bei Köderdepot entdecken.",https://cdn.shopify.com/s/files/1/1021/1239/5606/files/DesignohneTitel_45_bf3ec8e0-3603-4459-a886-c58a5b0de71f.png?v=1784194772,g,active
koederdepot-gruenklinge,,,,,,,,,"0,148 mm | 150 m | 11,0 kg",,,,,KD-BR-SC-148-150,45,shopify,4,deny,manual,10.99,,TRUE,TRUE,,https://cdn.shopify.com/s/files/1/1021/1239/5606/files/DesignohneTitel_45_bf3ec8e0-3603-4459-a886-c58a5b0de71f.png?v=1784194772,2,,,,,https://cdn.shopify.com/s/files/1/1021/1239/5606/files/DesignohneTitel_43_b747dabe-7799-493e-86fb-c8b4eaf4484a.png?v=1784194772,g,
koederdepot-gruenklinge,,,,,,,,,"0,165 mm | 150 m | 13,2 kg",,,,,KD-BR-SC-165-150,45,shopify,5,deny,manual,11.36,,TRUE,TRUE,,https://cdn.shopify.com/s/files/1/1021/1239/5606/files/DesignohneTitel_43_b747dabe-7799-493e-86fb-c8b4eaf4484a.png?v=1784194772,3,,,,,https://cdn.shopify.com/s/files/1/1021/1239/5606/files/DesignohneTitel_48_b1c59b31-7255-4ef4-ab9b-a4b6fdddbe3c.png?v=1784194773,g,
koederdepot-gruenklinge,,,,,,,,,"0,181 mm | 150 m | 16,1 kg",,,,,KD-BR-SC-181-150,45,shopify,5,deny,manual,11.72,,TRUE,TRUE,,https://cdn.shopify.com/s/files/1/1021/1239/5606/files/DesignohneTitel_48_b1c59b31-7255-4ef4-ab9b-a4b6fdddbe3c.png?v=1784194773,4,,,,,https://cdn.shopify.com/s/files/1/1021/1239/5606/files/DesignohneTitel_47_01055377-c816-433c-a359-4262a5c7444d.png?v=1784194772,g,
koederdepot-gruenklinge,,,,,,,,,"0,205 mm | 150 m | 19,5 kg",,,,,KD-BR-SC-205-150,45,shopify,4,deny,manual,11.72,,TRUE,TRUE,,https://cdn.shopify.com/s/files/1/1021/1239/5606/files/DesignohneTitel_47_01055377-c816-433c-a359-4262a5c7444d.png?v=1784194772,5,,,,,https://cdn.shopify.com/s/files/1/1021/1239/5606/files/DesignohneTitel_49_91f15aaf-0d6d-4455-9aa5-adcd1620ff37.png?v=1784194772,g,
koederdepot-gruenklinge,,,,,,,,,"0,235 mm | 150 m | 20,2 kg",,,,,KD-BR-SC-235-150,45,shopify,4,deny,manual,12.09,,TRUE,TRUE,,https://cdn.shopify.com/s/files/1/1021/1239/5606/files/DesignohneTitel_49_91f15aaf-0d6d-4455-9aa5-adcd1620ff37.png?v=1784194772,6,,,,,https://cdn.shopify.com/s/files/1/1021/1239/5606/files/DesignohneTitel_46_4defec98-7ed2-4896-8356-b0e8c5a3acb3.png?v=1784194772,g,
koederdepot-gruenklinge,,,,,,,,,"0,260 mm | 150 m | 22,4 kg",,,,,KD-BR-SC-260-150,45,shopify,4,deny,manual,12.46,,TRUE,TRUE,,https://cdn.shopify.com/s/files/1/1021/1239/5606/files/DesignohneTitel_46_4defec98-7ed2-4896-8356-b0e8c5a3acb3.png?v=1784194772,7,,,,,https://cdn.shopify.com/s/files/1/1021/1239/5606/files/DesignohneTitel_44_25786114-b015-44bf-ad22-202589c3bf22.png?v=1784194772,g,
koederdepot-gruenklinge,,,,,,,,,"0,285 mm | 150 m | 24,4 kg",,,,,KD-BR-SC-285-150,45,shopify,4,deny,manual,12.46,,TRUE,TRUE,,https://cdn.shopify.com/s/files/1/1021/1239/5606/files/DesignohneTitel_44_25786114-b015-44bf-ad22-202589c3bf22.png?v=1784194772,8,,,,,https://cdn.shopify.com/s/files/1/1021/1239/5606/files/DesignohneTitel_50_e3d8265b-062f-46e5-9042-41a5f1dd25df.png?v=1784194772,g,
koederdepot-gruenklinge,,,,,,,,,,,,,,,,,,,,,,,,,https://cdn.shopify.com/s/files/1/1021/1239/5606/files/DesignohneTitel_50_e3d8265b-062f-46e5-9042-41a5f1dd25df.png?v=1784194772,9,,,,,,,
koederdepot-vorratsleine,Köderdepot Vorratsleine,"<p><em>Monofile Vorratsleine für wechselnde Einsätze am Wasser</em></p><h2>Unauffällige Schnur für Grund und Köderfischmontagen</h2><p>Die Vorratsleine ist eine monofile Angelschnur für Montagen, bei denen eine unauffällige Verbindung gefragt ist. Ihre transparente Ausführung passt zu klaren Bereichen, in denen die Schnur über Grund, Steine oder zwischen Wasserpflanzen verläuft. Die kaffeefarbene Variante fügt sich dagegen in dunklere Bodenbereiche ein. Als Vorratsleine eignet sie sich für Angler, die ihre Montagen am Ufer vorbereiten und beim Grundangeln auf eine Nylon Schnur zurückgreifen möchten.</p><p>Für die Auswahl stehen mehrere Ausführungen bereit, sodass sich die Schnur an unterschiedliche Montagen anpassen lässt. Beim Grundangeln kann sie für Vorfächer, Seitenarme oder als Hauptschnur eingesetzt werden, wenn eine monofile Schnur gewünscht ist. Ein Snap-Verbinder erleichtert den Wechsel zwischen verschiedenen Ködern, ohne die Montage neu zu knoten. Dabei sollte der Verbinder zur gewählten Schnurstärke und zum Gewicht des Köders passen, damit die Montage auch bei Belastung stimmig bleibt.</p><h3>Auf einen Blick</h3><ul>
<li>
<strong>Länge:</strong> 500 m</li>
<li>
<strong>Durchmesser:</strong> 0,128 mm – 0,285 mm</li>
</ul><h3>Ausführungen im Überblick</h3><table><tbody>
<tr>
<td><strong>Ausführung</strong></td>
<td><strong>Preis</strong></td>
</tr>
<tr>
<td>0,128 mm | 500 m</td>
<td>12,90 €</td>
</tr>
<tr>
<td>0,148 mm | 500 m</td>
<td>12,90 €</td>
</tr>
<tr>
<td>0,165 mm | 500 m</td>
<td>12,90 €</td>
</tr>
<tr>
<td>0,181 mm | 500 m</td>
<td>14,90 €</td>
</tr>
<tr>
<td>0,205 mm | 500 m</td>
<td>14,90 €</td>
</tr>
<tr>
<td>0,235 mm | 500 m</td>
<td>16,90 €</td>
</tr>
<tr>
<td>0,260 mm | 500 m</td>
<td>16,90 €</td>
</tr>
<tr>
<td>0,285 mm | 500 m</td>
<td>17,90 €</td>
</tr>
</tbody></table><h3>Technische Merkmale</h3><ul>
<li>
<strong>Lauflänge:</strong> 500 m</li>
<li>
<strong>Farbe:</strong> transparent und kaffeefarben</li>
</ul><h3>Die Vorratsleine im Überblick</h3><ul>
<li>Monofile Nylon-Ausführung</li>
<li>Transparente Farbvariante</li>
<li>Kaffeefarbene Farbvariante</li>
<li>Für Grundangelmontagen</li>
<li>Mehrere Ausführungen wählbar</li>
</ul>",Köderdepot,sg-4-6-6,Monofyle Angelschnur,"500m Schnur, Allround Schnur, Grundangeln, Monofile Angelschnur, NL-03, Nylon Schnur, Transparente Schnur",TRUE,Durchmesser | Länge,"0,128 mm | 500 m",,,,,KD-SN-CF-0128-500,75,shopify,5,deny,manual,10.99,,TRUE,TRUE,,https://cdn.shopify.com/s/files/1/1021/1239/5606/files/Design_ohne_Titel_37_34093b3f-9d52-402e-8c21-5ed7bd61240a.png?v=1784194774,1,,FALSE,Angelschnur Vorratsleine – 500 m | Köderdepot,Angelschnur Vorratsleine – 500 m. Für das Raubfischangeln. Bietet zuverlässige Verbindung zum Fisch. Jetzt bei Köderdepot entdecken.,https://cdn.shopify.com/s/files/1/1021/1239/5606/files/Design_ohne_Titel_37_34093b3f-9d52-402e-8c21-5ed7bd61240a.png?v=1784194774,g,active
koederdepot-vorratsleine,,,,,,,,,"0,148 mm | 500 m",,,,,KD-SN-CF-0148-500,75,shopify,5,deny,manual,10.99,,TRUE,TRUE,,https://cdn.shopify.com/s/files/1/1021/1239/5606/files/Design_ohne_Titel_39_dd776a88-dfec-4510-b3f3-7eb85a15cb56.png?v=1784194774,2,,,,,https://cdn.shopify.com/s/files/1/1021/1239/5606/files/Design_ohne_Titel_39_dd776a88-dfec-4510-b3f3-7eb85a15cb56.png?v=1784194774,g,
koederdepot-vorratsleine,,,,,,,,,"0,165 mm | 500 m",,,,,KD-SN-CF-0165-500,75,shopify,5,deny,manual,10.99,,TRUE,TRUE,,https://cdn.shopify.com/s/files/1/1021/1239/5606/files/Design_ohne_Titel_36_532e78d8-86dc-4c32-93b3-c419b77c9589.png?v=1784194774,3,,,,,https://cdn.shopify.com/s/files/1/1021/1239/5606/files/Design_ohne_Titel_36_532e78d8-86dc-4c32-93b3-c419b77c9589.png?v=1784194774,g,
koederdepot-vorratsleine,,,,,,,,,"0,181 mm | 500 m",,,,,KD-SN-CF-0181-500,75,shopify,5,deny,manual,12.69,,TRUE,TRUE,,https://cdn.shopify.com/s/files/1/1021/1239/5606/files/Design_ohne_Titel_35_e0500600-2810-4701-95d4-fa21a356ddaf.png?v=1784194775,4,,,,,https://cdn.shopify.com/s/files/1/1021/1239/5606/files/Design_ohne_Titel_35_e0500600-2810-4701-95d4-fa21a356ddaf.png?v=1784194775,g,
koederdepot-vorratsleine,,,,,,,,,"0,205 mm | 500 m",,,,,KD-SN-CF-0205-500,75,shopify,5,deny,manual,12.69,,TRUE,TRUE,,https://cdn.shopify.com/s/files/1/1021/1239/5606/files/Design_ohne_Titel_41_b45d669b-0bef-4fda-ad6a-9dcb7d738dd2.png?v=1784194774,5,,,,,https://cdn.shopify.com/s/files/1/1021/1239/5606/files/Design_ohne_Titel_41_b45d669b-0bef-4fda-ad6a-9dcb7d738dd2.png?v=1784194774,g,
koederdepot-vorratsleine,,,,,,,,,"0,235 mm | 500 m",,,,,KD-SN-CF-0235-500,75,shopify,5,deny,manual,14.40,,TRUE,TRUE,,https://cdn.shopify.com/s/files/1/1021/1239/5606/files/Design_ohne_Titel_38_5d496c6a-f450-4735-ba9a-c75fe55a9b7d.png?v=1784194774,6,,,,,https://cdn.shopify.com/s/files/1/1021/1239/5606/files/Design_ohne_Titel_38_5d496c6a-f450-4735-ba9a-c75fe55a9b7d.png?v=1784194774,g,
koederdepot-vorratsleine,,,,,,,,,"0,260 mm | 500 m",,,,,KD-SN-CF-0260-500,75,shopify,5,deny,manual,14.40,,TRUE,TRUE,,https://cdn.shopify.com/s/files/1/1021/1239/5606/files/Design_ohne_Titel_40_95321b48-06c7-449c-b35e-8ae690cdf05f.png?v=1784194774,7,,,,,https://cdn.shopify.com/s/files/1/1021/1239/5606/files/Design_ohne_Titel_40_95321b48-06c7-449c-b35e-8ae690cdf05f.png?v=1784194774,g,
koederdepot-vorratsleine,,,,,,,,,"0,285 mm | 500 m",,,,,KD-SN-CF-0285-500,75,shopify,5,deny,manual,15.25,,TRUE,TRUE,,https://cdn.shopify.com/s/files/1/1021/1239/5606/files/Design_ohne_Titel_42_345ab4df-8082-489b-886a-c0e570496f0b.png?v=1784194774,8,,,,,https://cdn.shopify.com/s/files/1/1021/1239/5606/files/Design_ohne_Titel_42_345ab4df-8082-489b-886a-c0e570496f0b.png?v=1784194774,g,
koederdepot-silberleine,Köderdepot Silberleine,"<p><em>Direkter Kontakt zwischen Köder und Hand</em></p><h2>Silberne Geflochtene für klare Rückmeldung</h2><p>Die Silberleine ist eine geflochtene Schnur für das Spinnfischen, wenn Köderbewegungen und Bisse ohne spürbare Verzögerung ankommen sollen. Ihre geringe Dehnung hält den Kontakt beim Jiggen, Faulenzen und beim Führen von Hardbaits unmittelbar. Gerade an Windtagen oder auf Distanz bleibt besser nachvollziehbar, was unter Wasser passiert: ob der Köder Grund berührt, über Kraut läuft oder ein Fisch nur kurz anstupst. Die silberne Farbe bleibt dabei auf der Rolle gut erkennbar.</p><p>Als Ausführung mit mehreren Einzelfasern richtet sich diese PE Schnur an Angler, die eine robuste Geflochtene für den regelmäßigen Einsatz suchen. Die Großspule passt besonders dann, wenn mehrere Rollen bespult werden oder vor dem Saisonstart frische Schnur auf die Spinnrollen soll. Unterschiedliche Ausführungen erlauben es, die Schnurstärke an Ködergewicht, Strömung und das jeweilige Revier anzupassen. Beim Anhieb überträgt die Schnur den Impuls direkt, was beim Angeln auf Entfernung spürbar ist.</p><h3>Auf einen Blick</h3><ul>
<li>
<strong>Länge:</strong> 500 m</li>
<li>
<strong>Durchmesser:</strong> 0,128 mm – 0,285 mm</li>
</ul><h3>Ausführungen im Überblick</h3><table><tbody>
<tr>
<td><strong>Durchmesser | Länge</strong></td>
<td><strong>Preis</strong></td>
</tr>
<tr>
<td>0,128 mm | 500 m</td>
<td>19,90 €</td>
</tr>
<tr>
<td>0,148 mm | 500 m</td>
<td>19,90 €</td>
</tr>
<tr>
<td>0,165 mm | 500 m</td>
<td>19,90 €</td>
</tr>
<tr>
<td>0,205 mm | 500 m</td>
<td>21,90 €</td>
</tr>
<tr>
<td>0,235 mm | 500 m</td>
<td>21,90 €</td>
</tr>
<tr>
<td>0,260 mm | 500 m</td>
<td>23,90 €</td>
</tr>
<tr>
<td>0,285 mm | 500 m</td>
<td>23,90 €</td>
</tr>
</tbody></table><h3>Technische Merkmale</h3><ul>
<li>
<strong>Lauflänge:</strong> 500 m</li>
<li>
<strong>Farbe:</strong> silber</li>
</ul><h3>Die Silberleine im Überblick</h3><ul>
<li>Geflochtene PE Schnur</li>
<li>Silberne Schnurfarbe</li>
<li>Direkte Bissübertragung</li>
<li>Für das Spinnfischen</li>
<li>Mehrere Ausführungen verfügbar</li>
</ul>",Köderdepot,sg-4-6-6,Geflochtene Schnur (4-fach),"4X Braide, 500m Schnur, Geflochtene Schnur, Großspule, PE Schnur, PE-02, Schnur, Spinnfischen",TRUE,Durchmesser | Länge,"0,128 mm | 500 m",,,,,KD-SN-BC-0128-500,70,shopify,4,deny,manual,19.90,,TRUE,TRUE,,https://cdn.shopify.com/s/files/1/1021/1239/5606/files/Design_ohne_Titel_31_1c514d73-2f5b-48c1-a9ea-82468a9ae6e6.png?v=1784194775,1,,FALSE,Angelschnur Silberleine – 500 m | Köderdepot,Angelschnur Silberleine – 500 m. Für das Raubfischangeln. Bietet zuverlässige Verbindung zum Fisch. Jetzt bei Köderdepot entdecken.,https://cdn.shopify.com/s/files/1/1021/1239/5606/files/Design_ohne_Titel_31_1c514d73-2f5b-48c1-a9ea-82468a9ae6e6.png?v=1784194775,g,active
koederdepot-silberleine,,,,,,,,,"0,148 mm | 500 m",,,,,KD-SN-BC-0148-500,70,shopify,5,deny,manual,19.90,,TRUE,TRUE,,https://cdn.shopify.com/s/files/1/1021/1239/5606/files/Design_ohne_Titel_28_197139ae-64a8-4503-a7bf-ba889383f1f8.png?v=1784194775,2,,,,,https://cdn.shopify.com/s/files/1/1021/1239/5606/files/Design_ohne_Titel_28_197139ae-64a8-4503-a7bf-ba889383f1f8.png?v=1784194775,g,
koederdepot-silberleine,,,,,,,,,"0,165 mm | 500 m",,,,,KD-SN-BC-0165-500,70,shopify,5,deny,manual,19.90,,TRUE,TRUE,,https://cdn.shopify.com/s/files/1/1021/1239/5606/files/Design_ohne_Titel_30_c06da95d-8dd5-4aad-a44b-12d9b2bf68ee.png?v=1784194775,3,,,,,https://cdn.shopify.com/s/files/1/1021/1239/5606/files/Design_ohne_Titel_30_c06da95d-8dd5-4aad-a44b-12d9b2bf68ee.png?v=1784194775,g,
koederdepot-silberleine,,,,,,,,,"0,205 mm | 500 m",,,,,KD-SN-BC-0205-500,70,shopify,5,deny,manual,21.90,,TRUE,TRUE,,https://cdn.shopify.com/s/files/1/1021/1239/5606/files/Design_ohne_Titel_33_84a38438-66e1-49b8-a136-babc5a57eb88.png?v=1784194775,4,,,,,https://cdn.shopify.com/s/files/1/1021/1239/5606/files/Design_ohne_Titel_33_84a38438-66e1-49b8-a136-babc5a57eb88.png?v=1784194775,g,
koederdepot-silberleine,,,,,,,,,"0,235 mm | 500 m",,,,,KD-SN-BC-0235-500,70,shopify,5,deny,manual,21.90,,TRUE,TRUE,,https://cdn.shopify.com/s/files/1/1021/1239/5606/files/Design_ohne_Titel_34_201dae54-449c-4c34-aa06-be64a0a8ff69.png?v=1784194775,5,,,,,https://cdn.shopify.com/s/files/1/1021/1239/5606/files/Design_ohne_Titel_34_201dae54-449c-4c34-aa06-be64a0a8ff69.png?v=1784194775,g,
koederdepot-silberleine,,,,,,,,,"0,260 mm | 500 m",,,,,KD-SN-BC-0260-500,70,shopify,5,deny,manual,23.90,,TRUE,TRUE,,https://cdn.shopify.com/s/files/1/1021/1239/5606/files/Design_ohne_Titel_29_f761a884-78c3-4f2f-9a66-6901bf354aef.png?v=1784194775,6,,,,,https://cdn.shopify.com/s/files/1/1021/1239/5606/files/Design_ohne_Titel_29_f761a884-78c3-4f2f-9a66-6901bf354aef.png?v=1784194775,g,
koederdepot-silberleine,,,,,,,,,"0,285 mm | 500 m",,,,,KD-SN-BC-0285-500,70,shopify,4,deny,manual,23.90,,TRUE,TRUE,,https://cdn.shopify.com/s/files/1/1021/1239/5606/files/Design_ohne_Titel_32_5a7712dc-cd61-408e-ac53-9dc45e1a94d3.png?v=1784194775,7,,,,,https://cdn.shopify.com/s/files/1/1021/1239/5606/files/Design_ohne_Titel_32_5a7712dc-cd61-408e-ac53-9dc45e1a94d3.png?v=1784194775,g,
koederdepot-stromjaeger-12000,Köderdepot Stromjäger 12000,"<p><em>Kraftvolle Stationärrolle für weite Grundmontagen.</em></p><h2>Für weite Montagen und harte Fluchten</h2><p>Die Stromjäger ist eine Stationärrolle für das Distanzangeln auf Wels und Karpfen. Ihr spielfreies No-Gap-Design hält die Kraftübertragung beim Grundangeln direkt, wenn schwere Montagen lange liegen und der Biss erst aus der Entfernung kommt. Das Metallgetriebe und die Messingspindel tragen den gleichmäßigen Zug beim Einholen, während die Übersetzung die Rolle auf ruhige Kraftarbeit im Drill ausrichtet. Beim Nachgeben des Fisches arbeitet das Bremsbelagsystem mit Metall-Bremsalarm nachvollziehbar und hörbar an der Rute.</p><p>Für das Distanzangeln vom Ufer bringt die leichte Metallspule die passende Grundlage, während die verchromte Schnurführung die Schnur beim Auswerfen und Einholen sauber leitet. Metallrahmen und Metall-Schwingarm geben dem Aufbau eine feste Basis, wenn die Rolle auf einer Grundrute dauerhaft unter Zug steht. Der EVA-Griff liegt beim Einholen sicher in der Hand und unterstützt eine kontrollierte Kurbelbewegung. Die SUS-Kugellager sorgen für einen leichten Lauf, damit sich die Montage über weite Distanz ohne hektische Bewegungen zurückholen lässt.</p><h3>Auf einen Blick</h3><ul>
<li>
<strong>Bauform:</strong> Stationärrolle</li>
<li>
<strong>Größe:</strong> 12000</li>
<li>
<strong>Übersetzung:</strong> 5,2:1 bzw. 4,7:1</li>
<li>
<strong>Bremskraft:</strong> 8 kg</li>
<li>
<strong>Kugellager:</strong> 5+1 SUS-Kugellager</li>
<li>
<strong>Besonderheit:</strong> Spielfreies No-Gap-Design</li>
<li>
<strong>Zielfische:</strong> Wels, Karpfen</li>
</ul><h3>Technische Merkmale</h3><ul>
<li>
<strong>Bremse:</strong> Bremsbelagsystem mit Metall-Bremsalarm</li>
<li>
<strong>Aufbau:</strong> Leichte Metallspule, Metall-Schwingarm, EVA-Griff, verchromter Schnurführung, Metallrahmen, Metallgetriebe, Messingspindel</li>
</ul><h3>Die Stromjäger im Überblick</h3><ul>
<li>Spielfreies No-Gap-Design</li>
<li>Metallgetriebe mit Messingspindel</li>
<li>Leichte Metallspule</li>
<li>Bremsalarm aus Metall</li>
<li>EVA-Griff für sicheren Halt</li>
<li>Zielfische: Wels, Karpfen</li>
<li>Stationärrolle für Kunstköder</li>
</ul>",Köderdepot,sg-4-6-9,Stationärrollen,"Angelrolle, Angelrolle 12000, Angelzubehör, Distanzangeln, FW-GL, Grundangeln, Long Cast Rolle, Stationärrolle",TRUE,Title,Default Title,,,,,KD-RL-DR-12000-BG,650,shopify,40,deny,manual,59.49,,TRUE,TRUE,,https://cdn.shopify.com/s/files/1/1021/1239/5606/files/DesignohneTitel_24_080869ac-907c-4829-8b06-eb0455268932.png?v=1784194776,1,,FALSE,Stationärrolle Stromjäger – Größe 12000 | Köderdepot,Stationärrolle Stromjäger – Größe 12000. Für das Raubfischangeln. Sorgt für eine saubere Schnurführung. Jetzt bei Köderdepot entdecken.,,g,active
koederdepot-stromjaeger-12000,,,,,,,,,,,,,,,,,,,,,,,,,https://cdn.shopify.com/s/files/1/1021/1239/5606/files/DesignohneTitel_23_0384ae6c-92e0-463e-bd31-80494c8c04a8.png?v=1784194776,2,,,,,,,
koederdepot-stromjaeger-12000,,,,,,,,,,,,,,,,,,,,,,,,,https://cdn.shopify.com/s/files/1/1021/1239/5606/files/DesignohneTitel_26_9818742f-2318-4f7d-a3cc-90821733e5cd.png?v=1784194776,3,,,,,,,
koederdepot-stromjaeger-12000,,,,,,,,,,,,,,,,,,,,,,,,,https://cdn.shopify.com/s/files/1/1021/1239/5606/files/DesignohneTitel_25_56d7496c-1939-49df-9f14-c95dc9b4d99e.png?v=1784194776,4,,,,,,,
koederdepot-stromjaeger-12000,,,,,,,,,,,,,,,,,,,,,,,,,https://cdn.shopify.com/s/files/1/1021/1239/5606/files/DesignohneTitel_27_d032a44f-23fa-4f4a-875d-14a964b6fc36.png?v=1784194776,5,,,,,,,
koederdepot-stromjaeger-5800,Köderdepot Stromjäger 5800,"<p><em>Direkte Kraftübertragung für Köderführung und Drill.</em></p><h2>Eine Rolle, die den Kontakt zum Köder hält</h2><p>Die Stromjäger ist eine Stationärrolle für das Spinnfischen auf Hecht und Zander, wenn Köderführung und Drill kontrolliert bleiben sollen. Ihre unterschiedliche Übersetzung lässt Raum für eine kraftbetonte oder zügigere Einholweise, je nachdem, wie der Köder am Spot arbeiten muss. Das spielfreie No-Gap-Design hält die Verbindung im Getriebe direkt, sodass beim Anjiggen und beim Kontakt am Grund keine schwammige Rückmeldung zwischen Kurbel und Schnur entsteht. Gerade an Kanten bleibt die Rolle nah an der Führung.</p><p>Im Drill arbeitet das Bremsbelagsystem mit Metall-Bremsalarm und macht den abziehenden Fisch über die Bremse hörbar. Die leichte Metallspule, der Metall-Schwingarm und der Metallrahmen bilden einen belastbaren Aufbau für die Raubfischangelei. Im Inneren greifen Metallgetriebe und Messingspindel ineinander, während der verchromte Schnurführung die Schnur beim Einholen führt. Der EVA-Griff liegt dabei griffig in der Hand, wenn der Köder über längere Strecken geführt oder im Strom gegen den Zug gekurbelt wird.</p><h3>Auf einen Blick</h3><ul>
<li>
<strong>Bauform:</strong> Stationärrolle</li>
<li>
<strong>Größe:</strong> 5800</li>
<li>
<strong>Übersetzung:</strong> 5,2:1 bzw. 4,7:1</li>
<li>
<strong>Bremskraft:</strong> 8 kg</li>
<li>
<strong>Kugellager:</strong> 5+1 SUS-Kugellager</li>
<li>
<strong>Besonderheit:</strong> Spielfreies No-Gap-Design</li>
<li>
<strong>Zielfische:</strong> Hecht, Zander</li>
</ul><h3>Technische Merkmale</h3><ul>
<li>
<strong>Bremse:</strong> Bremsbelagsystem mit Metall-Bremsalarm</li>
<li>
<strong>Aufbau:</strong> Leichte Metallspule, Metall-Schwingarm, EVA-Griff, verchromter Schnurführung, Metallrahmen, Metallgetriebe, Messingspindel</li>
</ul><h3>Die Stromjäger im Überblick</h3><ul>
<li>Spielfreies No-Gap-Design</li>
<li>Bremsalarm aus Metall</li>
<li>Leichte Metallspule</li>
<li>Metallgetriebe mit Messingspindel</li>
<li>EVA-Griff mit Halt</li>
<li>Verchromter Schnurführung</li>
<li>Zielfische: Hecht, Zander</li>
<li>Stationärrolle für Kunstköder</li>
</ul>",Köderdepot,sg-4-6-9,Stationärrollen,"Allround Rolle, Angelrolle, Angelrolle 5800, Angelzubehör, Frontbremse Rolle, FW-GL, Long Cast Rolle, Raubfischrolle, Spinnfischen, Spinnrolle, Stationärrolle",TRUE,Title,Default Title,,,,,KD-RL-AC-5800-BG,400,shopify,40,deny,manual,54.49,,TRUE,TRUE,,https://cdn.shopify.com/s/files/1/1021/1239/5606/files/DesignohneTitel_19_3795134c-4b28-4c5c-9643-bd8b4c554121.png?v=1784194777,1,,FALSE,Stationärrolle Stromjäger – Größe 5800 | Köderdepot,"Stationärrolle Stromjäger – Größe 5800. Für Hecht, Zander. Sorgt für eine saubere Schnurführung. Jetzt bei Köderdepot entdecken.",,g,active
koederdepot-stromjaeger-5800,,,,,,,,,,,,,,,,,,,,,,,,,https://cdn.shopify.com/s/files/1/1021/1239/5606/files/DesignohneTitel_18_341c3b39-5ec7-45f3-a82a-787ea8371235.png?v=1784194777,2,,,,,,,
koederdepot-stromjaeger-5800,,,,,,,,,,,,,,,,,,,,,,,,,https://cdn.shopify.com/s/files/1/1021/1239/5606/files/DesignohneTitel_20_92532a73-40de-4508-8c76-e79e37878281.png?v=1784194777,3,,,,,,,
koederdepot-stromjaeger-5800,,,,,,,,,,,,,,,,,,,,,,,,,https://cdn.shopify.com/s/files/1/1021/1239/5606/files/DesignohneTitel_22_99baf97b-dc50-40f6-b135-b0f2b4309eeb.png?v=1784194777,4,,,,,,,
koederdepot-stromjaeger-5800,,,,,,,,,,,,,,,,,,,,,,,,,https://cdn.shopify.com/s/files/1/1021/1239/5606/files/DesignohneTitel_21_4b1d2f70-0438-4dc1-be21-a411a423332e.png?v=1784194777,5,,,,,,,
koederdepot-uferrolle-1500,Köderdepot Uferrolle 1500,"<p><em>Präzise Köderführung für das Spinnfischen am Ufer.</em></p><h2>Direkter Kontakt beim Jiggen und Einkurbeln</h2><p>Die Uferrolle begleitet das leichte Spinnfischen auf Zander und Barsch, wenn Köder nah am Ufer präzise über den Grund laufen sollen. Ihre No-Gap-Konstruktion reduziert Spiel in der Kraftübertragung und vermittelt beim Anjiggen sowie beim Anheben einen klaren Kontakt zur Montage. Das Getriebe aus Metall arbeitet mit einer Spindel aus Messing und schafft eine tragfähige Grundlage für den Einsatz. So lässt sich der Köder zügig aufnehmen, ohne dass die Führung beim gezielten Spinnfischen an Kontrolle verliert.</p><p>Als Stationärrolle wird sie unter der Rute geführt und verbindet einen leichten Aufbau mit belastbaren Komponenten. Die Spule besteht aus Metall, ebenso der Schwingarm, während der Rahmen aus Nylon gefertigt ist. Eine verchromte Führung unterstützt den geordneten Lauf der Schnur. Stahlkugellager tragen zu einem ruhigen Kurbelgefühl bei. Im Drill bremst das Belagsystem Fluchten kontrolliert ab; ein Alarm aus Metall meldet hörbar abziehende Schnur. Der Griff mit Gummiüberzug bietet dabei sicheren Halt.</p><h3>Auf einen Blick</h3><ul>
<li>
<strong>Bauform:</strong> Stationärrolle</li>
<li>
<strong>Größe:</strong> 1500</li>
<li>
<strong>Übersetzung:</strong> 5,2:1</li>
<li>
<strong>Bremskraft:</strong> 8 kg</li>
<li>
<strong>Kugellager:</strong> 4+1 Stahl-Kugellager</li>
<li>
<strong>Besonderheit:</strong> Spielfreies No-Gap-Design</li>
<li>
<strong>Zielfische:</strong> Zander, Barsch</li>
</ul><h3>Technische Merkmale</h3><ul>
<li>
<strong>Bremse:</strong> Bremsbelagsystem mit Metall-Bremsalarm</li>
<li>
<strong>Aufbau:</strong> Leichte Metallspule, Metall-Schwingarm, Gummigriff, verchromte Schnurführung, Nylonrahmen, Metallgetriebe, Messingspindel</li>
</ul><h3>Die Uferrolle im Überblick</h3><ul>
<li>No-Gap-Konstruktion ohne Spiel</li>
<li>Spule aus leichtem Metall</li>
<li>Metallgetriebe mit Messingspindel</li>
<li>Chromierte Schnurführung</li>
<li>Hörbarer Metallalarm</li>
<li>Gummierter Kurbelgriff</li>
<li>Zielfische: Zander, Barsch</li>
<li>Stationärrolle für Kunstköder</li>
</ul>",Köderdepot,sg-4-6-9,Stationärrollen,"Angelrolle, Leichtes Spinnfischen, Spinning Reel, Spinnrolle, ST1500, Stationärrolle",TRUE,Title,Default Title,,,,,RL-ST-1500-CG,200,shopify,40,deny,manual,42.49,,TRUE,TRUE,,https://cdn.shopify.com/s/files/1/1021/1239/5606/files/DesignohneTitel_36_d85f3078-a7ea-417a-820e-36063016a7ee.png?v=1784194778,1,,FALSE,Stationärrolle Uferrolle – Größe 1500 | Köderdepot,"Stationärrolle Uferrolle – Größe 1500. Für Zander, Barsch. Sorgt für eine saubere Schnurführung. Jetzt bei Köderdepot entdecken.",,g,active
koederdepot-uferrolle-1500,,,,,,,,,,,,,,,,,,,,,,,,,https://cdn.shopify.com/s/files/1/1021/1239/5606/files/DesignohneTitel_35_a9e2486f-192e-43b8-b0e7-9b09f249a384.png?v=1784194778,2,,,,,,,
koederdepot-uferrolle-1500,,,,,,,,,,,,,,,,,,,,,,,,,https://cdn.shopify.com/s/files/1/1021/1239/5606/files/DesignohneTitel_34_5da3c18d-9b82-4845-8ad3-c8a2a4e3dbfc.png?v=1784194778,3,,,,,,,
koederdepot-uferrolle-1500,,,,,,,,,,,,,,,,,,,,,,,,,https://cdn.shopify.com/s/files/1/1021/1239/5606/files/DesignohneTitel_32_396a8ee5-a7dd-41b2-bfbb-dfa54fd59a75.png?v=1784194778,4,,,,,,,
koederdepot-uferrolle-1500,,,,,,,,,,,,,,,,,,,,,,,,,https://cdn.shopify.com/s/files/1/1021/1239/5606/files/DesignohneTitel_33_1321ec2f-39b6-4d97-97a0-2211b080a916.png?v=1784194778,5,,,,,,,
koederdepot-kompaktcaster,Köderdepot Kompaktcaster,"<p><em>Kompakte Baitcaster für zügige Köderführung und kontrollierte Würfe.</em></p><h2>Wurfbremse und Spulenwahl für wechselnde Ködergewichte</h2><p>Die Kompaktcaster verbindet eine kompakte Low-Profile-Bauform mit einem zügigen Schnureinzug für Führungen, bei denen der Köder ohne Pause wieder auf Tiefe gebracht werden soll. Auf der Baitcastrute liegt ihr Gummigriff sicher in der Hand, wenn Jigs, Spinnerbaits oder Hardbaits kontrolliert an Kanten entlanglaufen. Die kombinierte Magnet- und Fliehkraftbremse begleitet den Wurf und hilft dabei, die Spule an Köder und Wurfrhythmus anzupassen. Das gibt beim Anbremsen vor dem Ziel Sicherheit, ohne den Ablauf am Wasser unnötig kompliziert zu machen.</p><p>Für unterschiedlich schwere Köder stehen eine flache und eine tiefe Spule zur Wahl. Die flache Auslegung passt zu leichteren Montagen, während die tiefe Spule Reserven für kräftigere Schnur und schwerere Köder schafft. Die eingesetzte Spule besteht ebenso wie Hauptachse und Schwingarm aus Aluminium; Gehäuse und Seitendeckel sind aus hochfestem Graphit gefertigt. Im Drill lässt sich die Bremse auf den Zug des Fisches einstellen, während die Stahl-Kugellager den Kurbelweg sauber begleiten. So bleibt die Rolle beim Werfen, Führen und kontrollierten Druckaufbau stimmig.</p><h3>Auf einen Blick</h3><ul>
<li>
<strong>Bauform:</strong> Baitcaster-Rolle</li>
<li>
<strong>Übersetzung:</strong> 7,2:1</li>
<li>
<strong>Bremskraft:</strong> 5 kg</li>
<li>
<strong>Kugellager:</strong> 3+1 Stahl-Kugellager</li>
<li>
<strong>Gewicht:</strong> 232 g (flache Spule), 234 g (tiefe Spule)</li>
<li>
<strong>Besonderheit:</strong> Flache und tiefe Spule zur Wahl</li>
</ul><h3>Ausführungen im Überblick</h3><table><tbody>
<tr>
<td><strong>Ausführung</strong></td>
<td><strong>Preis</strong></td>
</tr>
<tr>
<td>Kurbel links</td>
<td>74,99 €</td>
</tr>
<tr>
<td>Kurbel rechts</td>
<td>74,99 €</td>
</tr>
</tbody></table><h3>Technische Merkmale</h3><ul>
<li>
<strong>Bremse:</strong> Magnet- und Fliehkraftbremse</li>
<li>
<strong>Aufbau:</strong> Gehäuse und Seitendeckel aus hochfestem Graphit, Hauptachse und Schwingarm aus 7075-Aluminium, Gummigriff, Spule aus 7075-Aluminium</li>
</ul><h3>Die Kompaktcaster im Überblick</h3><ul>
<li>Kombinierte Magnet- und Fliehkraftbremse</li>
<li>Flache oder tiefe Spule</li>
<li>Graphitgehäuse mit Seitendeckeln</li>
<li>Aluminiumachse und Schwingarm</li>
<li>Sicherer Gummigriff</li>
<li>Stahl-Kugellager im Getriebe</li>
<li>Baitcaster-Rolle für Kunstköder</li>
</ul>",Köderdepot,sg-4-6-9,Baitcaster Rollen,"Baitcaster, Baitcaster Reel, Baitcaster Rolle, Castingrolle, Dual Brake System, Low Profile Reel, Magnetic Brake, Spinnrolle Baitcaster",TRUE,Auslegung,Kurbel links,,,,,KD-RL-IC-150-CP-1,225,shopify,39,deny,manual,49.49,,TRUE,TRUE,,https://cdn.shopify.com/s/files/1/1021/1239/5606/files/DesignohneTitel_31_336059f7-3439-4389-bff0-4e0e09f35715.png?v=1784194779,1,,FALSE,Baitcaster-Rolle Kompaktcaster | Köderdepot,Baitcaster-Rolle Kompaktcaster. Für das Raubfischangeln. Ermöglicht kontrollierte Würfe im Spinnfischen. Jetzt bei Köderdepot entdecken.,,g,active
koederdepot-kompaktcaster,,,,,,,,,Kurbel rechts,,,,,KD-RL-IC-150-CP-2,225,shopify,10,deny,manual,49.49,,TRUE,TRUE,,https://cdn.shopify.com/s/files/1/1021/1239/5606/files/DesignohneTitel_30_0c588a51-7be1-4923-8b47-3425fe261bfd.png?v=1784194779,2,,,,,,g,
koederdepot-kompaktcaster,,,,,,,,,,,,,,,,,,,,,,,,,https://cdn.shopify.com/s/files/1/1021/1239/5606/files/DesignohneTitel_29_b27d7eb1-31f2-4697-a3e2-b4cd3d05e6b1.png?v=1784194779,3,,,,,,,
koederdepot-kraftwerfer-150,Köderdepot Kraftwerfer 150,"<p><em>Schneller Einzug für aktive Köderführung am Kantenverlauf.</em></p><h2>Kontrolle beim Wurf, Tempo in der Führung</h2><p>Die Kraftwerfer ist eine Baitcaster-Rolle für die schnelle Köderführung auf Hecht und Zander. Ihre hohe Übersetzung passt zu Führungsstilen, bei denen Gummifisch, Chatterbait oder Spinnerbait nach dem Anjiggen zügig wieder auf Tiefe gebracht werden sollen. Das Magnetbremssystem unterstützt kontrollierte Würfe und hilft, die Spule beim Beschleunigen des Köders ruhig zu halten. Auf der Rute sitzt die Low-Profile-Bauform nah an der Hand, wenn über Kanten geworfen und der Köderkontakt direkt verfolgt wird.</p><p>Gehäuse und Seitendeckel bestehen aus hochfestem Graphit, während Hauptachse, Schwingarm und Spule aus Aluminium gefertigt sind. Die Spule ist in flacher oder tiefer Auslegung erhältlich und lässt sich damit an unterschiedliche Ködergewichte und Schnurstärken anpassen. Die Bremse baut im Drill den nötigen Widerstand auf, wenn ein Fisch nach dem Biss in Kraut, Holz oder Richtung tieferes Wasser zieht. Für die Handhabung stehen Ausführungen für Rechts- und Linkshand bereit.</p><h3>Auf einen Blick</h3><ul>
<li>
<strong>Bauform:</strong> Baitcaster-Rolle</li>
<li>
<strong>Größe:</strong> 150</li>
<li>
<strong>Übersetzung:</strong> 7,3:1</li>
<li>
<strong>Bremskraft:</strong> 10 kg</li>
<li>
<strong>Kugellager:</strong> 6+1 (2 NMB- und 5 SUS-Kugellager)</li>
<li>
<strong>Gewicht:</strong> 197 g</li>
<li>
<strong>Besonderheit:</strong> Für Rechts- und Linkshand erhältlich</li>
<li>
<strong>Zielfische:</strong> Hecht, Zander</li>
</ul><h3>Ausführungen im Überblick</h3><table><tbody>
<tr>
<td><strong>Ausführung</strong></td>
<td><strong>Preis</strong></td>
</tr>
<tr>
<td>Kurbel links</td>
<td>119,99 €</td>
</tr>
<tr>
<td>Kurbel rechts</td>
<td>119,99 €</td>
</tr>
</tbody></table><h3>Technische Merkmale</h3><ul>
<li>
<strong>Bremse:</strong> Magnetbremssystem</li>
<li>
<strong>Aufbau:</strong> Gehäuse und Seitendeckel aus hochfestem Graphit, Hauptachse und Schwingarm aus 7075-Aluminium, Spule aus 7075-Aluminium (flach und tief)</li>
</ul><h3>Die Kraftwerfer im Überblick</h3><ul>
<li>Hohe Übersetzung</li>
<li>Magnetbremse für Wurfkontrolle</li>
<li>Graphitgehäuse mit Seitendeckeln</li>
<li>Aluminiumspule in verschiedener Auslegung</li>
<li>Rechts- und Linkshand verfügbar</li>
<li>Zielfische: Hecht, Zander</li>
<li>Baitcaster-Rolle für Kunstköder</li>
</ul>",Köderdepot,sg-4-6-9,Baitcaster Rollen,"Angelrolle, Baitcaster, Baitcasterrolle, Baitcasting Rolle, Low Profile Reel, Magnetbremse, Raubfischrolle, Spinnrolle Baitcaster",TRUE,Auslegung,Kurbel links,,,,,,200,shopify,39,deny,manual,89.49,,TRUE,TRUE,,https://cdn.shopify.com/s/files/1/1021/1239/5606/files/DesignohneTitel_24_98944d32-eaf6-4431-b88f-c84f89556031.png?v=1784194780,1,,FALSE,Baitcaster-Rolle Kraftwerfer – Größe 150 | Köderdepot,"Baitcaster-Rolle Kraftwerfer – Größe 150. Für Hecht, Zander. Ermöglicht kontrollierte Würfe im Spinnfischen. Jetzt bei Köderdepot entdecken.",,g,active
koederdepot-kraftwerfer-150,,,,,,,,,Kurbel rechts,,,,,,200,shopify,10,deny,manual,89.49,,TRUE,TRUE,,https://cdn.shopify.com/s/files/1/1021/1239/5606/files/DesignohneTitel_25_b59edfd1-3aca-4f53-9126-75e3671a9544.png?v=1784194780,2,,,,,,g,
koederdepot-kraftwerfer-150,,,,,,,,,,,,,,,,,,,,,,,,,https://cdn.shopify.com/s/files/1/1021/1239/5606/files/DesignohneTitel_27_5fa593bf-0dd7-4353-8373-e3a85257e8cf.png?v=1784194780,3,,,,,,,
koederdepot-kraftwerfer-150,,,,,,,,,,,,,,,,,,,,,,,,,https://cdn.shopify.com/s/files/1/1021/1239/5606/files/DesignohneTitel_26_2d2ff619-01a0-4be2-b082-78e46b7ffa5c.png?v=1784194780,4,,,,,,,
koederdepot-allroundcaster,Köderdepot Allroundcaster,"<p><em>Kontrollierte Würfe, direkter Kontakt am Köder.</em></p><h2>Spulenwahl trifft auf kontrollierte Würfe</h2><p>Die Allroundcaster liegt flach auf der Baitcastrute und hält beim Werfen von Gummifischen oder Hardbaits den Kontakt zur Spule direkt. Ihre Übersetzung passt zu Führungen, bei denen der Köder nach dem Anjiggen zügig wieder auf Tiefe kommt. An Steinpackungen und entlang der Kante lassen sich Würfe kurz und gezielt setzen. Im Drill mit Hecht und Zander gibt die Carbonfaserbremse kontrolliert Druck frei, während die Rolle beim Einkurbeln ruhig in der Hand bleibt.</p><p>Für die Auslegung der Allroundcaster stehen eine mittlere und eine flache Aluminiumspule bereit. Die Wahl verändert die Schnurlage auf der Rolle und ermöglicht eine Abstimmung auf die verwendete Schnur und Köderführung. Die Magnetbremse lässt sich auf die Wurfbewegung einstellen und kontrolliert die Spule beim Beschleunigen. Gehäuse und Seitendeckel aus hochfestem Nylon treffen auf Hauptachse und Schwingarm aus Aluminium. Getrieberäder aus Kupferlegierung sowie Kugellager aus SUS und Stahl sorgen für einen gleichmäßigen Lauf am Wasser.</p><h3>Auf einen Blick</h3><ul>
<li>
<strong>Bauform:</strong> Baitcaster-Rolle</li>
<li>
<strong>Übersetzung:</strong> 6,3:1</li>
<li>
<strong>Bremskraft:</strong> 5 kg</li>
<li>
<strong>Kugellager:</strong> 6+1 (2 japanische SUS- und 4 Stahl-Kugellager)</li>
<li>
<strong>Gewicht:</strong> 183 g (mittlere Spule), 194 g (flache Spule)</li>
<li>
<strong>Besonderheit:</strong> Mittlere und flache Spule zur Wahl</li>
<li>
<strong>Zielfische:</strong> Hecht, Zander</li>
</ul><h3>Ausführungen im Überblick</h3><table><tbody>
<tr>
<td><strong>Ausführung</strong></td>
<td><strong>Preis</strong></td>
</tr>
<tr>
<td>Kurbel links</td>
<td>69,99 €</td>
</tr>
<tr>
<td>Kurbel rechts</td>
<td>69,99 €</td>
</tr>
</tbody></table><h3>Technische Merkmale</h3><ul>
<li>
<strong>Bremse:</strong> Carbonfaser-Bremssystem, Magnetbremse mit 10 Stufen</li>
<li>
<strong>Aufbau:</strong> Gehäuse und Seitendeckel aus hochfestem Nylon, Hauptachse und Schwingarm aus 7075-Aluminium, Haupt- und Ritzelrad aus Kupferlegierung, Spule aus 7075-Aluminium</li>
<li>
<strong>Schnurfassung:</strong> PE 0,26 mm/210 m, 0,28 mm/180 m, 0,30 mm/140 m</li>
</ul><h3>Die Allroundcaster im Überblick</h3><ul>
<li>Mittlere oder flache Spule</li>
<li>Carbonfaserbremse für Drilldruck</li>
<li>Einstellbare Magnetbremse</li>
<li>Nylongehäuse mit Seitendeckeln</li>
<li>Kupferlegierung im Getriebe</li>
<li>Kugellager aus SUS und Stahl</li>
<li>Zielfische: Hecht, Zander</li>
<li>Baitcaster-Rolle für Kunstköder</li>
</ul>",Köderdepot,sg-4-6-9,Baitcaster Rollen,"Angelrolle Casting, Baitcast Reel, Baitcaster Rolle, Barsch Rolle, Casting Reel, DW-CA01, Hecht Rolle, Köderdepot Rolle, Low Profile Baitcaster, Magnetbremse Rolle, Raubfischrolle, Spinnrolle Baitcaster, Zander Rolle, zielfisch-hecht, zielfisch-zander, zielfisch-barsch",TRUE,Auslegung,Kurbel links,,,,,KD-RL-PC-BC-2,208,shopify,40,deny,manual,59.49,,TRUE,TRUE,,https://cdn.shopify.com/s/files/1/1021/1239/5606/files/Design_ohne_Titel_20_19218a48-69aa-4722-a4a6-d696a82ce653.png?v=1784194781,1,,FALSE,Baitcaster-Rolle Allroundcaster | Köderdepot,"Baitcaster-Rolle Allroundcaster. Für Hecht, Zander. Ermöglicht kontrollierte Würfe im Spinnfischen. Jetzt bei Köderdepot entdecken.",,g,active
koederdepot-allroundcaster,,,,,,,,,Kurbel rechts,,,,,KD-RL-PC-BC-1,208,shopify,10,deny,manual,59.49,,TRUE,TRUE,,https://cdn.shopify.com/s/files/1/1021/1239/5606/files/Design_ohne_Titel_19_7335f199-7209-43f6-bc9c-d70286afeec4.png?v=1784194781,2,,,,,,g,
koederdepot-allroundcaster,,,,,,,,,,,,,,,,,,,,,,,,,https://cdn.shopify.com/s/files/1/1021/1239/5606/files/DesignohneTitel_23_5a035a55-fc90-4107-9450-3733e4c6795d.png?v=1784194781,3,,,,,,,
koederdepot-stromjaeger-2800,Köderdepot Stromjäger 2800,"<p><em>Direkter Lauf für Köder an Strömungskanten.</em></p><h2>Kraftübertragung, wenn der Köder Druck bekommt</h2><p>Die Stromjäger ist als Stationärrolle für Spinnköder gebaut, die am Fluss gegen Druck geführt werden und trotzdem kontrolliert zurückkommen sollen. Ihr spielfreies No-Gap-Design hält die Kraftübertragung beim Ankurbeln unmittelbar, wenn ein Gummifisch an der Strömungskante langsam über Grund läuft. Das Metallgetriebe und die Messingspindel geben dem Kurbeln einen belastbaren Charakter. Für Hecht und Zander bleiben Reserven im System, wenn der Biss dicht an Holz, Steinpackung oder Kante kommt.</p><p>Die leichte Metallspule passt zu einer Auslegung, bei der die Rolle den ganzen Angeltag sauber in der Hand liegen soll. Metallrahmen und Metall-Schwingarm bilden den tragenden Aufbau, während der EVA-Griff auch mit nassen Fingern einen sicheren Kurbelkontakt bietet. Der verchromte Schnurführer begleitet die Schnur beim Einholen gleichmäßig. SUS-Kugellager unterstützen einen ruhigen Lauf. Das Bremsbelagsystem mit Metall-Bremsalarm macht spürbar, wann im Drill kontrolliert Schnur abgegeben wird.</p><h3>Auf einen Blick</h3><ul>
<li>
<strong>Bauform:</strong> Stationärrolle</li>
<li>
<strong>Größe:</strong> 2800</li>
<li>
<strong>Übersetzung:</strong> 5,2:1 bzw. 4,7:1</li>
<li>
<strong>Bremskraft:</strong> 8 kg</li>
<li>
<strong>Kugellager:</strong> 5+1 SUS-Kugellager</li>
<li>
<strong>Besonderheit:</strong> Spielfreies No-Gap-Design</li>
<li>
<strong>Zielfische:</strong> Hecht, Zander</li>
</ul><h3>Technische Merkmale</h3><ul>
<li>
<strong>Bremse:</strong> Bremsbelagsystem mit Metall-Bremsalarm</li>
<li>
<strong>Aufbau:</strong> Leichte Metallspule, Metall-Schwingarm, EVA-Griff, verchromter Schnurführung, Metallrahmen, Metallgetriebe, Messingspindel</li>
</ul><h3>Die Stromjäger im Überblick</h3><ul>
<li>Spielfreies No-Gap-Design</li>
<li>Leichte Metallspule</li>
<li>Metallgetriebe mit Messingspindel</li>
<li>EVA-Griff für sicheren Halt</li>
<li>Metall-Bremsalarm im Drill</li>
<li>Zielfische: Hecht, Zander</li>
<li>Stationärrolle für Kunstköder</li>
</ul>",Köderdepot,sg-4-6-9,Stationärrollen,"5+1 Kugellager, Allround Rolle, Angelrolle, Angelrolle 2800 Größe, Barschangeln, Forellenangeln, Frontbremse, FW-GL, Hechtangeln, Leichtlaufrolle, Long Cast Rolle, Metallspule, Raubfischrolle, Spinnfischen, Spinning Reel, Spinnrolle, Stationärrolle, Zanderangeln, zielfisch-hecht, zielfisch-zander, zielfisch-barsch, zielfisch-forelle",TRUE,Title,Default Title,,,,,KD-RL-VS-2800-BG,300,shopify,39,deny,manual,46.49,,TRUE,TRUE,,https://cdn.shopify.com/s/files/1/1021/1239/5606/files/DesignohneTitel_64_5c76fb62-ca04-4d6b-8822-ce8fa7b786d9.png?v=1784194782,1,,FALSE,Stationärrolle Stromjäger – Größe 2800 | Köderdepot,"Stationärrolle Stromjäger – Größe 2800. Für Hecht, Zander. Sorgt für eine saubere Schnurführung. Jetzt bei Köderdepot entdecken.",,g,active
koederdepot-stromjaeger-2800,,,,,,,,,,,,,,,,,,,,,,,,,https://cdn.shopify.com/s/files/1/1021/1239/5606/files/DesignohneTitel_63_2d1efc12-efe9-4de6-bec6-b2e7355758bb.png?v=1784194783,2,,,,,,,
koederdepot-stromjaeger-2800,,,,,,,,,,,,,,,,,,,,,,,,,https://cdn.shopify.com/s/files/1/1021/1239/5606/files/DesignohneTitel_61_5dd4f22b-835d-42c5-a799-4975228319ae.png?v=1784194783,3,,,,,,,
koederdepot-stromjaeger-2800,,,,,,,,,,,,,,,,,,,,,,,,,https://cdn.shopify.com/s/files/1/1021/1239/5606/files/DesignohneTitel_62_0ca77499-a4d6-454e-a545-4a245c611185.png?v=1784194782,4,,,,,,,
koederdepot-uferrolle-2500,Köderdepot Uferrolle 2500,"<p><em>Leicht gebaut, direkt am Köder.</em></p><h2>Kontrollierte Führung für aktive Räuber</h2><p>Die Uferrolle begleitet das Spinnfischen auf Zander und Barsch mit leichtem Lauf und zügiger Schnuraufnahme. Sie eignet sich für Gummifische an Kanten ebenso wie für Wobbler an befestigten Ufern. Die No-Gap-Konstruktion minimiert Spiel im Antrieb und vermittelt beim Anjiggen direkten Kontakt zum Köder. Stahlkugellager, Metallgetriebe und Messingspindel unterstützen einen gleichmäßigen, belastbaren Lauf. Die Übersetzung passt zu einer aktiven Köderpräsentation und hält die Führung beim Spinnfischen kontrollierbar.</p><p>Als Stationärrolle sitzt sie unter der Spinnrute und liegt beim Fischen vom Ufer ausgewogen in der Hand. Die leichte Metallspule und die verchromte Schnurführung fördern ein ordentliches Schnurbild beim Auswerfen von Kunstködern. Im Drill lässt sich die Frontbremse über das Bremsbelagsystem kontrolliert nutzen, während der metallene Alarm ablaufende Schnur hörbar meldet. Schwingarm aus Metall, Gummigriff und Rahmen aus Nylon verbinden angenehme Bedienung mit einer auf Leichtigkeit ausgelegten Konstruktion beim Einsatz am Wasser.</p><h3>Auf einen Blick</h3><ul>
<li>
<strong>Bauform:</strong> Stationärrolle</li>
<li>
<strong>Größe:</strong> 2500</li>
<li>
<strong>Übersetzung:</strong> 5,2:1</li>
<li>
<strong>Bremskraft:</strong> 8 kg</li>
<li>
<strong>Kugellager:</strong> 4+1 Stahl-Kugellager</li>
<li>
<strong>Besonderheit:</strong> Spielfreies No-Gap-Design</li>
<li>
<strong>Zielfische:</strong> Zander, Barsch</li>
</ul><h3>Technische Merkmale</h3><ul>
<li>
<strong>Bremse:</strong> Bremsbelagsystem mit Metall-Bremsalarm</li>
<li>
<strong>Aufbau:</strong> Leichte Metallspule, Metall-Schwingarm, Gummigriff, verchromte Schnurführung, Nylonrahmen, Metallgetriebe, Messingspindel</li>
</ul><h3>Die Uferrolle im Überblick</h3><ul>
<li>No-Gap-Konstruktion ohne Spiel</li>
<li>Metallspule in Leichtbauweise</li>
<li>Getriebe aus Metall und Messing</li>
<li>Chromierte Schnurführung</li>
<li>Metallalarm bei Schnurabzug</li>
<li>Gummigriff an der Kurbel</li>
<li>Zielfische: Zander, Barsch</li>
<li>Stationärrolle für Kunstköder</li>
</ul>",Köderdepot,sg-4-6-9,Stationärrollen,"Allround Rolle, Angelrolle, Barschangeln, Forellenangeln, Frontbremse, GN-ST, Kunstköderangeln, Leichte Spinnrolle, Raubfischrolle, Spinnfischen, Spinnrolle, Stationärrolle, Zanderangeln, zielfisch-zander, zielfisch-barsch, zielfisch-forelle",TRUE,Title,Default Title,,,,,KD-RL-CD-2500-RCG,270,shopify,39,deny,manual,42.49,,TRUE,TRUE,,https://cdn.shopify.com/s/files/1/1021/1239/5606/files/DesignohneTitel_65_4c29a9fc-6040-4a5b-891f-4ccd369577a3.png?v=1784194783,1,,FALSE,Stationärrolle Uferrolle – Größe 2500 | Köderdepot,"Stationärrolle Uferrolle – Größe 2500. Für Zander, Barsch. Sorgt für eine saubere Schnurführung. Jetzt bei Köderdepot entdecken.",,g,active
koederdepot-uferrolle-2500,,,,,,,,,,,,,,,,,,,,,,,,,https://cdn.shopify.com/s/files/1/1021/1239/5606/files/DesignohneTitel_59_80edf1ec-29a0-4f5d-bc34-1043977c719a.png?v=1784194783,2,,,,,,,
koederdepot-uferrolle-2500,,,,,,,,,,,,,,,,,,,,,,,,,https://cdn.shopify.com/s/files/1/1021/1239/5606/files/DesignohneTitel_66_e0fdc7fe-ef32-4e5b-a63d-63e14b6b0d88.png?v=1784194784,3,,,,,,,
koederdepot-uferrolle-2500,,,,,,,,,,,,,,,,,,,,,,,,,https://cdn.shopify.com/s/files/1/1021/1239/5606/files/DesignohneTitel_60_96f8a0d6-a896-465b-aee8-cc5dd8e8e786.png?v=1784194783,4,,,,,,,
koederdepot-uferrolle-2500,,,,,,,,,,,,,,,,,,,,,,,,,https://cdn.shopify.com/s/files/1/1021/1239/5606/files/DesignohneTitel_33_34b9716a-eb8f-4c84-b940-53cce02cb1df.png?v=1784194783,5,,,,,,,
koederdepot-jigblitz,Köderdepot Jigblitz,"<p><em>Der klassische Rundkopf für Führung dicht am Grund.</em></p><h2>Jigblitz bringt Gummiköder kontrolliert in die Tiefe</h2><p>Der Jigblitz ist ein Rundkopf für Gummiköder, wenn die Führung am Gewässerboden entscheidet. Beim Jiggen hebt der Köder sauber vom Grund ab und fällt kontrolliert zurück, beim Faulenzen bleibt der Kontakt zur Struktur erhalten. Auch beim Schleifen über harte Kanten, Kies oder flache Plateaus lässt sich die Bewegung des Köders direkt über die Rute verfolgen. Die verschiedenen Ausführungen erlauben eine Anpassung an flaches Wasser, tiefere Bereiche und spürbare Strömung.</p><p>Für Hecht, Zander und Barsch deckt der Jigblitz die klassische Präsentation mit Gummiködern ab. Die Rundkopfform passt besonders zu Situationen, in denen ein Köder gerade laufen und bei jeder Bewegung berechenbar reagieren soll. Unterschiedliche Farben erleichtern die Abstimmung auf Köder und Wasserbild, ohne das Erscheinungsbild unnötig unruhig zu machen. Geliefert werden die Jigköpfe im PVC-Beutel, der sich im Rucksack oder in der Zubehörbox sauber verstauen lässt.</p><h3>Auf einen Blick</h3><ul>
<li>
<strong>Form:</strong> Rundkopf</li>
<li>
<strong>Gewichte:</strong> 1,75 g – 14 g</li>
<li>
<strong>Verpackung:</strong> PVC-Beutel, 10 Stück (bis 5 g) bzw. 5 Stück (ab 7 g) je Beutel</li>
<li>
<strong>Zielfische:</strong> Hecht, Zander, Barsch</li>
</ul><h3>Ausführungen im Überblick</h3><table><tbody>
<tr>
<td><strong>Ausführung</strong></td>
<td><strong>Preis ab</strong></td>
</tr>
<tr>
<td>1,75 g</td>
<td>5,49 €</td>
</tr>
<tr>
<td>3,5 g</td>
<td>6,29 €</td>
</tr>
<tr>
<td>5 g</td>
<td>6,99 €</td>
</tr>
<tr>
<td>7 g</td>
<td>7,79 €</td>
</tr>
<tr>
<td>10 g</td>
<td>8,39 €</td>
</tr>
<tr>
<td>14 g</td>
<td>8,99 €</td>
</tr>
</tbody></table><p>Erhältlich in 6 Farben je Ausführung.</p><h3>Technische Merkmale</h3><ul><li>
<strong>Farbauswahl:</strong> 6 Farben</li></ul><h3>Der Jigblitz im Überblick</h3><ul>
<li>Klassische Rundkopfform</li>
<li>Für Gummiköder geeignet</li>
<li>Kontrollierte Grundführung</li>
<li>Verschiedene Farben verfügbar</li>
<li>PVC-Beutel zur Aufbewahrung</li>
<li>Zielfische: Hecht, Zander, Barsch</li>
</ul>",Köderdepot,sg-4-6-13,Jigköpfe,"Ball Head, Barschangeln, FH-01, Gummiköder Zubehör, JigCore, Jigkopf, Rundkopf Jig, Zanderangeln, zielfisch-zander, zielfisch-barsch",TRUE,Gewicht | Menge,14 g | 5 St.,Farbe,signal-red,,,JC-BS-1400-05-SR,70,shopify,21,deny,manual,8.99,,TRUE,TRUE,,https://cdn.shopify.com/s/files/1/1021/1239/5606/files/Signal_Red.png?v=1776495159,1,,FALSE,"Jigkopf Jigblitz – 1,75–14,0 g | Köderdepot","Jigkopf Jigblitz – 1,75–14,0 g. Für Gummifisch. Sitzt sauber im Gummiköder und führt ihn stabil. Jetzt bei Köderdepot entdecken.",https://cdn.shopify.com/s/files/1/1021/1239/5606/files/Signal_Red.png?v=1776495159,g,active
koederdepot-jigblitz,,,,,,,,,14 g | 5 St.,,hot-pink,,,JC-BS-1400-05-HP,70,shopify,19,deny,manual,8.99,,TRUE,TRUE,,https://cdn.shopify.com/s/files/1/1021/1239/5606/files/Hot_Pink.png?v=1776495159,2,,,,,https://cdn.shopify.com/s/files/1/1021/1239/5606/files/Hot_Pink.png?v=1776495159,g,
koederdepot-jigblitz,,,,,,,,,14 g | 5 St.,,predator-green,,,JC-BS-1400-05-PG,70,shopify,20,deny,manual,8.99,,TRUE,TRUE,,https://cdn.shopify.com/s/files/1/1021/1239/5606/files/Predator_Green.png?v=1776495159,3,,,,,https://cdn.shopify.com/s/files/1/1021/1239/5606/files/Predator_Green.png?v=1776495159,g,
koederdepot-jigblitz,,,,,,,,,14 g | 5 St.,,lime-attack,,,JC-BS-1400-05-LA,70,shopify,20,deny,manual,8.99,,TRUE,TRUE,,https://cdn.shopify.com/s/files/1/1021/1239/5606/files/Lime_Attack.png?v=1776495159,4,,,,,https://cdn.shopify.com/s/files/1/1021/1239/5606/files/Lime_Attack.png?v=1776495159,g,
koederdepot-jigblitz,,,,,,,,,14 g | 5 St.,,stealth-black,,,JC-BS-1400-05-SB,70,shopify,20,deny,manual,8.99,,TRUE,TRUE,,https://cdn.shopify.com/s/files/1/1021/1239/5606/files/Stealth_Black.png?v=1776495159,5,,,,,https://cdn.shopify.com/s/files/1/1021/1239/5606/files/Stealth_Black.png?v=1776495159,g,
koederdepot-jigblitz,,,,,,,,,10 g | 5 St.,,signal-red,,,JC-BS-1000-05-SR,50,shopify,20,deny,manual,8.39,,TRUE,TRUE,,https://cdn.shopify.com/s/files/1/1021/1239/5606/files/White_Predator.png?v=1776495159,6,,,,,https://cdn.shopify.com/s/files/1/1021/1239/5606/files/Signal_Red.png?v=1776495159,g,
koederdepot-jigblitz,,,,,,,,,10 g | 5 St.,,hot-pink,,,JC-BS-1000-05-HP,50,shopify,20,deny,manual,8.39,,TRUE,TRUE,,,,,,,,https://cdn.shopify.com/s/files/1/1021/1239/5606/files/Hot_Pink.png?v=1776495159,g,
koederdepot-jigblitz,,,,,,,,,10 g | 5 St.,,predator-green,,,JC-BS-1000-05-PG,50,shopify,20,deny,manual,8.39,,TRUE,TRUE,,,,,,,,https://cdn.shopify.com/s/files/1/1021/1239/5606/files/Predator_Green.png?v=1776495159,g,
koederdepot-jigblitz,,,,,,,,,10 g | 5 St.,,lime-attack,,,JC-BS-1000-05-LA,50,shopify,20,deny,manual,8.39,,TRUE,TRUE,,,,,,,,https://cdn.shopify.com/s/files/1/1021/1239/5606/files/Lime_Attack.png?v=1776495159,g,
koederdepot-jigblitz,,,,,,,,,10 g | 5 St.,,stealth-black,,,JC-BS-1000-05-SB,50,shopify,20,deny,manual,8.39,,TRUE,TRUE,,,,,,,,https://cdn.shopify.com/s/files/1/1021/1239/5606/files/Stealth_Black.png?v=1776495159,g,
koederdepot-jigblitz,,,,,,,,,7 g | 5 St.,,hot-pink,,,JC-BS-0700-05-HP,35,shopify,20,deny,manual,7.79,,TRUE,TRUE,,,,,,,,https://cdn.shopify.com/s/files/1/1021/1239/5606/files/Hot_Pink.png?v=1776495159,g,
koederdepot-jigblitz,,,,,,,,,7 g | 5 St.,,predator-green,,,JC-BS-0700-05-PG,35,shopify,20,deny,manual,7.79,,TRUE,TRUE,,,,,,,,https://cdn.shopify.com/s/files/1/1021/1239/5606/files/Predator_Green.png?v=1776495159,g,
koederdepot-jigblitz,,,,,,,,,7 g | 5 St.,,lime-attack,,,JC-BS-0700-05-LA,35,shopify,20,deny,manual,7.79,,TRUE,TRUE,,,,,,,,https://cdn.shopify.com/s/files/1/1021/1239/5606/files/Lime_Attack.png?v=1776495159,g,
koederdepot-jigblitz,,,,,,,,,7 g | 5 St.,,stealth-black,,,JC-BS-0700-05-SB,35,shopify,20,deny,manual,7.79,,TRUE,TRUE,,,,,,,,https://cdn.shopify.com/s/files/1/1021/1239/5606/files/Stealth_Black.png?v=1776495159,g,
koederdepot-jigblitz,,,,,,,,,7 g | 5 St.,,white-predator,,,JC-BS-0700-05-WP,35,shopify,20,deny,manual,8.99,,TRUE,TRUE,,,,,,,,https://cdn.shopify.com/s/files/1/1021/1239/5606/files/White_Predator.png?v=1776495159,g,
koederdepot-jigblitz,,,,,,,,,5 g | 10 St.,,signal-red,,,JC-BS-0500-10-SR,50,shopify,20,deny,manual,6.99,,TRUE,TRUE,,,,,,,,https://cdn.shopify.com/s/files/1/1021/1239/5606/files/Signal_Red.png?v=1776495159,g,
koederdepot-jigblitz,,,,,,,,,5 g | 10 St.,,hot-pink,,,JC-BS-0500-10-HP,50,shopify,20,deny,manual,6.99,,TRUE,TRUE,,,,,,,,https://cdn.shopify.com/s/files/1/1021/1239/5606/files/Hot_Pink.png?v=1776495159,g,
koederdepot-jigblitz,,,,,,,,,5 g | 10 St.,,predator-green,,,JC-BS-0500-10-PG,50,shopify,20,deny,manual,6.99,,TRUE,TRUE,,,,,,,,https://cdn.shopify.com/s/files/1/1021/1239/5606/files/Predator_Green.png?v=1776495159,g,
koederdepot-jigblitz,,,,,,,,,5 g | 10 St.,,stealth-black,,,JC-BS-0500-10-SB,50,shopify,20,deny,manual,6.99,,TRUE,TRUE,,,,,,,,https://cdn.shopify.com/s/files/1/1021/1239/5606/files/Stealth_Black.png?v=1776495159,g,
koederdepot-jigblitz,,,,,,,,,5 g | 10 St.,,white-predator,,,JC-BS-0500-10-WP,50,shopify,20,deny,manual,8.99,,TRUE,TRUE,,,,,,,,https://cdn.shopify.com/s/files/1/1021/1239/5606/files/White_Predator.png?v=1776495159,g,
koederdepot-jigblitz,,,,,,,,,3.5 g | 10 St.,,hot-pink,,,JC-BS-0350-10-HP,35,shopify,20,deny,manual,6.29,,TRUE,TRUE,,,,,,,,https://cdn.shopify.com/s/files/1/1021/1239/5606/files/Hot_Pink.png?v=1776495159,g,
koederdepot-jigblitz,,,,,,,,,3.5 g | 10 St.,,predator-green,,,JC-BS-0350-10-PG,35,shopify,20,deny,manual,6.29,,TRUE,TRUE,,,,,,,,https://cdn.shopify.com/s/files/1/1021/1239/5606/files/Predator_Green.png?v=1776495159,g,
koederdepot-jigblitz,,,,,,,,,3.5 g | 10 St.,,lime-attack,,,JC-BS-0350-10-LA,35,shopify,20,deny,manual,6.29,,TRUE,TRUE,,,,,,,,https://cdn.shopify.com/s/files/1/1021/1239/5606/files/Lime_Attack.png?v=1776495159,g,
koederdepot-jigblitz,,,,,,,,,3.5 g | 10 St.,,stealth-black,,,JC-BS-0350-10-SB,35,shopify,20,deny,manual,6.29,,TRUE,TRUE,,,,,,,,https://cdn.shopify.com/s/files/1/1021/1239/5606/files/Stealth_Black.png?v=1776495159,g,
koederdepot-jigblitz,,,,,,,,,3.5 g | 10 St.,,white-predator,,,JC-BS-0350-10-WP,35,shopify,20,deny,manual,8.99,,TRUE,TRUE,,,,,,,,https://cdn.shopify.com/s/files/1/1021/1239/5606/files/White_Predator.png?v=1776495159,g,
koederdepot-jigblitz,,,,,,,,,1.75 g | 10 St.,,signal-red,,,JC-BS-0175-10-SR,18,shopify,20,deny,manual,8.99,,TRUE,TRUE,,,,,,,,https://cdn.shopify.com/s/files/1/1021/1239/5606/files/Signal_Red.png?v=1776495159,g,
koederdepot-jigblitz,,,,,,,,,1.75 g | 10 St.,,hot-pink,,,JC-BS-0175-10-HP,18,shopify,20,deny,manual,5.49,,TRUE,TRUE,,,,,,,,https://cdn.shopify.com/s/files/1/1021/1239/5606/files/Hot_Pink.png?v=1776495159,g,
koederdepot-jigblitz,,,,,,,,,1.75 g | 10 St.,,predator-green,,,JC-BS-0175-10-PG,18,shopify,20,deny,manual,5.49,,TRUE,TRUE,,,,,,,,https://cdn.shopify.com/s/files/1/1021/1239/5606/files/Predator_Green.png?v=1776495159,g,
koederdepot-jigblitz,,,,,,,,,1.75 g | 10 St.,,lime-attack,,,JC-BS-0175-10-LA,18,shopify,20,deny,manual,5.49,,TRUE,TRUE,,,,,,,,https://cdn.shopify.com/s/files/1/1021/1239/5606/files/Lime_Attack.png?v=1776495159,g,
koederdepot-jigblitz,,,,,,,,,1.75 g | 10 St.,,stealth-black,,,JC-BS-0175-10-SB,18,shopify,19,deny,manual,5.49,,TRUE,TRUE,,,,,,,,https://cdn.shopify.com/s/files/1/1021/1239/5606/files/Stealth_Black.png?v=1776495159,g,
koederdepot-silberflucht,Köderdepot Silberflucht,"<p><em>Kompakter Blechköder für die aktive Suche</em></p><h2>Wechselnde Reize beim Spinnfischen</h2><p>Der Silberflucht ist ein Spinner für das Spinnfischen auf Barsch, Hecht und Zander. Als Blechköder lässt er sich gezielt an Kanten, über flacheren Bereichen und entlang von Krautfeldern führen. Eine gleichmäßige Führung hält den Spinner in Bewegung, während kurze Tempowechsel seinen Lauf unterbrechen und erneute Reize setzen. Besonders beim Absuchen unbekannter Uferstrecken kann der Wurfköder zügig verschiedene Tiefenbereiche und Standplätze erreichen.</p><p>Mehrere Farbdekore ermöglichen eine Anpassung an Licht, Wasserfarbe und Beutefischvorkommen. Helle Varianten passen zu klarem Wasser und sichtbarer Beute, während auffälligere Dekore bei trüber Sicht oder bedecktem Himmel mehr Kontrast liefern können. Der Spinner gehört an Gewässer, an denen Raubfische aktiv nach Nahrung suchen und auf vorbeiziehende Reize reagieren. Auch an Strömungskanten und vor Unterständen lässt sich der Spinner kontrolliert vorbeiführen.</p><h3>Ausführungen im Überblick</h3><table><tbody>
<tr>
<td><strong>Ausführung</strong></td>
<td><strong>Preis</strong></td>
</tr>
<tr>
<td>4 cm | 5 g</td>
<td>5,49 €</td>
</tr>
<tr>
<td>4,5 cm | 7 g</td>
<td>5,99 €</td>
</tr>
<tr>
<td>5 cm | 10 g</td>
<td>6,99 €</td>
</tr>
<tr>
<td>6 cm | 15 g</td>
<td>7,99 €</td>
</tr>
<tr>
<td>6,5 cm | 20 g</td>
<td>8,99 €</td>
</tr>
</tbody></table><h3>Der Silberflucht im Überblick</h3><ul>
<li>Spinner zum Spinnfischen</li>
<li>Mehrere Farbdekore wählbar</li>
<li>Blechköder mit Laufreiz</li>
<li>Für aktive Raubfischsuche</li>
<li>Gezielt an Kanten führen</li>
<li>Zielfische: Barsch, Hecht, Zander</li>
<li>5 Dekore zur Auswahl</li>
<li>4 cm | 5 g</li>
</ul>",Köderdepot,sg-4-6-13,Spoons,"Barschköder, Blechköder, Blinker, F-01, Hechtköder, Spinnfischen, Spoon, Wurfköder, Zanderköder, kategorie-koeder, zielfisch-hecht, zielfisch-zander, zielfisch-barsch",TRUE,Farbe,silver-strike,Größe | Gewicht,4 cm | 5 g,,,SF-FS-040-005-SS,5,shopify,19,deny,manual,3.49,,TRUE,TRUE,,https://cdn.shopify.com/s/files/1/1021/1239/5606/files/Silver_Strike.png?v=1776495161,1,,FALSE,"Spinner Silberflucht – 5,0–20,0 g | Köderdepot","Spinner Silberflucht – 5,0–20,0 g. Für Hecht, Zander. Bringt Druck und Reflexe in trübe und klare Gewässer. Jetzt bei Köderdepot entdecken.",https://cdn.shopify.com/s/files/1/1021/1239/5606/files/Silver_Strike.png?v=1776495161,g,active
koederdepot-silberflucht,,,,,,,,,silver-strike,,"4,5 cm | 7 g",,,SF-FS-045-007-SS,7,shopify,20,deny,manual,3.81,,TRUE,TRUE,,https://cdn.shopify.com/s/files/1/1021/1239/5606/files/Golden_Scale.png?v=1776495161,2,,,,,https://cdn.shopify.com/s/files/1/1021/1239/5606/files/Silver_Strike.png?v=1776495161,g,
koederdepot-silberflucht,,,,,,,,,silver-strike,,5 cm | 10 g,,,SF-FS-050-010-SS,10,shopify,20,deny,manual,4.44,,TRUE,TRUE,,https://cdn.shopify.com/s/files/1/1021/1239/5606/files/Red_Ember_40a2c60b-e5df-40ad-84e7-aa88d19d6a9c.png?v=1776495161,3,,,,,https://cdn.shopify.com/s/files/1/1021/1239/5606/files/Silver_Strike.png?v=1776495161,g,
koederdepot-silberflucht,,,,,,,,,silver-strike,,6 cm | 15 g,,,SF-FS-060-015-SS,15,shopify,20,deny,manual,5.08,,TRUE,TRUE,,https://cdn.shopify.com/s/files/1/1021/1239/5606/files/Pink_Voltage.png?v=1776495161,4,,,,,https://cdn.shopify.com/s/files/1/1021/1239/5606/files/Silver_Strike.png?v=1776495161,g,
koederdepot-silberflucht,,,,,,,,,silver-strike,,"6,5 cm | 20 g",,,SF-FS-065-020-SS,20,shopify,21,deny,manual,5.71,,TRUE,TRUE,,https://cdn.shopify.com/s/files/1/1021/1239/5606/files/Emerald_Flash.png?v=1776495161,5,,,,,https://cdn.shopify.com/s/files/1/1021/1239/5606/files/Silver_Strike.png?v=1776495161,g,
koederdepot-silberflucht,,,,,,,,,golden-scale,,4 cm | 5 g,,,SF-FS-005-GS,5,shopify,20,deny,manual,3.49,,TRUE,TRUE,,,,,,,,https://cdn.shopify.com/s/files/1/1021/1239/5606/files/Golden_Scale.png?v=1776495161,g,
koederdepot-silberflucht,,,,,,,,,golden-scale,,"4,5 cm | 7 g",,,SF-FS-045-007-GS,7,shopify,19,deny,manual,3.81,,TRUE,TRUE,,,,,,,,https://cdn.shopify.com/s/files/1/1021/1239/5606/files/Golden_Scale.png?v=1776495161,g,
koederdepot-silberflucht,,,,,,,,,golden-scale,,5 cm | 10 g,,,SF-FS-050-010-GS,10,shopify,20,deny,manual,4.44,,TRUE,TRUE,,,,,,,,https://cdn.shopify.com/s/files/1/1021/1239/5606/files/Golden_Scale.png?v=1776495161,g,
koederdepot-silberflucht,,,,,,,,,golden-scale,,6 cm | 15 g,,,SF-FS-060-015-GS,15,shopify,20,deny,manual,5.08,,TRUE,TRUE,,,,,,,,https://cdn.shopify.com/s/files/1/1021/1239/5606/files/Golden_Scale.png?v=1776495161,g,
koederdepot-silberflucht,,,,,,,,,golden-scale,,"6,5 cm | 20 g",,,SF-FS-065-020-GS,20,shopify,20,deny,manual,5.71,,TRUE,TRUE,,,,,,,,https://cdn.shopify.com/s/files/1/1021/1239/5606/files/Golden_Scale.png?v=1776495161,g,
koederdepot-silberflucht,,,,,,,,,red-ember,,4 cm | 5 g,,,SF-FS-040-005-RE,5,shopify,19,deny,manual,3.49,,TRUE,TRUE,,,,,,,,https://cdn.shopify.com/s/files/1/1021/1239/5606/files/Red_Ember_40a2c60b-e5df-40ad-84e7-aa88d19d6a9c.png?v=1776495161,g,
koederdepot-silberflucht,,,,,,,,,red-ember,,"4,5 cm | 7 g",,,SF-FS-045-007-RE,7,shopify,20,deny,manual,3.81,,TRUE,TRUE,,,,,,,,https://cdn.shopify.com/s/files/1/1021/1239/5606/files/Red_Ember_40a2c60b-e5df-40ad-84e7-aa88d19d6a9c.png?v=1776495161,g,
koederdepot-silberflucht,,,,,,,,,red-ember,,5 cm | 10 g,,,SF-FS-050-010-RE,10,shopify,20,deny,manual,4.44,,TRUE,TRUE,,,,,,,,https://cdn.shopify.com/s/files/1/1021/1239/5606/files/Red_Ember_40a2c60b-e5df-40ad-84e7-aa88d19d6a9c.png?v=1776495161,g,
koederdepot-silberflucht,,,,,,,,,red-ember,,6 cm | 15 g,,,SF-FS-060-015-RE,15,shopify,20,deny,manual,5.08,,TRUE,TRUE,,,,,,,,https://cdn.shopify.com/s/files/1/1021/1239/5606/files/Red_Ember_40a2c60b-e5df-40ad-84e7-aa88d19d6a9c.png?v=1776495161,g,
koederdepot-silberflucht,,,,,,,,,red-ember,,"6,5 cm | 20 g",,,SF-FS-065-020-RE,20,shopify,20,deny,manual,5.71,,TRUE,TRUE,,,,,,,,https://cdn.shopify.com/s/files/1/1021/1239/5606/files/Red_Ember_40a2c60b-e5df-40ad-84e7-aa88d19d6a9c.png?v=1776495161,g,
koederdepot-silberflucht,,,,,,,,,pink-vex,,4 cm | 5 g,,,SF-FS-040-005-PV,5,shopify,20,deny,manual,3.49,,TRUE,TRUE,,,,,,,,https://cdn.shopify.com/s/files/1/1021/1239/5606/files/Pink_Voltage.png?v=1776495161,g,
koederdepot-silberflucht,,,,,,,,,pink-vex,,"4,5 cm | 7 g",,,SF-FS-045-007-PV,7,shopify,20,deny,manual,3.81,,TRUE,TRUE,,,,,,,,https://cdn.shopify.com/s/files/1/1021/1239/5606/files/Pink_Voltage.png?v=1776495161,g,
koederdepot-silberflucht,,,,,,,,,pink-vex,,5 cm | 10 g,,,SF-FS-050-010-PV,10,shopify,20,deny,manual,4.44,,TRUE,TRUE,,,,,,,,https://cdn.shopify.com/s/files/1/1021/1239/5606/files/Pink_Voltage.png?v=1776495161,g,
koederdepot-silberflucht,,,,,,,,,pink-vex,,6 cm | 15 g,,,SF-FS-060-015-PV,15,shopify,20,deny,manual,5.08,,TRUE,TRUE,,,,,,,,https://cdn.shopify.com/s/files/1/1021/1239/5606/files/Pink_Voltage.png?v=1776495161,g,
koederdepot-silberflucht,,,,,,,,,pink-vex,,"6,5 cm | 20 g",,,SF-FS-065-020-PV,20,shopify,19,deny,manual,5.71,,TRUE,TRUE,,,,,,,,https://cdn.shopify.com/s/files/1/1021/1239/5606/files/Pink_Voltage.png?v=1776495161,g,
koederdepot-silberflucht,,,,,,,,,emerald-flash,,4 cm | 5 g,,,SF-FS-040-005-EF,5,shopify,20,deny,manual,3.49,,TRUE,TRUE,,,,,,,,https://cdn.shopify.com/s/files/1/1021/1239/5606/files/Emerald_Flash.png?v=1776495161,g,
koederdepot-silberflucht,,,,,,,,,emerald-flash,,"4,5 cm | 7 g",,,SF-FS-045-007-EF,7,shopify,20,deny,manual,3.81,,TRUE,TRUE,,,,,,,,https://cdn.shopify.com/s/files/1/1021/1239/5606/files/Emerald_Flash.png?v=1776495161,g,
koederdepot-silberflucht,,,,,,,,,emerald-flash,,5 cm | 10 g,,,SF-FS-050-010-EF,10,shopify,20,deny,manual,4.44,,TRUE,TRUE,,,,,,,,https://cdn.shopify.com/s/files/1/1021/1239/5606/files/Emerald_Flash.png?v=1776495161,g,
koederdepot-silberflucht,,,,,,,,,emerald-flash,,6 cm | 15 g,,,SF-FS-060-015-EF,15,shopify,20,deny,manual,5.08,,TRUE,TRUE,,,,,,,,https://cdn.shopify.com/s/files/1/1021/1239/5606/files/Emerald_Flash.png?v=1776495161,g,
koederdepot-silberflucht,,,,,,,,,emerald-flash,,"6,5 cm | 20 g",,,SF-FS-065-020-EF,20,shopify,20,deny,manual,5.71,,TRUE,TRUE,,,,,,,,https://cdn.shopify.com/s/files/1/1021/1239/5606/files/Emerald_Flash.png?v=1776495161,g,
koederdepot-kugelblitz,Köderdepot Kugelblitz,"<p><em>Rundkopf für direkten Kontakt zum Grund</em></p><h2>Klarer Aufbau für die Softbait-Montage</h2><p>Der Kugelblitz bringt Gummifische beim Spinnfischen kontrolliert in Grundnähe. Sein Rundkopf eignet sich für eine Führung mit wiederholtem Grundkontakt, bei der der Softbait kurz absinkt und anschließend über die Rolle oder einen Rutenzupfer weiterläuft. So lässt sich der Köder an Kanten, auf festen Bodenflächen und entlang von Strukturen anbieten. Beim Barschangeln kann eine zurückhaltende Führung mit kurzen Pausen passen, während beim Zanderangeln der Kontakt zum Untergrund oft entscheidend ist.</p><p>Als Jigkopf gehört der Kugelblitz an eine sauber ausgerichtete Softbait-Montage, damit der Gummifisch gerade läuft und auf Zug natürlich arbeitet. Die verfügbaren Farbdekore erlauben eine Abstimmung auf Wasserfärbung, Licht und Kontrast des montierten Köders. Helle Varianten können sich bei trübem Wasser abheben, während dezente Farben an klarem Wasser unauffälliger wirken. An Buhnenfeldern, Steinpackungen oder flachen Übergängen hilft der Rundkopf dabei, den Köder nah am Grund zu halten.</p><h3>Ausführungen im Überblick</h3><table><tbody>
<tr>
<td><strong>Ausführung</strong></td>
<td><strong>Preis</strong></td>
</tr>
<tr>
<td>14 g | 10 St.</td>
<td>10,99 €</td>
</tr>
<tr>
<td>10 g | 10 St.</td>
<td>9,49 €</td>
</tr>
<tr>
<td>7 g | 10 St.</td>
<td>8,49 €</td>
</tr>
<tr>
<td>5 g | 10 St.</td>
<td>7,99 €</td>
</tr>
<tr>
<td>3,5 g | 10 St.</td>
<td>7,49 €</td>
</tr>
<tr>
<td>1,75 g | 10 St.</td>
<td>6,99 €</td>
</tr>
</tbody></table><h3>Der Kugelblitz im Überblick</h3><ul>
<li>Rundkopf für Grundkontakt</li>
<li>Für Gummifisch-Montagen</li>
<li>Kontrollierte Absinkphase</li>
<li>Mehrere Farbdekore verfügbar</li>
<li>Geeignet zum Spinnfischen</li>
<li>Zielfische: Barsch, Zander</li>
<li>5 Dekore zur Auswahl</li>
<li>14 g | 10 St.</li>
</ul>",juliusstrobl,sg-4-6-13,Metal jig,"Barschangeln, FH-05, Grundkontakt, Gummifisch Zubehör, Jighaken, Rundkopf, Softbait Montage, Spinnfischen, spinnfischen zubehör, Zanderangeln, kategorie-koeder, zielfisch-zander, zielfisch-barsch",TRUE,Farbe,neon-lime-burst,Gewicht | Menge,14 g | 10 St.,,,JC-SH-140-010-NL,140,shopify,20,deny,manual,10.99,,TRUE,TRUE,,https://cdn.shopify.com/s/files/1/1021/1239/5606/files/Neon_Lime_Burst.png?v=1776495163,1,,FALSE,"Jigkopf Kugelblitz – 1,75–14,0 g, 10 Stück | Köderdepot","Jigkopf Kugelblitz – 1,75–14,0 g, 10 Stück. Für Hecht, Zander. Sitzt sauber im Gummiköder und führt ihn stabil. Jetzt bei Köderdepot entdecken.",https://cdn.shopify.com/s/files/1/1021/1239/5606/files/Neon_Lime_Burst.png?v=1776495163,g,active
koederdepot-kugelblitz,,,,,,,,,neon-lime-burst,,10 g | 10 St.,,,JC-SH-100-010-NL,100,shopify,20,deny,manual,9.49,,TRUE,TRUE,,https://cdn.shopify.com/s/files/1/1021/1239/5606/files/Chart_Orange_Glow.png?v=1776495163,2,,,,,https://cdn.shopify.com/s/files/1/1021/1239/5606/files/Neon_Lime_Burst.png?v=1776495163,g,
koederdepot-kugelblitz,,,,,,,,,neon-lime-burst,,7 g | 10 St.,,,JC-SH-070-010-NL,70,shopify,20,deny,manual,8.49,,TRUE,TRUE,,https://cdn.shopify.com/s/files/1/1021/1239/5606/files/BoneWhite_6a38b2be-52a3-4aa6-9395-2e11058af9b9.png?v=1776495163,3,,,,,https://cdn.shopify.com/s/files/1/1021/1239/5606/files/Neon_Lime_Burst.png?v=1776495163,g,
koederdepot-kugelblitz,,,,,,,,,neon-lime-burst,,5 g | 10 St.,,,JC-SH-050-010-NL,50,shopify,20,deny,manual,7.99,,TRUE,TRUE,,https://cdn.shopify.com/s/files/1/1021/1239/5606/files/Pink_Fire_Belly.png?v=1776495163,4,,,,,https://cdn.shopify.com/s/files/1/1021/1239/5606/files/Neon_Lime_Burst.png?v=1776495163,g,
koederdepot-kugelblitz,,,,,,,,,neon-lime-burst,,"3,5 g | 10 St.",,,JC-SH-035-010-NL,35,shopify,20,deny,manual,7.49,,TRUE,TRUE,,https://cdn.shopify.com/s/files/1/1021/1239/5606/files/Black_Ember_Core.png?v=1776495164,5,,,,,https://cdn.shopify.com/s/files/1/1021/1239/5606/files/Neon_Lime_Burst.png?v=1776495163,g,
koederdepot-kugelblitz,,,,,,,,,neon-lime-burst,,"1,75 g | 10 St.",,,JC-SH-017-010-NL,18,shopify,20,deny,manual,6.99,,TRUE,TRUE,,,,,,,,https://cdn.shopify.com/s/files/1/1021/1239/5606/files/Neon_Lime_Burst.png?v=1776495163,g,
koederdepot-kugelblitz,,,,,,,,,chart-orange-glow,,14 g | 10 St.,,,JC-SH-140-010-CO,140,shopify,20,deny,manual,10.99,,TRUE,TRUE,,,,,,,,https://cdn.shopify.com/s/files/1/1021/1239/5606/files/Chart_Orange_Glow.png?v=1776495163,g,
koederdepot-kugelblitz,,,,,,,,,chart-orange-glow,,10 g | 10 St.,,,JC-SH-100-010-CO,100,shopify,20,deny,manual,9.49,,TRUE,TRUE,,,,,,,,https://cdn.shopify.com/s/files/1/1021/1239/5606/files/Chart_Orange_Glow.png?v=1776495163,g,
koederdepot-kugelblitz,,,,,,,,,chart-orange-glow,,7 g | 10 St.,,,JC-SH-070-010-CO,70,shopify,20,deny,manual,8.49,,TRUE,TRUE,,,,,,,,https://cdn.shopify.com/s/files/1/1021/1239/5606/files/Chart_Orange_Glow.png?v=1776495163,g,
koederdepot-kugelblitz,,,,,,,,,chart-orange-glow,,5 g | 10 St.,,,JC-SH-050-010-CO,50,shopify,20,deny,manual,7.99,,TRUE,TRUE,,,,,,,,https://cdn.shopify.com/s/files/1/1021/1239/5606/files/Chart_Orange_Glow.png?v=1776495163,g,
koederdepot-kugelblitz,,,,,,,,,chart-orange-glow,,"3,5 g | 10 St.",,,JC-SH-035-010-CO,35,shopify,20,deny,manual,7.49,,TRUE,TRUE,,,,,,,,https://cdn.shopify.com/s/files/1/1021/1239/5606/files/Chart_Orange_Glow.png?v=1776495163,g,
koederdepot-kugelblitz,,,,,,,,,chart-orange-glow,,"1,75 g | 10 St.",,,JC-SH-017-010-CO,18,shopify,19,deny,manual,6.99,,TRUE,TRUE,,,,,,,,https://cdn.shopify.com/s/files/1/1021/1239/5606/files/Chart_Orange_Glow.png?v=1776495163,g,
koederdepot-kugelblitz,,,,,,,,,bone-white,,14 g | 10 St.,,,JC-SH-140-010-BW,140,shopify,20,deny,manual,10.99,,TRUE,TRUE,,,,,,,,https://cdn.shopify.com/s/files/1/1021/1239/5606/files/BoneWhite_6a38b2be-52a3-4aa6-9395-2e11058af9b9.png?v=1776495163,g,
koederdepot-kugelblitz,,,,,,,,,bone-white,,10 g | 10 St.,,,JC-SH-100-010-BW,100,shopify,20,deny,manual,9.49,,TRUE,TRUE,,,,,,,,https://cdn.shopify.com/s/files/1/1021/1239/5606/files/BoneWhite_6a38b2be-52a3-4aa6-9395-2e11058af9b9.png?v=1776495163,g,
koederdepot-kugelblitz,,,,,,,,,bone-white,,7 g | 10 St.,,,JC-SH-070-010-BW,70,shopify,20,deny,manual,8.49,,TRUE,TRUE,,,,,,,,https://cdn.shopify.com/s/files/1/1021/1239/5606/files/BoneWhite_6a38b2be-52a3-4aa6-9395-2e11058af9b9.png?v=1776495163,g,
koederdepot-kugelblitz,,,,,,,,,bone-white,,5 g | 10 St.,,,JC-SH-050-010-BW,50,shopify,20,deny,manual,7.99,,TRUE,TRUE,,,,,,,,https://cdn.shopify.com/s/files/1/1021/1239/5606/files/BoneWhite_6a38b2be-52a3-4aa6-9395-2e11058af9b9.png?v=1776495163,g,
koederdepot-kugelblitz,,,,,,,,,bone-white,,"3,5 g | 10 St.",,,JC-SH-035-010-BW,35,shopify,20,deny,manual,7.49,,TRUE,TRUE,,,,,,,,https://cdn.shopify.com/s/files/1/1021/1239/5606/files/BoneWhite_6a38b2be-52a3-4aa6-9395-2e11058af9b9.png?v=1776495163,g,
koederdepot-kugelblitz,,,,,,,,,bone-white,,"1,75 g | 10 St.",,,JC-SH-017-010-BW,18,shopify,20,deny,manual,6.99,,TRUE,TRUE,,,,,,,,https://cdn.shopify.com/s/files/1/1021/1239/5606/files/BoneWhite_6a38b2be-52a3-4aa6-9395-2e11058af9b9.png?v=1776495163,g,
koederdepot-kugelblitz,,,,,,,,,pink-fire-belly,,14 g | 10 St.,,,JC-SH-140-010-PF,140,shopify,20,deny,manual,10.99,,TRUE,TRUE,,,,,,,,https://cdn.shopify.com/s/files/1/1021/1239/5606/files/Pink_Fire_Belly.png?v=1776495163,g,
koederdepot-kugelblitz,,,,,,,,,pink-fire-belly,,10 g | 10 St.,,,JC-SH-100-010-PF,100,shopify,20,deny,manual,9.49,,TRUE,TRUE,,,,,,,,https://cdn.shopify.com/s/files/1/1021/1239/5606/files/Pink_Fire_Belly.png?v=1776495163,g,
koederdepot-kugelblitz,,,,,,,,,pink-fire-belly,,7 g | 10 St.,,,JC-SH-070-010-PF,70,shopify,20,deny,manual,8.49,,TRUE,TRUE,,,,,,,,https://cdn.shopify.com/s/files/1/1021/1239/5606/files/Pink_Fire_Belly.png?v=1776495163,g,
koederdepot-kugelblitz,,,,,,,,,pink-fire-belly,,5 g | 10 St.,,,JC-SH-050-010-PF,50,shopify,20,deny,manual,7.99,,TRUE,TRUE,,,,,,,,https://cdn.shopify.com/s/files/1/1021/1239/5606/files/Pink_Fire_Belly.png?v=1776495163,g,
koederdepot-kugelblitz,,,,,,,,,pink-fire-belly,,"3,5 g | 10 St.",,,JC-SH-035-010-PF,35,shopify,20,deny,manual,7.49,,TRUE,TRUE,,,,,,,,https://cdn.shopify.com/s/files/1/1021/1239/5606/files/Pink_Fire_Belly.png?v=1776495163,g,
koederdepot-kugelblitz,,,,,,,,,pink-fire-belly,,"1,75 g | 10 St.",,,JC-SH-017-010-PF,18,shopify,20,deny,manual,6.99,,TRUE,TRUE,,,,,,,,https://cdn.shopify.com/s/files/1/1021/1239/5606/files/Pink_Fire_Belly.png?v=1776495163,g,
koederdepot-kugelblitz,,,,,,,,,black-ember-core,,14 g | 10 St.,,,JC-SH-140-010-BE,140,shopify,20,deny,manual,10.99,,TRUE,TRUE,,,,,,,,https://cdn.shopify.com/s/files/1/1021/1239/5606/files/Black_Ember_Core.png?v=1776495164,g,
koederdepot-kugelblitz,,,,,,,,,black-ember-core,,10 g | 10 St.,,,JC-SH-100-010-BE,100,shopify,20,deny,manual,9.49,,TRUE,TRUE,,,,,,,,https://cdn.shopify.com/s/files/1/1021/1239/5606/files/Black_Ember_Core.png?v=1776495164,g,
koederdepot-kugelblitz,,,,,,,,,black-ember-core,,7 g | 10 St.,,,JC-SH-070-010-BE,70,shopify,20,deny,manual,8.49,,TRUE,TRUE,,,,,,,,https://cdn.shopify.com/s/files/1/1021/1239/5606/files/Black_Ember_Core.png?v=1776495164,g,
koederdepot-kugelblitz,,,,,,,,,black-ember-core,,5 g | 10 St.,,,JC-SH-050-010-BE,50,shopify,20,deny,manual,7.99,,TRUE,TRUE,,,,,,,,https://cdn.shopify.com/s/files/1/1021/1239/5606/files/Black_Ember_Core.png?v=1776495164,g,
koederdepot-kugelblitz,,,,,,,,,black-ember-core,,"3,5 g | 10 St.",,,JC-SH-035-010-BE,35,shopify,20,deny,manual,7.49,,TRUE,TRUE,,,,,,,,https://cdn.shopify.com/s/files/1/1021/1239/5606/files/Black_Ember_Core.png?v=1776495164,g,
koederdepot-kugelblitz,,,,,,,,,black-ember-core,,"1,75 g | 10 St.",,,JC-SH-017-010-BE,18,shopify,20,deny,manual,6.99,,TRUE,TRUE,,,,,,,,https://cdn.shopify.com/s/files/1/1021/1239/5606/files/Black_Ember_Core.png?v=1776495164,g,
koederdepot-zwergkoenig,Köderdepot Zwergkönig,"<p><em>Kompakter Suchköder für Barsch und Forelle</em></p><h2>Schwimmender Minnow mit Rasselsignal</h2><p>Der Zwergkönig ist ein schwimmender Wobbler für das Spinnfischen auf Barsch und Forelle. Beim Auswerfen lässt er sich an kleinen Strukturen, an flachen Uferkanten und über Krautfeldern einsetzen. Gleichmäßiges Einkurbeln bringt ihn sauber in Aktion, während kurze Spinnstopps den Köder auftauchen lassen. Gerade an Stellen, an denen Fische dicht über Hindernissen stehen, kann diese Führung Bisse provozieren. Die Rassel setzt dabei einen akustischen Reiz, der in trübem Wasser oder bei aktiver Suche hilfreich sein kann.</p><p>Als Crankbait ergänzt der Zwergkönig die leichte Spinnrute bei der Suche nach jagenden Barschen und Forellen. Mehrere Farbdekore erlauben eine Anpassung an Wasserfarbe, Licht und Beutefischbestand. Natürliche Dekore passen besonders zu klarem Wasser und vorsichtigen Fischen, während auffälligere Farben bei eingetrübten Bedingungen besser wahrgenommen werden können. Durch sein Floating-Verhalten lässt sich der Wobbler nach einem Kontakt mit Kraut oder flachen Hindernissen kurz stehen lassen, bevor die Führung weitergeht.</p><p><strong>Ausführung:</strong> 3,5 cm | 3,7 g</p><h3>Der Zwergkönig im Überblick</h3><ul>
<li>Schwimmender Wobbler</li>
<li>Mit integriertem Rasselsignal</li>
<li>Für leichtes Spinnfischen</li>
<li>Mehrere Farbdekore verfügbar</li>
<li>Geeignet als Suchköder</li>
<li>Zielfische: Barsch, Forelle</li>
<li>3 Dekore zur Auswahl</li>
<li>3,5 cm | 3,7 g</li>
</ul>",Köderdepot,sg-4-6-13,Crankbait,"9122, Barschköder, Crankbait, Floating, Forellenköder, Rasselköder, spinnköder, suchköder, Ultralight, kategorie-koeder, zielfisch-barsch, zielfisch-forelle",TRUE,Farbe,midnight-holo-vein,Größe | Gewicht,"3,5 cm | 3,7 g",,,SF-TR-035-037-MH,4,shopify,33,deny,manual,6.99,,TRUE,TRUE,,https://cdn.shopify.com/s/files/1/1021/1239/5606/files/MidnightHoloVein.png?v=1776495165,1,,FALSE,"Wobbler Zwergkönig – 3,7 g / 3,5 cm | Köderdepot","Wobbler Zwergkönig – 3,7 g / 3,5 cm. Für Zander, Barsch. Überzeugt beim Spinnfischen mit stabiler Laufeigenschaft.",https://cdn.shopify.com/s/files/1/1021/1239/5606/files/MidnightHoloVein.png?v=1776495165,g,active
koederdepot-zwergkoenig,,,,,,,,,honey-blush-pearl,,"3,5 cm | 3,7 g",,,SF-TR-035-037-HB,4,shopify,33,deny,manual,6.99,,TRUE,TRUE,,https://cdn.shopify.com/s/files/1/1021/1239/5606/files/HoneyBlushPearl.png?v=1776495165,2,,,,,https://cdn.shopify.com/s/files/1/1021/1239/5606/files/HoneyBlushPearl.png?v=1776495165,g,
koederdepot-zwergkoenig,,,,,,,,,lime-flash-ghost,,"3,5 cm | 3,7 g",,,SF-TR-035-037-LF,4,shopify,34,deny,manual,6.99,,TRUE,TRUE,,https://cdn.shopify.com/s/files/1/1021/1239/5606/files/LimeFlashGhost.png?v=1776495165,3,,,,,https://cdn.shopify.com/s/files/1/1021/1239/5606/files/LimeFlashGhost.png?v=1776495165,g,
koederdepot-barschhappen,Köderdepot Barschhappen,"<p><em>Schwimmender Minnow für die aktive Suche mit Reizwirkung</em></p><h2>Mit Rasseln über Barsch- und Forellenplätze</h2><p>Der Barschhappen ist ein schwimmender Wobbler zum Spinnfischen auf Barsch, Forelle und Zander. Seine Rasseln machen ihn zu einem Köder für die aktive Suche, wenn Fische über größere Bereiche verteilt stehen oder trübes Wasser eine deutlichere Orientierung verlangt. Nach dem Auswerfen lässt er sich gleichmäßig einkurbeln und mit kurzen Rucken unterbrechen. In den Pausen steigt der Köder wieder auf und kann über Krautkanten oder flache Hindernisse hinweggeführt werden.</p><p>Als Crankbait verbindet der Barschhappen eine kompakte Köderform mit der schlanken Silhouette eines kleinen Beutefischs. Mehrere Farbdekore erlauben eine Anpassung an Wasserfarbe, Licht und den vorhandenen Futterfisch. Natürliche Varianten passen an klaren Bächen, Seen und Kanälen, während auffälligere Dekore bei Trübung oder bedecktem Himmel besser wahrgenommen werden können. Besonders an flachen Uferzonen, über versunkenen Ästen und entlang von Krautfeldern spielt ein schwimmender Rasselköder seine Stärken aus.</p><p><strong>Ausführung:</strong> 4,2 cm | 6 g</p><h3>Der Barschhappen im Überblick</h3><ul>
<li>Schwimmender Wobbler</li>
<li>Mit akustischer Reizwirkung</li>
<li>Fürs Spinnfischen entwickelt</li>
<li>Mehrere Farbdekore erhältlich</li>
<li>Für flache Hindernisbereiche</li>
<li>Zielfische: Barsch, Forelle, Zander</li>
<li>5 Dekore zur Auswahl</li>
<li>4,2 cm | 6 g</li>
</ul>",Köderdepot,sg-4-6-13,Crankbait,"9022, Barschköder, Crankbait, Floating, Forellenköder, Rasselköder, spinnköder, suchköder, Zanderköder, kategorie-koeder, zielfisch-zander, zielfisch-barsch, zielfisch-forelle",TRUE,Farbe,amber-craw-flash,Größe | Gewicht,"4,2 cm | 6 g",,,SF-MR-042-060-AC,6,shopify,20,deny,manual,6.99,,TRUE,TRUE,,https://cdn.shopify.com/s/files/1/1021/1239/5606/files/AmberCrawFlash.png?v=1776495166,1,,FALSE,"Wobbler Barschhappen – 6 g / 4,2 cm | Köderdepot","Wobbler Barschhappen – 6 g / 4,2 cm. Für Zander, Barsch. Überzeugt beim Spinnfischen mit stabiler Laufeigenschaft.",https://cdn.shopify.com/s/files/1/1021/1239/5606/files/AmberCrawFlash.png?v=1776495166,g,active
koederdepot-barschhappen,,,,,,,,,olive-spot-minnow,,"4,2 cm | 6 g",,,SF-MR-042-060-OS,6,shopify,20,deny,manual,6.99,,TRUE,TRUE,,https://cdn.shopify.com/s/files/1/1021/1239/5606/files/OliveSpotMinnow.png?v=1776495167,2,,,,,https://cdn.shopify.com/s/files/1/1021/1239/5606/files/OliveSpotMinnow.png?v=1776495167,g,
koederdepot-barschhappen,,,,,,,,,copper-ghost-dot,,"4,2 cm | 6 g",,,SF-MR-042-060-CG,6,shopify,20,deny,manual,6.99,,TRUE,TRUE,,https://cdn.shopify.com/s/files/1/1021/1239/5606/files/CopperGhostDot.png?v=1776495166,3,,,,,https://cdn.shopify.com/s/files/1/1021/1239/5606/files/CopperGhostDot.png?v=1776495166,g,
koederdepot-barschhappen,,,,,,,,,black-silver-burn,,"4,2 cm | 6 g",,,SF-MR-042-060-BS,6,shopify,20,deny,manual,6.99,,TRUE,TRUE,,https://cdn.shopify.com/s/files/1/1021/1239/5606/files/HoloShadStripe.png?v=1776495167,4,,,,,https://cdn.shopify.com/s/files/1/1021/1239/5606/files/BlackSilverBurn.png?v=1776495167,g,
koederdepot-barschhappen,,,,,,,,,holo-shad-stripe,,"4,2 cm | 6 g",,,SF-MR-042-060-HS,6,shopify,20,deny,manual,6.99,,TRUE,TRUE,,https://cdn.shopify.com/s/files/1/1021/1239/5606/files/BlackSilverBurn.png?v=1776495167,5,,,,,https://cdn.shopify.com/s/files/1/1021/1239/5606/files/HoloShadStripe.png?v=1776495167,g,
koederdepot-uferknall,Köderdepot Uferknall,"<p><em>Lauter Oberflächenreiz für aktive Räuber</em></p><h2>Ploppen und Spritzen über flachen Spots</h2><p>Der Uferknall ist ein schwimmender Popper für das Spinnfischen auf Barsch und Hecht. Er wird über die Oberfläche geführt und erzeugt dabei die für diese Köderart typischen Plopp- und Spritzgeräusche. Kurze Schläge mit der Rutenspitze lassen ihn aufmerksamkeitsstark arbeiten, während Pausen den Köder auf der Stelle stehen lassen. Gerade an Krautfeldern, über flachen Buchten und entlang von Schilfkanten kann ein Biss direkt an der Oberfläche erfolgen.</p><p>Als Rasselköder verbindet der Uferknall optischen Reiz mit zusätzlicher akustischer Wahrnehmung. Die verschiedenen Farbdekore erlauben eine Anpassung an Licht, Wassertrübung und den jeweiligen Spot. Helle Varianten sind bei trübem Wasser oder bedecktem Himmel gut sichtbar, während natürlichere Farben an klarem Wasser und bei vorsichtigen Fischen passen können. Sein Einsatzgebiet liegt dort, wo Räuber nach oben schauen: über Kraut, an Seerosenfeldern und in ruhigeren Uferzonen.</p><p><strong>Ausführung:</strong> 6,5 cm | 7 g</p><h3>Der Uferknall im Überblick</h3><ul>
<li>Schwimmender Oberflächenköder</li>
<li>Ploppende Popper-Führung</li>
<li>Mit Rasselreiz</li>
<li>Für flache Krautspots</li>
<li>Verschiedene Farbdekore</li>
<li>Zielfische: Barsch, Hecht</li>
<li>5 Dekore zur Auswahl</li>
<li>6,5 cm | 7 g</li>
</ul>",Köderdepot,sg-4-6-13,Popper,"Barschköder, Floating, Hechtköder, Oberflächenköder, P369, Popper, Rasselköder, Spinnfischen, Topwater, kategorie-koeder, zielfisch-hecht, zielfisch-barsch",TRUE,Farbe,blue-fire-perch,Größe | Gewicht,"6,5 cm | 7 g",,,SF-PS-065-070-BF,7,shopify,19,deny,manual,7.49,,TRUE,TRUE,,https://cdn.shopify.com/s/files/1/1021/1239/5606/files/BlueFirePerch.png?v=1776495168,1,,FALSE,"Popper Uferknall – 7 g / 6,5 cm | Köderdepot","Popper Uferknall – 7 g / 6,5 cm. Für Hecht, Barsch. Bleibt auch in flachen, krautigen Bereichen einsatzfähig. Jetzt bei Köderdepot entdecken.",https://cdn.shopify.com/s/files/1/1021/1239/5606/files/BlueFirePerch.png?v=1776495168,g,active
koederdepot-uferknall,,,,,,,,,green-scale-flash,,"6,5 cm | 7 g",,,SF-PS-065-070-GS,7,shopify,21,deny,manual,7.49,,TRUE,TRUE,,https://cdn.shopify.com/s/files/1/1021/1239/5606/files/GreenScaleFlash.png?v=1776495168,2,,,,,https://cdn.shopify.com/s/files/1/1021/1239/5606/files/GreenScaleFlash.png?v=1776495168,g,
koederdepot-uferknall,,,,,,,,,red-lime-burst,,"6,5 cm | 7 g",,,SF-PS-065-070-RL,7,shopify,18,deny,manual,7.49,,TRUE,TRUE,,https://cdn.shopify.com/s/files/1/1021/1239/5606/files/RedLimeBurst.png?v=1776495168,3,,,,,https://cdn.shopify.com/s/files/1/1021/1239/5606/files/RedLimeBurst.png?v=1776495168,g,
koederdepot-uferknall,,,,,,,,,olive-dot-minnow,,"6,5 cm | 7 g",,,SF-PS-065-070-OD,7,shopify,20,deny,manual,7.49,,TRUE,TRUE,,https://cdn.shopify.com/s/files/1/1021/1239/5606/files/OliveDotMinnow.png?v=1776495168,4,,,,,https://cdn.shopify.com/s/files/1/1021/1239/5606/files/OliveDotMinnow.png?v=1776495168,g,
koederdepot-uferknall,,,,,,,,,silver-ghost-spot,,"6,5 cm | 7 g",,,SF-PS-065-070-SG,7,shopify,19,deny,manual,7.49,,TRUE,TRUE,,https://cdn.shopify.com/s/files/1/1021/1239/5606/files/SilverGhostSpot.png?v=1776495168,5,,,,,https://cdn.shopify.com/s/files/1/1021/1239/5606/files/SilverGhostSpot.png?v=1776495168,g,
koederdepot-zartlaeufer,Köderdepot Zartläufer,"<p><em>Sinkender Minnow für präzise geführte Würfe</em></p><h2>Leise Impulse bis in tiefere Bereiche</h2><p>Der Zartläufer ist ein sinkender Wobbler für das Spinnfischen auf Barsch, Forelle und Zander. Nach dem Auswurf lässt er sich zunächst absinken und anschließend kontrolliert durch die gewünschte Wasserschicht führen. Eine gleichmäßige Führung bringt ihn sauber auf Zug, während kurze Twitches das Köderspiel auflockern. Besonders an Kanten, vor Hindernissen oder in tieferen Gumpen kann diese Führung sinnvoll sein, wenn die Fische nicht dicht unter der Oberfläche stehen.</p><p>Als Rasselköder setzt der Zartläufer neben seiner schlanken Minnow-Silhouette auf akustische Reize. Das kann in leicht getrübtem Wasser, bei Wind oder an Gewässern mit wenig Sichtweite hilfreich sein. Mehrere Farbdekore ermöglichen eine Anpassung an Licht, Wasserfarbe und natürliche Beutefische. Helle Varianten passen oft zu trübem Wasser, während gedecktere Dekore an klaren Bächen, Seen und ruhigen Flussabschnitten unauffälliger wirken können.</p><p><strong>Ausführung:</strong> 5,8 cm | 3,9 g</p><h3>Der Zartläufer im Überblick</h3><ul>
<li>Sinkender Wobbler</li>
<li>Fürs Spinnfischen geeignet</li>
<li>Mit Rasselwirkung</li>
<li>Twitchbar geführt</li>
<li>Mehrere Farbdekore</li>
<li>Für unterschiedliche Wasserschichten</li>
<li>Zielfische: Barsch, Forelle, Zander</li>
<li>5 Dekore zur Auswahl</li>
<li>5,8 cm | 3,9 g</li>
</ul>",Köderdepot,sg-4-6-13,Crankbait,"9049, Barschköder, Crankbait, Forellenköder, Rasselköder, Sinking, spinnköder, Twitchbait, Zanderköder, kategorie-koeder, zielfisch-zander, zielfisch-barsch, zielfisch-forelle",TRUE,Farbe,rainbow-river-dot,Größe | Gewicht,"5,8 cm | 3,9 g",,,SF-SG-058-039-RR,4,shopify,19,deny,manual,6.99,,TRUE,TRUE,,https://cdn.shopify.com/s/files/1/1021/1239/5606/files/RainbowRiverDot.png?v=1776495170,1,,FALSE,"Wobbler Zartläufer – 3,9 g / 5,8 cm | Köderdepot","Wobbler Zartläufer – 3,9 g / 5,8 cm. Für Zander, Barsch. Bleibt beim Spinnfischen stabil in der Spur. Jetzt bei Köderdepot entdecken.",https://cdn.shopify.com/s/files/1/1021/1239/5606/files/RainbowRiverDot.png?v=1776495170,g,active
koederdepot-zartlaeufer,,,,,,,,,dark-gold-perch,,"5,8 cm | 3,9 g",,,SF-SG-058-039-DG,4,shopify,19,deny,manual,6.99,,TRUE,TRUE,,https://cdn.shopify.com/s/files/1/1021/1239/5606/files/DarkGoldPerch.png?v=1776495170,2,,,,,https://cdn.shopify.com/s/files/1/1021/1239/5606/files/DarkGoldPerch.png?v=1776495170,g,
koederdepot-zartlaeufer,,,,,,,,,blue-bronze-trout,,"5,8 cm | 3,9 g",,,SF-SG-058-039-BB,4,shopify,20,deny,manual,6.99,,TRUE,TRUE,,https://cdn.shopify.com/s/files/1/1021/1239/5606/files/BlueBronzeTrout.png?v=1776495170,3,,,,,https://cdn.shopify.com/s/files/1/1021/1239/5606/files/BlueBronzeTrout.png?v=1776495170,g,
koederdepot-zartlaeufer,,,,,,,,,golden-amber-shad,,"5,8 cm | 3,9 g",,,SF-SG-058-039-GA,4,shopify,20,deny,manual,6.99,,TRUE,TRUE,,https://cdn.shopify.com/s/files/1/1021/1239/5606/files/GoldenAmberShad.png?v=1776495170,4,,,,,https://cdn.shopify.com/s/files/1/1021/1239/5606/files/GoldenAmberShad.png?v=1776495170,g,
koederdepot-zartlaeufer,,,,,,,,,violet-steel-minnow,,"5,8 cm | 3,9 g",,,SF-SG-058-039-VS,4,shopify,21,deny,manual,6.99,,TRUE,TRUE,,https://cdn.shopify.com/s/files/1/1021/1239/5606/files/VioletSteelMinnow.png?v=1776495170,5,,,,,https://cdn.shopify.com/s/files/1/1021/1239/5606/files/VioletSteelMinnow.png?v=1776495170,g,
koederdepot-schlankminnow,Köderdepot Schlankminnow,"<p><em>Schlanker Sinking-Minnow für die aktive Spinnrute</em></p><h2>Mit Rucken durch die Freiwasserzone</h2><p>Der Schlankminnow ist ein sinkender Wobbler für das Spinnfischen auf Barsch, Hecht und Zander. Nach dem Auswerfen lässt er sich erst absinken und anschließend mit kurzen Rucken führen. So bricht er immer wieder aus der geraden Bahn und kann auch an Kanten, über tieferen Bereichen oder neben versunkenen Strukturen angeboten werden. Pausen zwischen den Schlägen geben dem Köder Zeit, in die gewünschte Zone zurückzusinken. Gerade bei zurückhaltenden Räubern lohnt sich eine wechselnde Führung.</p><p>Als Jerkbait und Twitchbait spielt der Schlankminnow seine Stärken aus, wenn ein schlanker Beutefisch Eindruck machen soll. Die Rassel setzt dabei akustische Reize, die den Köder auch bei leicht getrübtem Wasser besser auffindbar machen können. Mehrere Farbdekore erlauben eine Anpassung an Licht, Wasserfarbe und den vorhandenen Futterfisch. Helle Varianten passen oft zu trübem Wasser oder bedecktem Himmel, während natürliche Dekore in klarem Wasser und bei vorsichtigen Fischen sinnvoll sind.</p><p><strong>Ausführung:</strong> 7 cm | 5 g</p><h3>Der Schlankminnow im Überblick</h3><ul>
<li>Sinkender Wobbler</li>
<li>Für aktives Spinnfischen</li>
<li>Rassel für akustische Reize</li>
<li>Kurze Rucke und Pausen</li>
<li>Mehrere Farbdekore verfügbar</li>
<li>Zielfische: Barsch, Hecht, Zander</li>
<li>5 Dekore zur Auswahl</li>
<li>7 cm | 5 g</li>
</ul>",Köderdepot,sg-4-6-13,Jerkbait,"9096, Barschköder, Hechtköder, Jerkbait, Minnow, Rasselköder, Sinking, spinnköder, Twitchbait, Zanderköder, kategorie-koeder, zielfisch-hecht, zielfisch-zander, zielfisch-barsch",TRUE,Farbe,golden-river-trout,Größe | Gewicht,7 cm | 5 g,,,SF-SD-070-050-GR,5,shopify,20,deny,manual,7.49,,TRUE,TRUE,,https://cdn.shopify.com/s/files/1/1021/1239/5606/files/GoldenRiverTrout.png?v=1776495171,1,,FALSE,Wobbler Schlankminnow – 5 g / 7 cm | Köderdepot,"Wobbler Schlankminnow – 5 g / 7 cm. Für Hecht, Zander. Überzeugt beim Spinnfischen mit stabiler Laufeigenschaft. Jetzt bei Köderdepot entdecken.",https://cdn.shopify.com/s/files/1/1021/1239/5606/files/GoldenRiverTrout.png?v=1776495171,g,active
koederdepot-schlankminnow,,,,,,,,,green-fire-perch,,7 cm | 5 g,,,SF-SD-070-050-GF,5,shopify,20,deny,manual,7.49,,TRUE,TRUE,,https://cdn.shopify.com/s/files/1/1021/1239/5606/files/GreenFirePerch.png?v=1776495171,2,,,,,https://cdn.shopify.com/s/files/1/1021/1239/5606/files/GreenFirePerch.png?v=1776495171,g,
koederdepot-schlankminnow,,,,,,,,,deep-blue-flash,,7 cm | 5 g,,,SF-SD-070-050-DB,5,shopify,19,deny,manual,7.49,,TRUE,TRUE,,https://cdn.shopify.com/s/files/1/1021/1239/5606/files/DeepBlueFlash.png?v=1776495172,3,,,,,https://cdn.shopify.com/s/files/1/1021/1239/5606/files/DeepBlueFlash.png?v=1776495172,g,
koederdepot-schlankminnow,,,,,,,,,steel-night-shad,,7 cm | 5 g,,,SF-SD-070-050-SN,5,shopify,19,deny,manual,7.49,,TRUE,TRUE,,https://cdn.shopify.com/s/files/1/1021/1239/5606/files/SteelNightShad.png?v=1776495171,4,,,,,https://cdn.shopify.com/s/files/1/1021/1239/5606/files/SteelNightShad.png?v=1776495171,g,
koederdepot-schlankminnow,,,,,,,,,dark-bronze-scale,,7 cm | 5 g,,,SF-SD-070-050-DS,5,shopify,19,deny,manual,7.49,,TRUE,TRUE,,https://cdn.shopify.com/s/files/1/1021/1239/5606/files/DarkBronzeScale.png?v=1776495171,5,,,,,https://cdn.shopify.com/s/files/1/1021/1239/5606/files/DarkBronzeScale.png?v=1776495171,g,
koederdepot-oberflaechenblitz,Köderdepot Oberflächenblitz,"<p><em>Lauter Oberflächenreiz für aktive Räuber</em></p><h2>Wenn die Oberfläche Leben zeigt</h2><p>Der Oberflächenblitz ist ein schwimmender Popper für Barsch, Hecht und Rapfen. An der Oberfläche geführt, erzeugt er mit kurzen Rutenschlägen ein deutliches Ploppen und Spritzen. So lässt er sich über flache Krautfelder, entlang von Seerosen und an Schilfkanten anbieten, ohne tief in den Bewuchs zu geraten. Längere Pausen zwischen den Zügen sind oft sinnvoll, wenn ein Räuber dem Köder folgt oder die Wasseroberfläche nur gelegentlich durchbricht.</p><p>Als Rasselköder setzt der Oberflächenblitz zusätzlich akustische Reize und fällt damit auch an bewegtem Wasser oder bei leicht getrübter Sicht auf. Die verschiedenen Farbdekore erlauben eine Anpassung an klare Seen, sonnige Bedingungen oder kontrastreichere Präsentationen. Besonders an warmen Tagen lohnt sich der Einsatz an flachen Buchten und über bewachsenen Uferzonen. Rapfen reagieren häufig auf eine zügige, durchgehend spritzende Führung, während Barsch und Hecht den Köder oft nach einer Pause nehmen.</p><p><strong>Ausführung:</strong> 6,4 cm | 9 g</p><h3>Der Oberflächenblitz im Überblick</h3><ul>
<li>Schwimmender Oberflächenköder</li>
<li>Ploppende Popper-Führung</li>
<li>Mit akustischem Reiz</li>
<li>Für flache Krautfelder</li>
<li>Verschiedene Farbdekore</li>
<li>Zielfische: Barsch, Hecht, Rapfen</li>
<li>5 Dekore zur Auswahl</li>
<li>6,4 cm | 9 g</li>
</ul>",Köderdepot,sg-4-6-13,Popper,"9116, Barschköder, Floating, Hechtköder, Oberflächenköder, Popper, rapfenköder, Rasselköder, Topwater, kategorie-koeder, zielfisch-hecht, zielfisch-barsch",TRUE,Farbe,holo-fire-perch,Größe | Gewicht,"6,4 cm | 9 g",,,SF-PP-064-090-HF,9,shopify,19,deny,manual,8.49,,TRUE,TRUE,,https://cdn.shopify.com/s/files/1/1021/1239/5606/files/HoloFirePerch.png?v=1776495173,1,,FALSE,"Popper Oberflächenblitz – 9 g / 6,4 cm | Köderdepot","Popper Oberflächenblitz – 9 g / 6,4 cm. Für Hecht, Barsch. Erzeugt Druck und Spritzwasser an der Oberfläche. Jetzt bei Köderdepot entdecken.",https://cdn.shopify.com/s/files/1/1021/1239/5606/files/HoloFirePerch.png?v=1776495173,g,active
koederdepot-oberflaechenblitz,,,,,,,,,blue-pikeflare,,"6,4 cm | 9 g",,,SF-PP-064-090-BP,9,shopify,20,deny,manual,8.49,,TRUE,TRUE,,https://cdn.shopify.com/s/files/1/1021/1239/5606/files/BluePikeflare.png?v=1776495173,2,,,,,https://cdn.shopify.com/s/files/1/1021/1239/5606/files/BluePikeflare.png?v=1776495173,g,
koederdepot-oberflaechenblitz,,,,,,,,,midnight-blue-gill,,"6,4 cm | 9 g",,,SF-PP-064-090-MB,9,shopify,20,deny,manual,8.49,,TRUE,TRUE,,https://cdn.shopify.com/s/files/1/1021/1239/5606/files/MidnightBlueGill.png?v=1776495173,3,,,,,https://cdn.shopify.com/s/files/1/1021/1239/5606/files/MidnightBlueGill.png?v=1776495173,g,
koederdepot-oberflaechenblitz,,,,,,,,,sunburst-bronze,,"6,4 cm | 9 g",,,SF-PP-064-090-SB,9,shopify,20,deny,manual,8.49,,TRUE,TRUE,,https://cdn.shopify.com/s/files/1/1021/1239/5606/files/SunburstBronze.png?v=1776495173,4,,,,,https://cdn.shopify.com/s/files/1/1021/1239/5606/files/SunburstBronze.png?v=1776495173,g,
koederdepot-oberflaechenblitz,,,,,,,,,red-dusk-shiner,,"6,4 cm | 9 g",,,SF-PP-064-090-RD,9,shopify,20,deny,manual,8.49,,TRUE,TRUE,,https://cdn.shopify.com/s/files/1/1021/1239/5606/files/RedDuskShiner.png?v=1776495173,5,,,,,https://cdn.shopify.com/s/files/1/1021/1239/5606/files/RedDuskShiner.png?v=1776495173,g,
koederdepot-knallkopf,Köderdepot Knallkopf,"<p><em>Oberflächenköder für auffällige Reize am Spot</em></p><h2>Ploppen und Pausen über flachem Wasser</h2><p>Der Knallkopf bleibt als schwimmender Popper an der Oberfläche und spielt seine Stärke dort aus, wo Räuber nach oben orientiert stehen. Mit kurzen Rutenschlägen erzeugt er die typischen ploppenden Reize eines Oberflächenköders. Dazwischen darf der Köder ruhig stehen bleiben, damit sich die Wellen glätten und ein Nachläufer zugreifen kann. Barsch reagiert an warmen Tagen oft direkt an Krautfeldern oder über flachen Kanten. Hecht lässt sich damit an Buchten, Seerosen und anderen deckungsreichen Bereichen ansprechen.</p><p>Die Rassel setzt zusätzlich einen akustischen Reiz, wenn der Knallkopf über die Oberfläche geführt wird. Das ist hilfreich bei leicht bewegtem Wasser, wenn die Druckwellen des Poppers weiter wahrgenommen werden sollen. Mehrere Farbdekore erlauben eine Anpassung an Wasserfärbung, Licht und vorhandene Beutefische. Helle Varianten sind bei trübem Wasser gut sichtbar, während natürliche Dekore in klarem Wasser dezenter wirken. Besonders über flachen Krautflächen und an strukturreichen Uferzonen kann der Hardbait lange im Blickfeld der Räuber bleiben.</p><p><strong>Ausführung:</strong> 7 cm | 8,5 g</p><h3>Der Knallkopf im Überblick</h3><ul>
<li>Schwimmender Oberflächenköder</li>
<li>Ploppende Führung mit Pausen</li>
<li>Rassel für akustische Reize</li>
<li>Mehrere Farbdekore verfügbar</li>
<li>Für krautreiche Flachwasserbereiche</li>
<li>Zielfische: Barsch, Hecht</li>
<li>5 Dekore zur Auswahl</li>
<li>7 cm | 8,5 g</li>
</ul>",Köderdepot,sg-4-6-13,Popper,"9141, Barschköder, Floating, Hardbait, Hechtköder, Oberflächenköder, Popper, Rassel, Topwater, kategorie-koeder, zielfisch-hecht, zielfisch-barsch",TRUE,Farbe,green-strike-veil,Größe | Gewicht,"7 cm | 8,5 g",,,SF-SR-070-085-GS,8,shopify,20,deny,manual,8.49,,TRUE,TRUE,,https://cdn.shopify.com/s/files/1/1021/1239/5606/files/GreenStrikeVeil.png?v=1776495175,1,,FALSE,"Popper Knallkopf – 8,5 g / 7 cm | Köderdepot","Popper Knallkopf – 8,5 g / 7 cm. Für Hecht, Barsch. Bleibt auch in flachen, krautigen Bereichen einsatzfähig. Jetzt bei Köderdepot entdecken.",https://cdn.shopify.com/s/files/1/1021/1239/5606/files/GreenStrikeVeil.png?v=1776495175,g,active
koederdepot-knallkopf,,,,,,,,,blue-grid-shad,,"7 cm | 8,5 g",,,SF-SR-070-085-BG,8,shopify,20,deny,manual,8.49,,TRUE,TRUE,,https://cdn.shopify.com/s/files/1/1021/1239/5606/files/BlueGridShad.png?v=1776495174,2,,,,,https://cdn.shopify.com/s/files/1/1021/1239/5606/files/BlueGridShad.png?v=1776495174,g,
koederdepot-knallkopf,,,,,,,,,amber-dotline,,"7 cm | 8,5 g",,,SF-SR-070-085-AD,8,shopify,20,deny,manual,8.49,,TRUE,TRUE,,https://cdn.shopify.com/s/files/1/1021/1239/5606/files/AmberDotline.png?v=1776495175,3,,,,,https://cdn.shopify.com/s/files/1/1021/1239/5606/files/AmberDotline.png?v=1776495175,g,
koederdepot-knallkopf,,,,,,,,,green-strike,,"7 cm | 8,5 g",,,SF-SR-070-085-GS,8,shopify,20,deny,manual,8.49,,TRUE,TRUE,,https://cdn.shopify.com/s/files/1/1021/1239/5606/files/GhostSmokeFlash.png?v=1776495175,4,,,,,https://cdn.shopify.com/s/files/1/1021/1239/5606/files/GhostSmokeFlash.png?v=1776495175,g,
koederdepot-knallkopf,,,,,,,,,red-frost-head,,"7 cm | 8,5 g",,,SF-SR-070-085-RF,8,shopify,20,deny,manual,8.49,,TRUE,TRUE,,https://cdn.shopify.com/s/files/1/1021/1239/5606/files/RedFrostHead.png?v=1776495175,5,,,,,https://cdn.shopify.com/s/files/1/1021/1239/5606/files/RedFrostHead.png?v=1776495175,g,
koederdepot-feinklinge,Köderdepot Feinklinge,"<p><em>Fein laufender Minnow für Barsch und Forelle</em></p><h2>Leichter Suchlauf mit Rassel</h2><p>Die Feinklinge ist ein schwimmender Wobbler für das Spinnfischen auf Barsch und Forelle. Ihr schlankes Profil passt besonders an klare Bäche, kleine Flüsse und übersichtliche Stillgewässer, wenn die Räuber einem kleineren Beutefisch folgen. Beim gleichmäßigen Einkurbeln lässt sich der Hardbait zügig über interessante Bereiche führen. Kurze Stopps geben ihm Gelegenheit aufzusteigen und können den Biss auslösen, wenn Barsch oder Forelle dicht hinter dem Köder stehen.</p><p>Als Crankbait mit Rassel bringt die Feinklinge neben ihrem Lauf auch einen akustischen Reiz ins Wasser. Das ist an leicht getrübten Tagen oder beim Absuchen neuer Uferabschnitte hilfreich, wenn Barsch und Forelle den Köder schneller wahrnehmen sollen. Die unterschiedlichen Farbdekore erlauben eine Anpassung an Wasserfarbe und Licht. Dezente Töne passen zu klarem Wasser, während auffälligere Dekore bei wenig Sicht oder wechselnden Bedingungen Orientierung geben können.</p><p><strong>Ausführung:</strong> 5,5 cm | 4,7 g</p><h3>Der Feinklinge im Überblick</h3><ul>
<li>Schwimmender Wobbler</li>
<li>Mit akustischer Rassel</li>
<li>Für das Spinnfischen</li>
<li>Mehrere Farbdekore erhältlich</li>
<li>Schlankes Beutefischprofil</li>
<li>Für leichte Ruten</li>
<li>Zielfische: Barsch, Forelle</li>
<li>5 Dekore zur Auswahl</li>
<li>5,5 cm | 4,7 g</li>
</ul>",Köderdepot,sg-4-6-13,Crankbait,"9047, Barschköder, Crankbait, Floating, Forellenköder, Hardbait, Rassel, Spinnfischen, suchköder, Ultralight, kategorie-koeder, zielfisch-barsch, zielfisch-forelle",TRUE,Farbe,emerald-shad,Größe | Gewicht,"5,5 cm | 4,7 g",,,SF-MP-055-047-ES,5,shopify,19,deny,manual,6.99,,TRUE,TRUE,,https://cdn.shopify.com/s/files/1/1021/1239/5606/files/EmeraldShad.png?v=1776495176,1,,FALSE,"Wobbler Feinklinge – 4,7 g / 5,5 cm | Köderdepot","Wobbler Feinklinge – 4,7 g / 5,5 cm. Für Hecht, Barsch. Überzeugt beim Spinnfischen mit stabiler Laufeigenschaft.",https://cdn.shopify.com/s/files/1/1021/1239/5606/files/EmeraldShad.png?v=1776495176,g,active
koederdepot-feinklinge,,,,,,,,,black-gold-drift,,"5,5 cm | 4,7 g",,,SF-MP-055-047-BG,5,shopify,20,deny,manual,6.99,,TRUE,TRUE,,https://cdn.shopify.com/s/files/1/1021/1239/5606/files/BlackGoldDrift.png?v=1776495176,2,,,,,https://cdn.shopify.com/s/files/1/1021/1239/5606/files/BlackGoldDrift.png?v=1776495176,g,
koederdepot-feinklinge,,,,,,,,,copper-blaze,,"5,5 cm | 4,7 g",,,SF-MP-055-047-CB,5,shopify,20,deny,manual,6.99,,TRUE,TRUE,,https://cdn.shopify.com/s/files/1/1021/1239/5606/files/CopperBlaze.png?v=1776495176,3,,,,,https://cdn.shopify.com/s/files/1/1021/1239/5606/files/CopperBlaze.png?v=1776495176,g,
koederdepot-feinklinge,,,,,,,,,red-strike,,"5,5 cm | 4,7 g",,,,5,shopify,0,deny,manual,6.99,,TRUE,TRUE,,https://cdn.shopify.com/s/files/1/1021/1239/5606/files/RedStrike.png?v=1776495176,4,,,,,https://cdn.shopify.com/s/files/1/1021/1239/5606/files/RedStrike.png?v=1776495176,g,
koederdepot-feinklinge,,,,,,,,,silver-shadow-stripe,,"5,5 cm | 4,7 g",,,SF-MP-055-047-SS,5,shopify,20,deny,manual,6.99,,TRUE,TRUE,,https://cdn.shopify.com/s/files/1/1021/1239/5606/files/SilverShadow_862b3e37-fa44-4258-a20a-01ebe56830e8.png?v=1776495176,5,,,,,https://cdn.shopify.com/s/files/1/1021/1239/5606/files/SilverShadow_862b3e37-fa44-4258-a20a-01ebe56830e8.png?v=1776495176,g,
koederdepot-silberfunke,Köderdepot Silberfunke,"<p><em>Wurfstarker Minnow für die aktive Suche</em></p><h2>Mit Rassel und schwimmender Pause</h2><p>Der Silberfunke ist ein schwimmender Wobbler für Barsch, Forelle und Hecht. Seine Rassel setzt unter Wasser einen klaren Reiz, wenn Fische über größere Bereiche gesucht werden. Nach dem Auswerfen lässt er sich zügig einkurbeln oder mit kurzen Rutenschlägen führen. Gerade an Kanten, über flachen Krautfeldern und entlang von Uferstrukturen kann eine kurze Pause den Unterschied machen: Der Köder steigt dabei wieder auf und bleibt länger im Blickfeld.</p><p>Als Crankbait verbindet der Silberfunke eine kompakte Hardbait-Silhouette mit verschiedenen Farbdekoren für klare wie auch leicht eingetrübte Gewässer. Natürliche Dekore passen zu vorsichtigen Fischen und klarem Wasser, auffälligere Varianten setzen bei wenig Licht oder trüber Sicht einen deutlich sichtbaren Kontrast. Seine Wurfstärke hilft dabei, auch entfernte Bereiche systematisch abzufischen. An Bachläufen, Seen und langsam fließenden Abschnitten lässt sich der Köder so an wechselnde Lichtverhältnisse und Spottypen anpassen.</p><p><strong>Ausführung:</strong> 4,3 cm | 5,5 g</p><h3>Der Silberfunke im Überblick</h3><ul>
<li>Schwimmender Wobbler</li>
<li>Rassel für klare Reize</li>
<li>Wurfstark auf Distanz</li>
<li>Mehrere Farbdekore erhältlich</li>
<li>Für aktive Suchphasen</li>
<li>Zielfische: Barsch, Forelle, Hecht</li>
<li>5 Dekore zur Auswahl</li>
<li>4,3 cm | 5,5 g</li>
</ul>",Köderdepot,sg-4-6-13,Crankbait,"9181, Barschköder, Crankbait, Floating, Forellenköder, Hardbait, Hechtköder, Rassel, suchköder, Wurfstark, kategorie-koeder, zielfisch-hecht, zielfisch-barsch, zielfisch-forelle",TRUE,Farbe,amber-craw,Größe | Gewicht,"4,3 cm | 5,5 g",,,SF-RR-043-055-AC,6,shopify,20,deny,manual,7.49,,TRUE,TRUE,,https://cdn.shopify.com/s/files/1/1021/1239/5606/files/AmberCraw.png?v=1776495178,1,,FALSE,"Wobbler Silberfunke – 5,5 g / 4,3 cm | Köderdepot","Wobbler Silberfunke – 5,5 g / 4,3 cm. Für Hecht, Barsch. Erzeugt Druckwellen und arbeitet zuverlässig an Kanten. Jetzt bei Köderdepot entdecken.",https://cdn.shopify.com/s/files/1/1021/1239/5606/files/AmberCraw.png?v=1776495178,g,active
koederdepot-silberfunke,,,,,,,,,mustard-tiger,,"4,3 cm | 5,5 g",,,SF-RR-043-055-MT,6,shopify,20,deny,manual,7.49,,TRUE,TRUE,,https://cdn.shopify.com/s/files/1/1021/1239/5606/files/MustardTiger.png?v=1776495178,2,,,,,https://cdn.shopify.com/s/files/1/1021/1239/5606/files/MustardTiger.png?v=1776495178,g,
koederdepot-silberfunke,,,,,,,,,lime-hive,,"4,3 cm | 5,5 g",,,SF-RR-043-055-LH,6,shopify,20,deny,manual,7.49,,TRUE,TRUE,,https://cdn.shopify.com/s/files/1/1021/1239/5606/files/LimeHive.png?v=1776495177,3,,,,,https://cdn.shopify.com/s/files/1/1021/1239/5606/files/LimeHive.png?v=1776495177,g,
koederdepot-silberfunke,,,,,,,,,blue-dot-shad,,"4,3 cm | 5,5 g",,,SF-RR-043-055-BD,6,shopify,20,deny,manual,7.49,,TRUE,TRUE,,https://cdn.shopify.com/s/files/1/1021/1239/5606/files/BlueDotShad.png?v=1776495178,4,,,,,https://cdn.shopify.com/s/files/1/1021/1239/5606/files/BlueDotShad.png?v=1776495178,g,
koederdepot-silberfunke,,,,,,,,,speckled-bone,,"4,3 cm | 5,5 g",,,SF-RR-043-055-SB,6,shopify,20,deny,manual,7.49,,TRUE,TRUE,,https://cdn.shopify.com/s/files/1/1021/1239/5606/files/SpeckledBone.png?v=1776495178,5,,,,,https://cdn.shopify.com/s/files/1/1021/1239/5606/files/SpeckledBone.png?v=1776495178,g,
koederdepot-rasselminnow,Köderdepot Rasselminnow,"<p><em>Minnow mit Rasselreiz für die aktive Suche</em></p><h2>Reizvoll geführt an wechselnden Spots</h2><p>Der Rasselminnow ist ein Wobbler für das Spinnfischen auf Barsch, Forelle, Hecht und Zander. Seine Rassel macht ihn zu einer passenden Wahl, wenn an größeren Bereichen oder entlang markanter Kanten nach aktiven Räubern gesucht wird. Gleichmäßig eingekurbelt lässt er sich als Wurfköder über interessante Zonen führen. Kurze Rutenschläge und anschließende Pausen bringen zusätzliche Unruhe ins Spiel. Gerade an Übergängen zwischen flachem Wasser und tieferen Bereichen kann diese Führung Bisse provozieren.</p><p>Als Hardbait steht der Rasselminnow in mehreren Farbdekoren zur Auswahl. Dadurch lässt sich die Farbe an klares Wasser, trübe Bedingungen oder wechselndes Licht anpassen. Natürlich wirkende Dekore passen oft zu vorsichtigen Fischen in klaren Bächen, Seen und Kanälen. Auffälligere Varianten können bei Wind, eingetrübtem Wasser oder auf der Suche nach standorttreuen Räubern ihre Stärke ausspielen. Die schlanke Minnow-Form eignet sich besonders für das Befischen von Uferkanten, Buhnenfeldern und anderen strukturreichen Bereichen.</p><p><strong>Ausführung:</strong> 6 cm | 6 g</p><h3>Der Rasselminnow im Überblick</h3><ul>
<li>Wobbler mit Rasselreiz</li>
<li>Für das Spinnfischen</li>
<li>Mehrere Farbdekore verfügbar</li>
<li>Schlanke Hardbait-Form</li>
<li>Für strukturreiche Gewässer</li>
<li>Wurfköder für Suchphasen</li>
<li>Zielfische: Barsch, Forelle, Hecht, Zander</li>
<li>10 Dekore zur Auswahl</li>
<li>6 cm | 6 g</li>
</ul>",Köderdepot,sg-4-6-13,Wobbler,"Barschköder, Forellenköder, Hardbait, Hechtköder, M420, Minnow, Rasselköder, Rattle, Shockfin, Spinnfischen, suchköder, Wobbler, Wurfköder, Zanderköder, kategorie-koeder, zielfisch-hecht, zielfisch-zander, zielfisch-barsch, zielfisch-forelle",TRUE,Farbe,river-camouflage,Größe | Gewicht,6 cm | 6 g,,,SF-PD-060-060-RC,6,shopify,9,deny,manual,7.49,,TRUE,TRUE,,https://cdn.shopify.com/s/files/1/1021/1239/5606/files/RiverCamouflage.png?v=1776495179,1,,FALSE,Wobbler Rasselminnow – 6 g / 6 cm | Köderdepot,"Wobbler Rasselminnow – 6 g / 6 cm. Für Hecht, Zander. Überzeugt beim Spinnfischen mit stabiler Laufeigenschaft. Jetzt bei Köderdepot entdecken.",https://cdn.shopify.com/s/files/1/1021/1239/5606/files/RiverCamouflage.png?v=1776495179,g,active
koederdepot-rasselminnow,,,,,,,,,toxic-tigerburn,,6 cm | 6 g,,,SF-PD-060-060-TT,6,shopify,9,deny,manual,7.49,,TRUE,TRUE,,https://cdn.shopify.com/s/files/1/1021/1239/5606/files/ToxicTigerburn.png?v=1776495179,2,,,,,https://cdn.shopify.com/s/files/1/1021/1239/5606/files/ToxicTigerburn.png?v=1776495179,g,
koederdepot-rasselminnow,,,,,,,,,acid-dotline,,6 cm | 6 g,,,SF-PD-060-060-AD,6,shopify,9,deny,manual,7.49,,TRUE,TRUE,,https://cdn.shopify.com/s/files/1/1021/1239/5606/files/AcidDotline.png?v=1776495179,3,,,,,https://cdn.shopify.com/s/files/1/1021/1239/5606/files/AcidDotline.png?v=1776495179,g,
koederdepot-rasselminnow,,,,,,,,,blue-steel-flash,,6 cm | 6 g,,,SF-PD-060-060-BS,6,shopify,9,deny,manual,7.49,,TRUE,TRUE,,https://cdn.shopify.com/s/files/1/1021/1239/5606/files/BlueSteelFlash.png?v=1776495179,4,,,,,https://cdn.shopify.com/s/files/1/1021/1239/5606/files/BlueSteelFlash.png?v=1776495179,g,
koederdepot-rasselminnow,,,,,,,,,ocean-pulse,,6 cm | 6 g,,,SF-PD-060-060-OP,6,shopify,9,deny,manual,7.49,,TRUE,TRUE,,https://cdn.shopify.com/s/files/1/1021/1239/5606/files/OceanPulse.png?v=1776495180,5,,,,,https://cdn.shopify.com/s/files/1/1021/1239/5606/files/OceanPulse.png?v=1776495180,g,
koederdepot-rasselminnow,,,,,,,,,red-phantom-head,,6 cm | 6 g,,,SF-PD-060-060-RP,6,shopify,9,deny,manual,7.49,,TRUE,TRUE,,https://cdn.shopify.com/s/files/1/1021/1239/5606/files/RedPhantomHead.png?v=1776495179,6,,,,,https://cdn.shopify.com/s/files/1/1021/1239/5606/files/RedPhantomHead.png?v=1776495179,g,
koederdepot-rasselminnow,,,,,,,,,sunset-predator,,6 cm | 6 g,,,SF-PD-060-060-SP,6,shopify,9,deny,manual,7.49,,TRUE,TRUE,,https://cdn.shopify.com/s/files/1/1021/1239/5606/files/SunsetPredator.png?v=1776495179,7,,,,,https://cdn.shopify.com/s/files/1/1021/1239/5606/files/SunsetPredator.png?v=1776495179,g,
koederdepot-rasselminnow,,,,,,,,,pearl-strike,,6 cm | 6 g,,,SF-PD-060-060-PS,6,shopify,9,deny,manual,7.49,,TRUE,TRUE,,https://cdn.shopify.com/s/files/1/1021/1239/5606/files/PearlStrike.png?v=1776495179,8,,,,,https://cdn.shopify.com/s/files/1/1021/1239/5606/files/PearlStrike.png?v=1776495179,g,
koederdepot-rasselminnow,,,,,,,,,chrome-silence,,6 cm | 6 g,,,SF-PD-060-060-CS,6,shopify,9,deny,manual,7.49,,TRUE,TRUE,,https://cdn.shopify.com/s/files/1/1021/1239/5606/files/ChromeSilence.png?v=1776495179,9,,,,,https://cdn.shopify.com/s/files/1/1021/1239/5606/files/ChromeSilence.png?v=1776495179,g,
koederdepot-rasselminnow,,,,,,,,,frost-mirror,,6 cm | 6 g,,,SF-PD-060-060-FM,6,shopify,8,deny,manual,7.49,,TRUE,TRUE,,https://cdn.shopify.com/s/files/1/1021/1239/5606/files/FrostMirror.png?v=1776495179,10,,,,,https://cdn.shopify.com/s/files/1/1021/1239/5606/files/FrostMirror.png?v=1776495179,g,
koederdepot-feinschwimmer,Köderdepot Feinschwimmer,"<p><em>Dezenter Minnow für feine Führungen</em></p><h2>Leise Reize für vorsichtige Räuber</h2><p>Der Feinschwimmer ist ein langsam sinkender Wobbler für das Finesse-Angeln auf Barsch und Forelle. Er lässt sich mit kurzen, kontrollierten Rutenschlägen führen und kann zwischen den Impulsen absinken. Gerade an klarem Wasser, bei vorsichtigen Fischen oder an viel beangelten Strecken spielt diese zurückhaltende Präsentation ihre Stärke aus. Kurze Pausen geben dem Köder Zeit, in die gewünschte Tiefe zu kommen und den Biss auszulösen.</p><p>Als schlanker Hardbait passt der Feinschwimmer gut an kleine Flüsse, Forellenbäche und ruhige Uferbereiche von Seen. Die verschiedenen Farbdekore erlauben eine Anpassung an Wasserfarbe, Licht und vorhandene Beutefische. Natürliche Muster eignen sich besonders für klare Bedingungen und scheue Fische, während auffälligere Dekore bei getrübtem Wasser oder wenig Licht besser sichtbar bleiben. Seine langsam sinkende Eigenschaft hilft dabei, interessante Bereiche kontrolliert auszuspielen.</p><p><strong>Ausführung:</strong> 4,8 cm | 4 g</p><h3>Der Feinschwimmer im Überblick</h3><ul>
<li>Langsam sinkender Minnow</li>
<li>Für feine Rutenschläge</li>
<li>Dezente Stealth-Präsentation</li>
<li>Verschiedene Farbdekore</li>
<li>Hardbait für klare Gewässer</li>
<li>Zielfische: Barsch, Forelle</li>
<li>9 Dekore zur Auswahl</li>
<li>4,8 cm | 4 g</li>
</ul>",Köderdepot,sg-4-6-13,Wobbler,"48S, Barschköder, Finesse, Forellenköder, Hardbait, Minnow, Slow Sinking, Stealth, Wobbler, kategorie-koeder, zielfisch-barsch, zielfisch-forelle",TRUE,Farbe,aqua-prism,Größe | Gewicht,"4,8 cm | 4 g",,,ST-MD-048-040-AP,4,shopify,10,deny,manual,6.99,,TRUE,TRUE,,https://cdn.shopify.com/s/files/1/1021/1239/5606/files/AquaPrism.png?v=1776495181,1,,FALSE,"Wobbler Feinschwimmer – 4 g / 4,8 cm | Köderdepot","Wobbler Feinschwimmer – 4 g / 4,8 cm. Für Barsch, Forelle. Überzeugt beim Spinnfischen mit stabiler Laufeigenschaft.",https://cdn.shopify.com/s/files/1/1021/1239/5606/files/AquaPrism.png?v=1776495181,g,active
koederdepot-feinschwimmer,,,,,,,,,shadow-dots,,"4,8 cm | 4 g",,,ST-MD-048-040-SD,4,shopify,7,deny,manual,6.99,,TRUE,TRUE,,https://cdn.shopify.com/s/files/1/1021/1239/5606/files/ShadowDots.png?v=1776495181,2,,,,,https://cdn.shopify.com/s/files/1/1021/1239/5606/files/ShadowDots.png?v=1776495181,g,
koederdepot-feinschwimmer,,,,,,,,,steel-flash-1,,"4,8 cm | 4 g",,,ST-MD-048-040-SF,4,shopify,9,deny,manual,6.99,,TRUE,TRUE,,https://cdn.shopify.com/s/files/1/1021/1239/5606/files/SteelFlash_9c8ab7b0-b7ce-4c49-a9fa-03d8ba3e9c02.png?v=1776495181,3,,,,,https://cdn.shopify.com/s/files/1/1021/1239/5606/files/SteelFlash_9c8ab7b0-b7ce-4c49-a9fa-03d8ba3e9c02.png?v=1776495181,g,
koederdepot-feinschwimmer,,,,,,,,,crimson-silver,,"4,8 cm | 4 g",,,ST-MD-048-040-CS,4,shopify,9,deny,manual,6.99,,TRUE,TRUE,,https://cdn.shopify.com/s/files/1/1021/1239/5606/files/CrimsonSilver.png?v=1776495181,4,,,,,https://cdn.shopify.com/s/files/1/1021/1239/5606/files/CrimsonSilver.png?v=1776495181,g,
koederdepot-feinschwimmer,,,,,,,,,ruby-headline,,"4,8 cm | 4 g",,,ST-MD-048-040-RH,4,shopify,10,deny,manual,6.99,,TRUE,TRUE,,https://cdn.shopify.com/s/files/1/1021/1239/5606/files/RubyHeadline.png?v=1776495181,5,,,,,https://cdn.shopify.com/s/files/1/1021/1239/5606/files/RubyHeadline.png?v=1776495181,g,
koederdepot-feinschwimmer,,,,,,,,,fire-gold,,"4,8 cm | 4 g",,,ST-MD-048-040-FG,4,shopify,9,deny,manual,6.99,,TRUE,TRUE,,https://cdn.shopify.com/s/files/1/1021/1239/5606/files/FireGold.png?v=1776495181,6,,,,,https://cdn.shopify.com/s/files/1/1021/1239/5606/files/FireGold.png?v=1776495181,g,
koederdepot-feinschwimmer,,,,,,,,,pure-gold,,"4,8 cm | 4 g",,,ST-MD-048-040-PG,4,shopify,10,deny,manual,6.99,,TRUE,TRUE,,https://cdn.shopify.com/s/files/1/1021/1239/5606/files/PureGold.png?v=1776495181,7,,,,,https://cdn.shopify.com/s/files/1/1021/1239/5606/files/PureGold.png?v=1776495181,g,
koederdepot-feinschwimmer,,,,,,,,,emerald-scale,,"4,8 cm | 4 g",,,ST-MD-048-040-ES,4,shopify,8,deny,manual,6.99,,TRUE,TRUE,,https://cdn.shopify.com/s/files/1/1021/1239/5606/files/EmeraldScale.png?v=1776495181,8,,,,,https://cdn.shopify.com/s/files/1/1021/1239/5606/files/EmeraldScale.png?v=1776495181,g,
koederdepot-feinschwimmer,,,,,,,,,olive-speck,,"4,8 cm | 4 g",,,ST-MD-048-040-OS,4,shopify,10,deny,manual,6.99,,TRUE,TRUE,,https://cdn.shopify.com/s/files/1/1021/1239/5606/files/OliveSpeck.png?v=1776495181,9,,,,,https://cdn.shopify.com/s/files/1/1021/1239/5606/files/OliveSpeck.png?v=1776495181,g,
koederdepot-langklinge,Köderdepot Langklinge,"<p><em>Schwimmender Minnow für die aktive Raubfischsuche</em></p><h2>Mit Rasseln Wasser absuchen</h2><p>Der Langklinge ist ein schwimmender Wobbler für Hecht und Zander. Als Rasselköder macht er an weitläufigen Uferkanten, über versunkenen Strukturen oder entlang von Krautfeldern auf sich aufmerksam. Gleichmäßig eingekurbelt lässt er sich als Suchköder einsetzen. Mit kurzen Rutenschlägen und eingestreuten Pausen erhält der Hardbait ein wechselndes Spiel. In den Stillständen steigt er auf, was besonders an flachen Bereichen und über Hindernissen hilfreich sein kann.</p><p>Mehrere Farbdekore erlauben es, den Langklinge auf Licht, Wassertrübung und den jeweiligen Spot abzustimmen. Auffällige Varianten passen zu getrübtem Wasser oder bedecktem Himmel, während zurückhaltende Dekore bei klarem Wasser eine passende Wahl sein können. Der schwimmende Wobbler lässt sich auch gezielt an markanten Punkten stehen lassen, bevor die Führung erneut beginnt. So kann der Köder an Kanten, an Krautlücken oder neben versunkenem Holz länger im Blickfeld von Hecht und Zander bleiben.</p><p><strong>Ausführung:</strong> 12 cm | 18,5 g</p><h3>Der Langklinge im Überblick</h3><ul>
<li>Schwimmender Wobbler</li>
<li>Rasselköder für Suchphasen</li>
<li>Für Hecht und Zander</li>
<li>Mehrere Farbdekore</li>
<li>Twitchen mit Pausen</li>
<li>Zielfische: Hecht, Zander</li>
<li>5 Dekore zur Auswahl</li>
<li>12 cm | 18,5 g</li>
</ul>",Köderdepot,sg-4-6-13,Wobbler,"Floating, Hardbait, Hechtköder, M084, Rasselköder, suchköder, Wobbler, Zanderköder, kategorie-koeder, zielfisch-hecht, zielfisch-zander",TRUE,Farbe,toxic-jungle,Größe | Gewicht,"12 cm | 18,5 g",,,SF-RS-120-185-TJ,18,shopify,19,deny,manual,9.99,,TRUE,TRUE,,https://cdn.shopify.com/s/files/1/1021/1239/5606/files/ToxicJungle.png?v=1776495183,1,,FALSE,"Wobbler Langklinge – 18,5 g / 12 cm | Köderdepot","Wobbler Langklinge – 18,5 g / 12 cm. Für Hecht, Zander. Überzeugt beim Spinnfischen mit stabiler Laufeigenschaft.",https://cdn.shopify.com/s/files/1/1021/1239/5606/files/ToxicJungle.png?v=1776495183,g,active
koederdepot-langklinge,,,,,,,,,crimson-scale,,"12 cm | 18,5 g",,,SF-RS-120-185-CS,18,shopify,19,deny,manual,9.99,,TRUE,TRUE,,https://cdn.shopify.com/s/files/1/1021/1239/5606/files/CrimsonScale.png?v=1776495182,2,,,,,https://cdn.shopify.com/s/files/1/1021/1239/5606/files/CrimsonScale.png?v=1776495182,g,
koederdepot-langklinge,,,,,,,,,gold-shadow,,"12 cm | 18,5 g",,,SF-RS-120-185-GS,18,shopify,19,deny,manual,9.99,,TRUE,TRUE,,https://cdn.shopify.com/s/files/1/1021/1239/5606/files/GoldShadow.png?v=1776495182,3,,,,,https://cdn.shopify.com/s/files/1/1021/1239/5606/files/GoldShadow.png?v=1776495182,g,
koederdepot-langklinge,,,,,,,,,silver-nightline,,"12 cm | 18,5 g",,,SF-RS-120-185-SN,18,shopify,20,deny,manual,9.99,,TRUE,TRUE,,https://cdn.shopify.com/s/files/1/1021/1239/5606/files/SilverNightline.jpg?v=1776495182,4,,,,,https://cdn.shopify.com/s/files/1/1021/1239/5606/files/SilverNightline.jpg?v=1776495182,g,
koederdepot-langklinge,,,,,,,,,lavender-shad,,"12 cm | 18,5 g",,,SF-RS-120-185-LS,18,shopify,20,deny,manual,9.99,,TRUE,TRUE,,https://cdn.shopify.com/s/files/1/1021/1239/5606/files/LavenderShad.png?v=1776495182,5,,,,,https://cdn.shopify.com/s/files/1/1021/1239/5606/files/LavenderShad.png?v=1776495182,g,
koederdepot-streckklinge,Köderdepot Streckklinge,"<p><em>Tief laufender Minnow für die aktive Führung an Kanten und über Rinnen</em></p><h2>Wenn Hecht und Zander tief stehen</h2><p>Die Streckklinge ist ein schwimmender Wobbler für Hecht und Zander, der als Tiefenläufer an markanten Gewässerstrukturen eingesetzt wird. Sie passt an abfallende Kanten, tiefere Rinnen und Bereiche vor Unterwasserbergen, in denen Räuber nicht direkt an der Oberfläche jagen. Gleichmäßiges Einkurbeln bringt den Hardbait auf Zug. Mit kurzen Rutenschlägen und anschließenden Pausen lässt sich der Lauf auflockern, während der Köder beim Stopp wieder nach oben steigt.</p><p>Als Rasselköder setzt die Streckklinge auch unter Wasser akustische Reize und kann damit an trüberen Tagen oder in tieferen Bereichen Aufmerksamkeit erzeugen. Die unterschiedlichen Farbdekore erlauben eine Anpassung an klares Wasser, bedeckten Himmel oder stärker eingetrübte Bedingungen. An Hindernissen und entlang harter Grundstrukturen kann das Schwimmverhalten bei einer Pause genutzt werden: Der Köder steigt auf, bevor er erneut in die Lauftiefe gekurbelt wird. So bleibt er länger im Blickfeld wartender Räuber.</p><p><strong>Ausführung:</strong> 17 cm | 24,5 g</p><h3>Der Streckklinge im Überblick</h3><ul>
<li>Schwimmender Wobbler</li>
<li>Für tiefe Gewässerzonen</li>
<li>Rasselndes Hardbait-Konzept</li>
<li>Mehrere Farbdekore verfügbar</li>
<li>Geeignet für Strukturkanten</li>
<li>Zielfische: Hecht, Zander</li>
<li>5 Dekore zur Auswahl</li>
<li>17 cm | 24,5 g</li>
</ul>",Köderdepot,sg-4-6-13,Wobbler,"Deep Diver, Floating, Hardbait, Hechtköder, Rasselköder, Tiefenläufer, Wobbler, Zanderköder, kategorie-koeder, zielfisch-hecht, zielfisch-zander",TRUE,Farbe,dark-bronze-bait,Größe | Gewicht,"17 cm | 24,5 g",,,DF-LS-170-245-DB,24,shopify,20,deny,manual,9.99,,TRUE,TRUE,,https://cdn.shopify.com/s/files/1/1021/1239/5606/files/Dark_Bronze_Bait.png?v=1776495184,1,,FALSE,"Wobbler Streckklinge – 24,5 g / 17 cm | Köderdepot","Wobbler Streckklinge – 24,5 g / 17 cm. Für Hecht, Zander. Überzeugt beim Spinnfischen mit stabiler Laufeigenschaft.",https://cdn.shopify.com/s/files/1/1021/1239/5606/files/Dark_Bronze_Bait.png?v=1776495184,g,active
koederdepot-streckklinge,,,,,,,,,forest-perch,,"17 cm | 24,5 g",,,DF-LS-170-245-FP,24,shopify,19,deny,manual,9.99,,TRUE,TRUE,,https://cdn.shopify.com/s/files/1/1021/1239/5606/files/Forest_Perch.png?v=1776495184,2,,,,,https://cdn.shopify.com/s/files/1/1021/1239/5606/files/Forest_Perch.png?v=1776495184,g,
koederdepot-streckklinge,,,,,,,,,ghost-holo-minnow,,"17 cm | 24,5 g",,,DF-LS-170-245-GH,24,shopify,19,deny,manual,9.99,,TRUE,TRUE,,https://cdn.shopify.com/s/files/1/1021/1239/5606/files/Ghost_Holo_Minnow.png?v=1776495184,3,,,,,https://cdn.shopify.com/s/files/1/1021/1239/5606/files/Ghost_Holo_Minnow.png?v=1776495184,g,
koederdepot-streckklinge,,,,,,,,,natural-pike-fry,,"17 cm | 24,5 g",,,DF-LS-170-245-NP,24,shopify,20,deny,manual,9.99,,TRUE,TRUE,,https://cdn.shopify.com/s/files/1/1021/1239/5606/files/Natural_Pike_Fry.png?v=1776495184,4,,,,,https://cdn.shopify.com/s/files/1/1021/1239/5606/files/Natural_Pike_Fry.png?v=1776495184,g,
koederdepot-streckklinge,,,,,,,,,red-veil-shad,,"17 cm | 24,5 g",,,DF-LS-170-245-RV,24,shopify,19,deny,manual,9.99,,TRUE,TRUE,,https://cdn.shopify.com/s/files/1/1021/1239/5606/files/Red_Veil_Shad.png?v=1776495184,5,,,,,https://cdn.shopify.com/s/files/1/1021/1239/5606/files/Red_Veil_Shad.png?v=1776495184,g,
koederdepot-blattviber,Köderdepot Blattviber,"<p><em>Sinkender Blechköder für die gezielte Suche in unterschiedlichen Tiefen</em></p><h2>Vibrationen auf Tiefe führen</h2><p>Der Blattviber ist ein sinkender Vibration-Bait für Hecht und Zander, wenn sich Köder gezielt durch unterschiedliche Tiefen führen lassen sollen. Nach dem Auswerfen darf er kontrolliert absinken und kann anschließend gleichmäßig eingekurbelt werden. Dabei spielt ein Vibration Bait seine Reize über Druck und Bewegung aus. An Kanten, über festem Grund oder in tieferen Bereichen lässt sich die Absinkphase bewusst verlängern. Kurze Zugphasen mit anschließender Pause passen, wenn die Räuber dem Köder nur zögernd folgen.</p><p>Als Metallköder eignet sich der Blattviber für die aktive Suche an größeren Bereichen, an denen der Köder verschiedene Tiefen schnell erreichen soll. Die Auswahl mehrerer Farbdekore hilft dabei, den Köder auf Lichtverhältnisse, Wassertrübung und den Kontrast zum Untergrund abzustimmen. In klarem Wasser kann ein zurückhaltendes Dekor sinnvoll sein, während bei getrübtem Wasser ein besser sichtbarer Farbton Orientierung gibt. Durch das sinkende Verhalten bleibt auch die Führung entlang tieferer Strukturen möglich.</p><p><strong>Ausführung:</strong> 4,4 cm | 13,6 g</p><h3>Der Blattviber im Überblick</h3><ul>
<li>Sinkendes Verhalten</li>
<li>Vibration Bait aus Metall</li>
<li>Mehrere Farbdekore verfügbar</li>
<li>Für unterschiedliche Tiefen</li>
<li>Kontrollierte Absinkphasen</li>
<li>Zielfische: Hecht, Zander</li>
<li>5 Dekore zur Auswahl</li>
<li>4,4 cm | 13,6 g</li>
</ul>",Köderdepot,sg-4-6-13,Vibration-Bait,"9029, Blechköder, Hechtköder, metallköder, Sinking, Spinnerbait, Spinnerblatt, suchköder, Vibration Bait, Zanderköder, kategorie-koeder, zielfisch-hecht, zielfisch-zander",TRUE,Farbe,flame-pike,Größe | Gewicht,"4,4 cm | 13,6 g",,,SF-IP-044-136-FP,14,shopify,19,deny,manual,6.49,,TRUE,TRUE,,https://cdn.shopify.com/s/files/1/1021/1239/5606/files/FlamePike.png?v=1776495186,1,,FALSE,"Vibrationsköder Blattviber – 13,6 g / 4,4 cm | Köderdepot","Vibrationsköder Blattviber – 13,6 g / 4,4 cm. Für Hecht, Zander. Arbeitet mit spürbarer Vibration und Rassel. Jetzt bei Köderdepot entdecken.",https://cdn.shopify.com/s/files/1/1021/1239/5606/files/FlamePike.png?v=1776495186,g,active
koederdepot-blattviber,,,,,,,,,olive-strike,,"4,4 cm | 13,6 g",,,SF-IP-044-136-OS,14,shopify,19,deny,manual,6.49,,TRUE,TRUE,,https://cdn.shopify.com/s/files/1/1021/1239/5606/files/OliveStrike.png?v=1776495186,2,,,,,https://cdn.shopify.com/s/files/1/1021/1239/5606/files/OliveStrike.png?v=1776495186,g,
koederdepot-blattviber,,,,,,,,,black-moss,,"4,4 cm | 13,6 g",,,SF-IP-044-136-BM,14,shopify,21,deny,manual,6.49,,TRUE,TRUE,,https://cdn.shopify.com/s/files/1/1021/1239/5606/files/BlackMoss.png?v=1776495186,3,,,,,https://cdn.shopify.com/s/files/1/1021/1239/5606/files/BlackMoss.png?v=1776495186,g,
koederdepot-blattviber,,,,,,,,,violet-chrome,,"4,4 cm | 13,6 g",,,SF-IP-044-136-VC,14,shopify,19,deny,manual,6.49,,TRUE,TRUE,,https://cdn.shopify.com/s/files/1/1021/1239/5606/files/VioletChrome.png?v=1776495186,4,,,,,https://cdn.shopify.com/s/files/1/1021/1239/5606/files/VioletChrome.png?v=1776495186,g,
koederdepot-blattviber,,,,,,,,,silver-shiver,,"4,4 cm | 13,6 g",,,SF-IP-044-136-SS,14,shopify,20,deny,manual,6.49,,TRUE,TRUE,,https://cdn.shopify.com/s/files/1/1021/1239/5606/files/SilverShiver.png?v=1776495185,5,,,,,https://cdn.shopify.com/s/files/1/1021/1239/5606/files/SilverShiver.png?v=1776495185,g,
koederdepot-kleinviber,Köderdepot Kleinviber,"<p><em>Kompakter Suchköder mit spürbarer Vibration</em></p><h2>Druckvoll absuchen, kontrolliert absinken lassen</h2><p>Der Kleinviber ist ein sinkender Vibrationsköder für Barsch und Zander. Er eignet sich, um Kanten, flachere Bereiche und Übergänge systematisch abzufischen. Gleichmäßig eingekurbelt sendet ein Vibration-Bait deutliche Reize aus und bleibt dabei gut kontrollierbar. Nach dem Auswerfen kann er absinken und anschließend in der gewünschten Tiefe geführt werden. Gerade an windigen Tagen oder bei leicht getrübtem Wasser hilft die Vibration, den Köder für räuberische Fische besser wahrnehmbar zu machen.</p><p>Als Metallköder bringt der Kleinviber eine kompakte Silhouette mit, die sich gut für die aktive Suche eignet. Unterschiedliche Farbdekore erlauben es, die Optik an klares Wasser, trübere Bedingungen oder wechselndes Licht anzupassen. In Bereichen mit dichter stehenden Fischen kann er kurz absinken, bevor er wieder angekurbelt wird. Auf Barsch funktioniert diese Führung an Spundwänden und über festem Grund, während Zander ihn an Kanten und auf weitläufigen Flächen aufnehmen können.</p><p><strong>Ausführung:</strong> 4,5 cm | 5,2 g</p><h3>Der Kleinviber im Überblick</h3><ul>
<li>Sinkender Vibrationsköder</li>
<li>Kompakte Metallsilhouette</li>
<li>Für aktive Suche</li>
<li>Deutliche Druckwellen</li>
<li>Verschiedene Farbdekore</li>
<li>Zielfische: Barsch, Zander</li>
<li>4 Dekore zur Auswahl</li>
<li>4,5 cm | 5,2 g</li>
</ul>",Köderdepot,sg-4-6-13,Vibration-Bait,"Barschköder, Blechköder, metallköder, Raubfischköder, Sinking, suchköder, vibrationsköder, Zanderköder, kategorie-koeder, zielfisch-zander, zielfisch-barsch",TRUE,Farbe,river-pike,Größe | Gewicht,"4,5 cm | 5,2 g",,,SF-BR-045-052-RP,5,shopify,26,deny,manual,4.99,,TRUE,TRUE,,https://cdn.shopify.com/s/files/1/1021/1239/5606/files/RiverPike.png?v=1776495187,1,,FALSE,"Vibrationsköder Kleinviber – 5,2 g / 4,5 cm | Köderdepot","Vibrationsköder Kleinviber – 5,2 g / 4,5 cm. Für Hecht, Zander. Eignet sich für die vertikale und aktive Führung. Jetzt bei Köderdepot entdecken.",https://cdn.shopify.com/s/files/1/1021/1239/5606/files/RiverPike.png?v=1776495187,g,active
koederdepot-kleinviber,,,,,,,,,emerald-flash,,"4,5 cm | 5,2 g",,,SF-BR-045-052-EF,5,shopify,25,deny,manual,4.99,,TRUE,TRUE,,https://cdn.shopify.com/s/files/1/1021/1239/5606/files/EmeraldFlash.png?v=1776495187,2,,,,,https://cdn.shopify.com/s/files/1/1021/1239/5606/files/EmeraldFlash.png?v=1776495187,g,
koederdepot-kleinviber,,,,,,,,,blue-steel,,"4,5 cm | 5,2 g",,,SF-BR-045-052-BS,5,shopify,25,deny,manual,4.99,,TRUE,TRUE,,https://cdn.shopify.com/s/files/1/1021/1239/5606/files/BlueSteel.png?v=1776495187,3,,,,,https://cdn.shopify.com/s/files/1/1021/1239/5606/files/BlueSteel.png?v=1776495187,g,
koederdepot-kleinviber,,,,,,,,,pink-phantom,,"4,5 cm | 5,2 g",,,SF-BR-045-052-PP,5,shopify,23,deny,manual,4.99,,TRUE,TRUE,,https://cdn.shopify.com/s/files/1/1021/1239/5606/files/PinkPhantom.png?v=1776495187,4,,,,,https://cdn.shopify.com/s/files/1/1021/1239/5606/files/PinkPhantom.png?v=1776495187,g,
koederdepot-gleitklinge,Köderdepot Gleitklinge,"<p><em>Sinkender Gelenkköder für kontrollierte Präsentationen</em></p><h2>Gleitend durch verschiedene Tiefen</h2><p>Die Gleitklinge ist ein sinkender, gegliederter Pencilbait für Hecht und spielt ihre Stärke dort aus, wo ein Köder kontrolliert durch unterschiedliche Tiefen geführt werden soll. Nach dem Auswerfen lässt sie sich zunächst absinken und anschließend mit ruhigen Kurbelumdrehungen führen. Über kurze Beschleunigungen und anschließendes Nachlassen der Schnur kann der Köder immer wieder neu präsentiert werden. Das passt an Kanten, über tieferem Wasser und entlang von Bereichen, in denen Hecht auf vorbeiziehende Beute wartet.</p><p>Als mehrteiliger Kunststoffköder bringt die Gleitklinge eine gegliederte Silhouette ins Wasser. Die Auswahl unterschiedlicher Farbdekore erlaubt es, die Optik an Licht, Wassertrübung und den Kontrast des jeweiligen Gewässers anzupassen. In ruhigeren Buchten, an versunkenen Strukturen oder über abfallendem Grund kann die Absinkphase bewusst genutzt werden. Anschließend wird der Köder gleichmäßig eingeholt oder mit wechselndem Tempo geführt, um die Präsentation an das Verhalten der Hechte anzupassen.</p><p><strong>Ausführung:</strong> 9 cm | 5,8 g</p><h3>Der Gleitklinge im Überblick</h3><ul>
<li>Sinkender Pencilbait</li>
<li>Mehrteiliger Kunststoffkörper</li>
<li>Gegliederte Silhouette</li>
<li>Verschiedene Farbdekore</li>
<li>Kontrollierte Absinkphase</li>
<li>Zielfische: Hecht</li>
<li>5 Dekore zur Auswahl</li>
<li>9 cm | 5,8 g</li>
</ul>",Köderdepot,sg-4-6-13,Swimbait,"9010, Gelenkköder, Hechtköder, Kunststoff, Mehrteilig, Raubfischköder, Sinking, Swimbait, kategorie-koeder, zielfisch-hecht",TRUE,Farbe,ice-drift,Größe | Gewicht,"9 cm | 5,8 g",,,SF-SV-090-058-ID,6,shopify,20,deny,manual,8.99,,TRUE,TRUE,,https://cdn.shopify.com/s/files/1/1021/1239/5606/files/IceDrift.png?v=1776495188,1,,FALSE,"Pencilbait Gleitklinge – 5,8 g / 9 cm | Köderdepot","Pencilbait Gleitklinge – 5,8 g / 9 cm. Für Hecht, Zander. Lässt sich präzise über die Oberfläche führen. Jetzt bei Köderdepot entdecken.",https://cdn.shopify.com/s/files/1/1021/1239/5606/files/IceDrift.png?v=1776495188,g,active
koederdepot-gleitklinge,,,,,,,,,ghost-bone,,"9 cm | 5,8 g",,,SF-SV-090-058-GB,6,shopify,20,deny,manual,8.99,,TRUE,TRUE,,https://cdn.shopify.com/s/files/1/1021/1239/5606/files/GhostBone.png?v=1776495188,2,,,,,https://cdn.shopify.com/s/files/1/1021/1239/5606/files/GhostBone.png?v=1776495188,g,
koederdepot-gleitklinge,,,,,,,,,crimson-flash-1,,"9 cm | 5,8 g",,,SF-SV-090-058-CF,6,shopify,20,deny,manual,8.99,,TRUE,TRUE,,https://cdn.shopify.com/s/files/1/1021/1239/5606/files/CrimsonFlash.png?v=1776495188,3,,,,,https://cdn.shopify.com/s/files/1/1021/1239/5606/files/CrimsonFlash.png?v=1776495188,g,
koederdepot-gleitklinge,,,,,,,,,lime-frost,,"9 cm | 5,8 g",,,SF-SV-090-058-LF,6,shopify,20,deny,manual,8.99,,TRUE,TRUE,,https://cdn.shopify.com/s/files/1/1021/1239/5606/files/LimeFrost.png?v=1776495188,4,,,,,https://cdn.shopify.com/s/files/1/1021/1239/5606/files/LimeFrost.png?v=1776495188,g,
koederdepot-gleitklinge,,,,,,,,,pink-shiner,,"9 cm | 5,8 g",,,SF-SV-090-058-PS,6,shopify,20,deny,manual,8.99,,TRUE,TRUE,,https://cdn.shopify.com/s/files/1/1021/1239/5606/files/PinkShiner.png?v=1776495188,5,,,,,https://cdn.shopify.com/s/files/1/1021/1239/5606/files/PinkShiner.png?v=1776495188,g,
koederdepot-wasserjaeger,Köderdepot Wasserjäger,"<p><em>Schwimmender Froschköder für die krautreiche Oberfläche</em></p><h2>Leise über Kraut und Seerosen geführt</h2><p>Der Wasserjäger ist ein schwimmender Frosch-Gummiköder für Barsch und Hecht, wenn sich die Räuber zwischen dichtem Bewuchs an der Oberfläche aufhalten. Über Krautfelder und durch Seerosenfelder lässt er sich mit kurzen Zupfern führen. Dazwischen dürfen kleine Pausen stehen, damit der Köder auf der Stelle verharrt. Besonders an freien Taschen im Kraut entsteht so ein Angriffspunkt, den Fische aus dem Schutz heraus ansteuern können.</p><p>An Krautkanten kann der Wasserjäger parallel zum Bewuchs laufen, statt den Köder weit in offene Bereiche zu führen. Die schwimmende Ausrichtung hält ihn dabei im interessanten Oberflächenbereich, wo Barsch und Hecht nach Beute suchen. Mehrere Farbdekore erlauben eine Anpassung an klares Wasser, bedeckten Himmel oder stark bewachsene Buchten. Der geruchsaktive Gummiköder passt vor allem an Gewässer, an denen ein Froschköder möglichst lange über dem Kraut angeboten werden soll.</p><p><strong>Ausführung:</strong> 5 cm | 10 g</p><h3>Der Wasserjäger im Überblick</h3><ul>
<li>Schwimmender Topwater-Froschköder</li>
<li>Für krautreiche Flachbereiche</li>
<li>Kurze Zupfer und Pausen</li>
<li>Mehrere Farbdekore verfügbar</li>
<li>Geruchsaktiver Gummiköder</li>
<li>Zielfische: Barsch, Hecht</li>
<li>5 Dekore zur Auswahl</li>
<li>5 cm | 10 g</li>
</ul>",Köderdepot,sg-4-6-13,Frösche,"Barschköder, Floating, Froschköder, Geruchsaktiv, Hechtköder, Krautfeld, Krautkante, SB-21, Seerosen, Topwater, kategorie-koeder, zielfisch-hecht, zielfisch-barsch",TRUE,Farbe,neon-bog,Größe | Gewicht,5 cm | 10 g,,,SF-FR-050-100-NB,10,shopify,20,deny,manual,6.49,,TRUE,TRUE,,https://cdn.shopify.com/s/files/1/1021/1239/5606/files/Neon_Bog.png?v=1776495190,1,,FALSE,Frosch-Gummiköder Wasserjäger – 10 g / 5 cm | Köderdepot,"Frosch-Gummiköder Wasserjäger – 10 g / 5 cm. Für Hecht, Barsch. Bleibt in Kraut und Seerosenfeldern einsatzfähig. Jetzt bei Köderdepot entdecken.",https://cdn.shopify.com/s/files/1/1021/1239/5606/files/Neon_Bog.png?v=1776495190,g,active
koederdepot-wasserjaeger,,,,,,,,,jungle-pulse,,5 cm | 10 g,,,SF-FR-050-100-JP,10,shopify,20,deny,manual,6.49,,TRUE,TRUE,,https://cdn.shopify.com/s/files/1/1021/1239/5606/files/JunglePulse.png?v=1776495191,2,,,,,https://cdn.shopify.com/s/files/1/1021/1239/5606/files/JunglePulse.png?v=1776495191,g,
koederdepot-wasserjaeger,,,,,,,,,swamp-venom,,5 cm | 10 g,,,SF-FR-050-100-SV,10,shopify,20,deny,manual,6.49,,TRUE,TRUE,,https://cdn.shopify.com/s/files/1/1021/1239/5606/files/SwampVenom.png?v=1776495190,3,,,,,https://cdn.shopify.com/s/files/1/1021/1239/5606/files/SwampVenom.png?v=1776495190,g,
koederdepot-wasserjaeger,,,,,,,,,emerald-toxic,,5 cm | 10 g,,,SF-FR-050-100-ET,10,shopify,20,deny,manual,6.49,,TRUE,TRUE,,https://cdn.shopify.com/s/files/1/1021/1239/5606/files/EmeraldToxic.png?v=1776495190,4,,,,,https://cdn.shopify.com/s/files/1/1021/1239/5606/files/EmeraldToxic.png?v=1776495190,g,
koederdepot-wasserjaeger,,,,,,,,,midnight-splash,,5 cm | 10 g,,,SF-FR-050-100-MS,10,shopify,20,deny,manual,6.49,,TRUE,TRUE,,https://cdn.shopify.com/s/files/1/1021/1239/5606/files/MidnightSplash.png?v=1776495190,5,,,,,https://cdn.shopify.com/s/files/1/1021/1239/5606/files/MidnightSplash.png?v=1776495190,g,
koederdepot-tiefenschwinger,Köderdepot Tiefenschwinger,"<p><em>Sinkender Vibration-Bait für Tiefe und Distanz</em></p><h2>Druckvoll geführt an tiefen Standplätzen</h2><p>Der Tiefenschwinger ist ein sinkender Vibration-Bait für Hecht und Zander, wenn die Fische tiefer stehen oder weiter draußen gesucht werden. Beim gleichmäßigen Einkurbeln erzeugt diese Köderart deutlich spürbare Vibrationen, die sich auch bei Wind und Strömung gut einsetzen lassen. Nach dem Auswerfen kann der Köder zunächst absinken und anschließend in der gewünschten Wasserschicht geführt werden. Mit kurzen Beschleunigungen und anschließenden Absinkphasen lässt sich die Führung an vorsichtige Räuber anpassen.</p><p>Als Blechköder eignet sich der Tiefenschwinger für die Suche an Kanten, über tieferen Bereichen und entlang von Strömungsrinnen. Seine Wurfweite hilft dabei, breite Uferzonen und weiter entfernte Spots sauber abzufächern. Mehrere Farbdekore erlauben eine Anpassung an klares oder getrübtes Wasser sowie an wechselnde Lichtverhältnisse. Dezente Varianten passen oft zu klarem Wasser, während kontrastreichere Dekore an trüben Tagen oder bei wenig Licht besser sichtbar bleiben können.</p><p><strong>Ausführung:</strong> 11 cm | 45 g</p><h3>Der Tiefenschwinger im Überblick</h3><ul>
<li>Sinkender Vibration-Bait</li>
<li>Für weite Würfe</li>
<li>Spürbare Vibrationen</li>
<li>Mehrere Farbdekore</li>
<li>Für tiefere Bereiche</li>
<li>Zielfische: Hecht, Zander</li>
<li>4 Dekore zur Auswahl</li>
<li>11 cm | 45 g</li>
</ul>",Köderdepot,sg-4-6-13,Vibration-Bait,"9172, Blechköder, Distanzköder, Großbarsch, Hechtköder, Sinking, Vibrationbait, Weitwurf, Zanderköder, kategorie-koeder, zielfisch-hecht, zielfisch-zander, zielfisch-barsch",TRUE,Farbe,arctic-scale,Größe | Gewicht,11 cm | 45 g,,,HF-SR-110-450-AS,45,shopify,49,deny,manual,8.49,,TRUE,TRUE,,https://cdn.shopify.com/s/files/1/1021/1239/5606/files/ArcticScale.png?v=1776495192,1,,FALSE,Vibrationsköder Tiefenschwinger – 45 g / 11 cm | Köderdepot,"Vibrationsköder Tiefenschwinger – 45 g / 11 cm. Für Hecht, Zander. Kommt über tiefen Kanten schnell auf Tiefe. Jetzt bei Köderdepot entdecken.",https://cdn.shopify.com/s/files/1/1021/1239/5606/files/ArcticScale.png?v=1776495192,g,active
koederdepot-tiefenschwinger,,,,,,,,,ocean-strike,,11 cm | 45 g,,,HF-SR-110-450-OS,45,shopify,19,deny,manual,8.49,,TRUE,TRUE,,https://cdn.shopify.com/s/files/1/1021/1239/5606/files/OceanStrike.png?v=1776495192,2,,,,,https://cdn.shopify.com/s/files/1/1021/1239/5606/files/OceanStrike.png?v=1776495192,g,
koederdepot-tiefenschwinger,,,,,,,,,copper-flash,,11 cm | 45 g,,,HF-SR-110-450-CF,45,shopify,21,deny,manual,8.49,,TRUE,TRUE,,https://cdn.shopify.com/s/files/1/1021/1239/5606/files/CopperFlash.png?v=1776495192,3,,,,,https://cdn.shopify.com/s/files/1/1021/1239/5606/files/CopperFlash.png?v=1776495192,g,
koederdepot-tiefenschwinger,,,,,,,,,prism-chrome,,11 cm | 45 g,,,HF-SR-110-450-PC,45,shopify,20,deny,manual,8.49,,TRUE,TRUE,,https://cdn.shopify.com/s/files/1/1021/1239/5606/files/PrismChrome.png?v=1776495192,4,,,,,https://cdn.shopify.com/s/files/1/1021/1239/5606/files/PrismChrome.png?v=1776495192,g,
koederdepot-naturkopf,Köderdepot Naturkopf,"<p><em>Klassischer Rundkopf für den Gummifisch am Grund</em></p><h2>Direkte Köderführung über Grund und Kante</h2><p>Der Naturkopf bringt den Gummifisch als klassischer Rundkopf dicht an den Grund und hält die Köderführung beim Jiggen, Faulenzen oder Schleifen nachvollziehbar. Beim Spinnfischen auf Hecht, Zander und Barsch entsteht damit eine direkte Verbindung zwischen Rute, Köder und Untergrund. Je nach gewählter Ausführung lässt sich die Beschwerung an flachere Bereiche, tiefere Kanten oder spürbare Strömung anpassen. Der Kopf unterstützt einen geraden Lauf des Gummifischs, wenn dieser sauber aufgezogen ist.</p><p>Die verschiedenen Ausführungen des Naturkopfs erlauben es, den Bleikopf auf die jeweilige Tiefe und die Strömung im Revier abzustimmen. So kann derselbe Gummifisch am ruhigen Uferbereich anders geführt werden als an einer Kante mit Druck auf der Schnur. Die einheitliche Farbgebung hält den Auftritt des Köders zurückhaltend. Geliefert wird der Jigkopf im PVC-Beutel, wodurch die Köpfe zusammen mit weiterem Zubehör in der Köderbox bereitliegen.</p><h3>Auf einen Blick</h3><ul>
<li>
<strong>Form:</strong> Rundkopf</li>
<li>
<strong>Gewichte:</strong> 0,875 g – 21 g</li>
<li>
<strong>Verpackung:</strong> PVC-Beutel, 10 Stück je Beutel</li>
<li>
<strong>Zielfische:</strong> Hecht, Zander, Barsch</li>
</ul><h3>Ausführungen im Überblick</h3><table><tbody>
<tr>
<td><strong>Ausführung</strong></td>
<td><strong>Preis</strong></td>
</tr>
<tr>
<td>21 g | 10 St.</td>
<td>8,49 €</td>
</tr>
<tr>
<td>14 g | 10 St.</td>
<td>8,49 €</td>
</tr>
<tr>
<td>10 g | 10 St.</td>
<td>8,39 €</td>
</tr>
<tr>
<td>7 g | 10 St.</td>
<td>8,29 €</td>
</tr>
<tr>
<td>5 g | 10 St.</td>
<td>7,99 €</td>
</tr>
<tr>
<td>3,5 g | 10 St.</td>
<td>7,49 €</td>
</tr>
<tr>
<td>1,75 g | 10 St.</td>
<td>6,99 €</td>
</tr>
<tr>
<td>0,875 g | 10 St.</td>
<td>6,49 €</td>
</tr>
</tbody></table><h3>Technische Merkmale</h3><ul><li>
<strong>Farbauswahl:</strong> 1 Farbe</li></ul><h3>Der Naturkopf im Überblick</h3><ul>
<li>Klassische Rundkopfform</li>
<li>Für Gummifische</li>
<li>Verschiedene Ausführungen</li>
<li>PVC-Beutel</li>
<li>Einheitliche Farbgebung</li>
<li>Für Grundkontakt</li>
<li>Zielfische: Hecht, Zander, Barsch</li>
</ul>",Köderdepot,sg-4-6-13,Jigköpfe,"Barschköder, Bleikopf, FH-02, Gummifisch, Jigkopf, Rundkopf, Spinnfischen, Zanderköder, zielfisch-zander, zielfisch-barsch",TRUE,Gewicht | Menge,21 g | 10 St.,,,,,TK-JC-000-210,210,shopify,100,deny,manual,8.49,,TRUE,TRUE,,https://cdn.shopify.com/s/files/1/1021/1239/5606/files/DesignohneTitel_10_948638ec-487f-45ea-9350-6011237a9f7b.png?v=1784194784,1,,FALSE,"Jigkopf Naturkopf – 0,875–21,0 g, 10 Stück | Köderdepot","Jigkopf Naturkopf – 0,875–21,0 g, 10 Stück. Für Gummifisch. Sitzt sauber im Gummiköder und führt ihn stabil. Jetzt bei Köderdepot entdecken.",https://cdn.shopify.com/s/files/1/1021/1239/5606/files/DesignohneTitel_10_948638ec-487f-45ea-9350-6011237a9f7b.png?v=1784194784,g,active
koederdepot-naturkopf,,,,,,,,,14 g | 10 St.,,,,,TK-JC-000-140,140,shopify,100,deny,manual,8.49,,TRUE,TRUE,,,,,,,,https://cdn.shopify.com/s/files/1/1021/1239/5606/files/DesignohneTitel_10_948638ec-487f-45ea-9350-6011237a9f7b.png?v=1784194784,g,
koederdepot-naturkopf,,,,,,,,,10 g | 10 St.,,,,,TK-JC-000-100,100,shopify,100,deny,manual,8.39,,TRUE,TRUE,,,,,,,,https://cdn.shopify.com/s/files/1/1021/1239/5606/files/DesignohneTitel_10_948638ec-487f-45ea-9350-6011237a9f7b.png?v=1784194784,g,
koederdepot-naturkopf,,,,,,,,,7 g | 10 St.,,,,,TK-JC-000-070,70,shopify,100,deny,manual,8.29,,TRUE,TRUE,,,,,,,,https://cdn.shopify.com/s/files/1/1021/1239/5606/files/DesignohneTitel_10_948638ec-487f-45ea-9350-6011237a9f7b.png?v=1784194784,g,
koederdepot-naturkopf,,,,,,,,,5 g | 10 St.,,,,,TK-JC-000-050,50,shopify,99,deny,manual,7.99,,TRUE,TRUE,,,,,,,,https://cdn.shopify.com/s/files/1/1021/1239/5606/files/DesignohneTitel_10_948638ec-487f-45ea-9350-6011237a9f7b.png?v=1784194784,g,
koederdepot-naturkopf,,,,,,,,,"3,5 g | 10 St.",,,,,TK-JC-000-035,35,shopify,100,deny,manual,7.49,,TRUE,TRUE,,,,,,,,https://cdn.shopify.com/s/files/1/1021/1239/5606/files/DesignohneTitel_10_948638ec-487f-45ea-9350-6011237a9f7b.png?v=1784194784,g,
koederdepot-naturkopf,,,,,,,,,"1,75 g | 10 St.",,,,,TK-JC-000-018,18,shopify,100,deny,manual,6.99,,TRUE,TRUE,,,,,,,,https://cdn.shopify.com/s/files/1/1021/1239/5606/files/DesignohneTitel_10_948638ec-487f-45ea-9350-6011237a9f7b.png?v=1784194784,g,
koederdepot-naturkopf,,,,,,,,,"0,875 g | 10 St.",,,,,TK-JC-000-008,9,shopify,100,deny,manual,6.49,,TRUE,TRUE,,,,,,,,https://cdn.shopify.com/s/files/1/1021/1239/5606/files/DesignohneTitel_10_948638ec-487f-45ea-9350-6011237a9f7b.png?v=1784194784,g,
koederdepot-schwingkoenig,Köderdepot Schwingkönig,"<p><em>Druckvoller Suchköder für aktive Raubfische</em></p><h2>Vibrationen und Rasseln für die Suche</h2><p>Der Schwingkönig ist ein sinkender Lipless Crankbait für Barsch, Hecht und Zander. Beim Einholen erzeugt sein Körper kräftige Vibrationen, während die Metallkugeln im Inneren eine deutlich wahrnehmbare Rassel abgeben. So lässt er sich über freie Flächen, an Kanten oder entlang abfallender Ufer führen. Gleichmäßiges Kurbeln bringt ihn zuverlässig in Aktion. Kurze Stopps und anschließendes Anziehen setzen zusätzliche Reize, wenn die Räuber dem Köder nur folgen.</p><p>Als Searchbait spielt der Schwingkönig seine Stärken aus, wenn größere Bereiche zügig nach aktiven Fischen abgesucht werden sollen. Durch sein sinkendes Verhalten erreicht er auch tiefer stehende Räuber und kann nach dem Auswurf unterschiedlich lange absinken. Mehrere Farbdekore erlauben eine Anpassung an klares Wasser, trübe Bedingungen oder wechselndes Licht. Die kompakte Lipless-Bauweise macht ihn zu einem auffälligen Triggerköder für strukturreiche Spots und offene Bereiche.</p><p><strong>Ausführung:</strong> 6,5 cm | 13,8 g</p><h3>Der Schwingkönig im Überblick</h3><ul>
<li>Sinkender Lipless Crankbait</li>
<li>Kräftige Vibrationen</li>
<li>Rassel mit Metallkugeln</li>
<li>Für aktive Suche</li>
<li>Mehrere Farbdekore verfügbar</li>
<li>Zielfische: Barsch, Hecht, Zander</li>
<li>5 Dekore zur Auswahl</li>
<li>6,5 cm | 13,8 g</li>
</ul>",Köderdepot,sg-4-6-13,Lipless crankbait,"Barschköder, Hechtköder, Lipless crankbait, Metallkugeln, Rassel, Searchbait, Sinking, Triggerköder, V-04, Vibrationbait, Zanderköder, kategorie-koeder, zielfisch-hecht, zielfisch-zander, zielfisch-barsch",TRUE,Farbe,blue-strike-veil,Größe | Gewicht,"6,5 cm | 13,8 g",,,SF-RV-065-138-BS,14,shopify,18,deny,manual,6.49,,TRUE,TRUE,,https://cdn.shopify.com/s/files/1/1021/1239/5606/files/BlueStrikeVeil.png?v=1776495195,1,,FALSE,"Vibrationsköder Schwingkönig – 13,8 g / 6,5 cm | Köderdepot","Vibrationsköder Schwingkönig – 13,8 g / 6,5 cm. Für Hecht, Zander. Arbeitet mit spürbarer Vibration und Rassel. Jetzt bei Köderdepot entdecken.",https://cdn.shopify.com/s/files/1/1021/1239/5606/files/BlueStrikeVeil.png?v=1776495195,g,active
koederdepot-schwingkoenig,,,,,,,,,violet-shockline,,"6,5 cm | 13,8 g",,,SF-RV-065-138-VS,14,shopify,20,deny,manual,6.49,,TRUE,TRUE,,https://cdn.shopify.com/s/files/1/1021/1239/5606/files/VioletShockline.png?v=1776495195,2,,,,,https://cdn.shopify.com/s/files/1/1021/1239/5606/files/VioletShockline.png?v=1776495195,g,
koederdepot-schwingkoenig,,,,,,,,,amber-code,,"6,5 cm | 13,8 g",,,SF-RV-065-138-AC,14,shopify,19,deny,manual,6.49,,TRUE,TRUE,,https://cdn.shopify.com/s/files/1/1021/1239/5606/files/AmberCode.png?v=1776495195,3,,,,,https://cdn.shopify.com/s/files/1/1021/1239/5606/files/AmberCode.png?v=1776495195,g,
koederdepot-schwingkoenig,,,,,,,,,neon-pikeflash,,"6,5 cm | 13,8 g",,,SF-RV-065-138-NP,14,shopify,20,deny,manual,6.49,,TRUE,TRUE,,https://cdn.shopify.com/s/files/1/1021/1239/5606/files/NeonPikeflash_5247ec68-8215-4c4e-bd89-e637e28477ac.png?v=1776495195,4,,,,,https://cdn.shopify.com/s/files/1/1021/1239/5606/files/NeonPikeflash_5247ec68-8215-4c4e-bd89-e637e28477ac.png?v=1776495195,g,
koederdepot-schwingkoenig,,,,,,,,,golden-perchline,,"6,5 cm | 13,8 g",,,SF-RV-065-138-GP,14,shopify,19,deny,manual,6.49,,TRUE,TRUE,,https://cdn.shopify.com/s/files/1/1021/1239/5606/files/GoldenPerchline_513d3193-b2b4-4827-9a1e-e7c52eccc94c.png?v=1776495195,5,,,,,https://cdn.shopify.com/s/files/1/1021/1239/5606/files/GoldenPerchline_513d3193-b2b4-4827-9a1e-e7c52eccc94c.png?v=1776495195,g,
koederdepot-teichjaeger,Köderdepot Teichjäger,"<p><em>Schwimmender Froschköder für dichte Krautfelder</em></p><h2>Leise über dem Kraut geführt</h2><p>Der Teichjäger ist ein schwimmender Froschköder für Hechte, die zwischen Kraut und über flachen Pflanzenfeldern stehen. Er wird an der Oberfläche geführt und kann über freie Taschen, entlang von Krautkanten oder direkt über geschlossenes Grün laufen. Kurze Zupfer bringen Bewegung in den Softbody, während längere Pausen an offenen Stellen oft den nötigen Moment für den Biss schaffen. Gerade wenn Hechte im Krautfeld auf Beute lauern, spielt diese Führung ihre Stärke aus.</p><p>Mehrere Farbdekore erlauben es, den Teichjäger an Licht, Wasserfarbe und die Sichtbarkeit zwischen den Pflanzen anzupassen. In klarem Wasser sind natürliche Töne für vorsichtige Hechte eine passende Wahl, bei trüber Sicht dürfen sich Kontraste besser vom Kraut abheben. Als Weedless geführter Oberflächenköder eignet sich der Frosch besonders für Bereiche, in denen herkömmliche Köder schnell Pflanzen aufnehmen. Auch an schattigen Krautfeldern lässt er sich langsam und kontrolliert anbieten.</p><h3>Ausführungen im Überblick</h3><table><tbody>
<tr>
<td><strong>Ausführung</strong></td>
<td><strong>Preis</strong></td>
</tr>
<tr>
<td>6 cm | 15 g</td>
<td>8,99 €</td>
</tr>
<tr>
<td>4 cm | 5 g</td>
<td>7,99 €</td>
</tr>
</tbody></table><h3>Der Teichjäger im Überblick</h3><ul>
<li>Schwimmender Softbody</li>
<li>Für dichte Krautfelder</li>
<li>Weedless Oberflächenführung</li>
<li>Mehrere Farbdekore</li>
<li>Pausen an Krautlücken</li>
<li>Zielfische: Hecht</li>
<li>4 Dekore zur Auswahl</li>
<li>6 cm | 15 g</li>
</ul>",Köderdepot,sg-4-6-13,Frösche,"Blackbass, Floating, Froschköder, Hechtköder, Krautfeld, Oberflächenköder, SB-32, Softbody, Topwater, Weedless, kategorie-koeder, zielfisch-hecht",TRUE,Farbe,jungle-venom,Größe | Gewicht,6 cm | 15 g,,,SF-FS-060-150-JV,15,shopify,40,deny,manual,7.49,,TRUE,TRUE,,https://cdn.shopify.com/s/files/1/1021/1239/5606/files/JungleVenom.png?v=1776495197,1,,FALSE,"Frosch-Gummiköder Teichjäger – 5,0–15,0 g | Köderdepot","Frosch-Gummiköder Teichjäger – 5,0–15,0 g. Für Hecht, Barsch. Bleibt in Kraut und Seerosenfeldern einsatzfähig. Jetzt bei Köderdepot entdecken.",https://cdn.shopify.com/s/files/1/1021/1239/5606/files/JungleVenom.png?v=1776495197,g,active
koederdepot-teichjaeger,,,,,,,,,jungle-venom,,4 cm | 5 g,,,SF-FS-040-050-JV,5,shopify,40,deny,manual,7.49,,TRUE,TRUE,,https://cdn.shopify.com/s/files/1/1021/1239/5606/files/YellowSwamp.png?v=1776495197,2,,,,,https://cdn.shopify.com/s/files/1/1021/1239/5606/files/JungleVenom.png?v=1776495197,g,
koederdepot-teichjaeger,,,,,,,,,yellow-swamp,,6 cm | 15 g,,,SF-FS-060-150-YS,15,shopify,20,deny,manual,7.49,,TRUE,TRUE,,https://cdn.shopify.com/s/files/1/1021/1239/5606/files/LavaToad.png?v=1776495197,3,,,,,https://cdn.shopify.com/s/files/1/1021/1239/5606/files/YellowSwamp.png?v=1776495197,g,
koederdepot-teichjaeger,,,,,,,,,yellow-swamp,,4 cm | 5 g,,,SF-FS-040-050-YS,5,shopify,20,deny,manual,7.49,,TRUE,TRUE,,https://cdn.shopify.com/s/files/1/1021/1239/5606/files/FireMarsh.png?v=1776495197,4,,,,,https://cdn.shopify.com/s/files/1/1021/1239/5606/files/YellowSwamp.png?v=1776495197,g,
koederdepot-teichjaeger,,,,,,,,,lava-toad,,6 cm | 15 g,,,SF-FS-060-150-LT,15,shopify,20,deny,manual,7.49,,TRUE,TRUE,,,,,,,,https://cdn.shopify.com/s/files/1/1021/1239/5606/files/LavaToad.png?v=1776495197,g,
koederdepot-teichjaeger,,,,,,,,,lava-toad,,4 cm | 5 g,,,SF-FS-040-050-LT,5,shopify,20,deny,manual,7.49,,TRUE,TRUE,,,,,,,,https://cdn.shopify.com/s/files/1/1021/1239/5606/files/LavaToad.png?v=1776495197,g,
koederdepot-teichjaeger,,,,,,,,,fire-marsh,,6 cm | 15 g,,,SF-FS-060-150-FM,15,shopify,20,deny,manual,7.49,,TRUE,TRUE,,,,,,,,https://cdn.shopify.com/s/files/1/1021/1239/5606/files/FireMarsh.png?v=1776495197,g,
koederdepot-teichjaeger,,,,,,,,,fire-marsh,,4 cm | 5 g,,,SF-FS-040-050-FM,5,shopify,20,deny,manual,7.49,,TRUE,TRUE,,,,,,,,https://cdn.shopify.com/s/files/1/1021/1239/5606/files/FireMarsh.png?v=1776495197,g,
koederdepot-kraftklinge,Köderdepot Kraftklinge,"<p><em>Schwimmender Minnow für markante Führungswechsel</em></p><h2>Kraftklinge für Hecht und Zander</h2><p>Die Kraftklinge ist ein schwimmender Wobbler für Hecht und Zander, der beim Spinnfischen über Führungspausen besonders variabel eingesetzt werden kann. Bei der Stop-and-Go-Führung wird der Köder zwischen den Kurbelphasen angehalten und steigt dabei wieder auf. Das passt an Kanten, über flacheren Hindernissen und entlang von Krautfeldern, wenn der Köder nicht dauerhaft auf gleicher Höhe laufen soll. Auch kurze Beschleunigungen vor dem Stopp setzen klare Reize.</p><p>Als Hardbait mit Rassel bringt die Kraftklinge zusätzlich einen akustischen Reiz ins Wasser. Das kann bei getrübtem Wasser, Wind auf der Oberfläche oder an Stellen mit wenig Sichtbarkeit sinnvoll sein. Die verschiedenen Farbdekore erlauben eine Anpassung an Licht, Wasserfarbe und Beutefischbild. Helle Varianten lassen sich bei trübem Wasser auffällig fischen, während natürliche Dekore an klaren Gewässern und bei vorsichtigen Räubern eine passende Wahl sind.</p><p><strong>Ausführung:</strong> 14 cm | 40 g</p><h3>Der Kraftklinge im Überblick</h3><ul>
<li>Schwimmender Wobbler</li>
<li>Für Stop-and-Go-Führung</li>
<li>Mit Rassel</li>
<li>Verschiedene Farbdekore</li>
<li>Für Spinnfischen</li>
<li>Hardbait für Großfisch</li>
<li>Zielfische: Hecht, Zander</li>
<li>5 Dekore zur Auswahl</li>
<li>14 cm | 40 g</li>
</ul>",Köderdepot,sg-4-6-13,Wobbler,"9111, Bigbait, Floating, Großfisch, Hardbait, Hechtköder, Rassel, Spinnfischen, Stop And Go, Wobbler, Zanderköder, kategorie-koeder, zielfisch-hecht, zielfisch-zander",TRUE,Farbe,purple-tiger-fade,Größe | Gewicht,14 cm | 40 g,,,HF-TS-140-400-PT,40,shopify,20,deny,manual,9.99,,TRUE,TRUE,,https://cdn.shopify.com/s/files/1/1021/1239/5606/files/PurpleTigerFade.png?v=1776495199,1,,FALSE,Wobbler Kraftklinge – 40 g / 14 cm | Köderdepot,"Wobbler Kraftklinge – 40 g / 14 cm. Für Hecht, Zander. Überzeugt beim Spinnfischen mit stabiler Laufeigenschaft.",https://cdn.shopify.com/s/files/1/1021/1239/5606/files/PurpleTigerFade.png?v=1776495199,g,active
koederdepot-kraftklinge,,,,,,,,,chrome-drift,,14 cm | 40 g,,,HF-TS-140-400-CD,40,shopify,19,deny,manual,9.99,,TRUE,TRUE,,https://cdn.shopify.com/s/files/1/1021/1239/5606/files/DesignohneTitel_5_f0365f25-2a2f-4d17-bd47-18353b468f4c.png?v=1776495198,2,,,,,https://cdn.shopify.com/s/files/1/1021/1239/5606/files/DesignohneTitel_5_f0365f25-2a2f-4d17-bd47-18353b468f4c.png?v=1776495198,g,
koederdepot-kraftklinge,,,,,,,,,blue-dot-runner,,14 cm | 40 g,,,HF-TS-140-400-BD,40,shopify,20,deny,manual,9.99,,TRUE,TRUE,,https://cdn.shopify.com/s/files/1/1021/1239/5606/files/DesignohneTitel_6_45aaff96-fa17-4482-8b83-2bf46eb63988.png?v=1776495198,3,,,,,https://cdn.shopify.com/s/files/1/1021/1239/5606/files/DesignohneTitel_6_45aaff96-fa17-4482-8b83-2bf46eb63988.png?v=1776495198,g,
koederdepot-kraftklinge,,,,,,,,,lime-spot-riot,,14 cm | 40 g,,,HF-TS-140-400-BD,40,shopify,20,deny,manual,9.99,,TRUE,TRUE,,https://cdn.shopify.com/s/files/1/1021/1239/5606/files/DesignohneTitel_7_73718a2f-e6e7-4839-8533-df0a4811eb88.png?v=1776495198,4,,,,,https://cdn.shopify.com/s/files/1/1021/1239/5606/files/DesignohneTitel_7_73718a2f-e6e7-4839-8533-df0a4811eb88.png?v=1776495198,g,
koederdepot-kraftklinge,,,,,,,,,green-pike-flash,,14 cm | 40 g,,,HF-TS-140-400-GP,40,shopify,20,deny,manual,9.99,,TRUE,TRUE,,https://cdn.shopify.com/s/files/1/1021/1239/5606/files/DesignohneTitel_9_56b3fcaa-75af-422f-84e9-1bfc609c9dfa.png?v=1776495199,5,,,,,https://cdn.shopify.com/s/files/1/1021/1239/5606/files/DesignohneTitel_9_56b3fcaa-75af-422f-84e9-1bfc609c9dfa.png?v=1776495199,g,
koederdepot-uferflitzer,Köderdepot Uferflitzer,"<p><em>Sinkender Hybridspinner für strukturreiche Uferbereiche.</em></p><h2>Blinken und Druck für die kontrollierte Absinkphase</h2><p>Der Uferflitzer ist ein sinkender Spinner zum Spinnfischen auf Barsch, Forelle und Hecht. Nach dem Auswerfen darf er bis zur passenden Tiefe absinken, bevor er gleichmäßig durch die gewünschte Wasserschicht geführt wird. Sein Spinnerblatt erzeugt dabei Blinkeffekte und eine Druckwelle im Wasser. Auch wenn das Licht flach steht oder der Wind kleine Wellen auf die Oberfläche drückt, bleibt diese Rückmeldung erhalten. Über festem Grund lassen sich kurze Tempowechsel einsetzen, um das Spiel des Köders neu in Gang zu bringen.</p><p>Der Gummikörper am Körper verleiht dem Uferflitzer seinen Hybridcharakter: Der Spinner wirkt optisch über das Blatt und zugleich körperlich über das Gummiteil, das im Wasser Volumen zeigt. Diese Kombination eignet sich für Uferabschnitte mit wechselnder Struktur, an denen der Köder zwischen Steinen, Totholz und flachen Rippeln arbeiten soll. Die Dekore lassen sich so wählen, dass der Köder bei klarem Wasser zurückhaltend und bei trüber Sicht kontrastreicher erscheint. So bleibt die Abstimmung am jeweiligen Uferplatz möglich.</p><h3>Ausführung:</h3><p><strong>Gewicht:</strong> 2,0 – 5,3 g</p><h3>Der Uferflitzer im Überblick</h3><ul>
<li>Sinkender Spinner mit Gummikörper</li>
<li>Blinkeffekt für Sichtreize</li>
<li>Druckwelle im Wasser</li>
<li>Kontrollierte Absinkphase</li>
<li>Für strukturreiche Uferbereiche</li>
<li>Zielfische: Barsch, Forelle, Hecht</li>
</ul>",Köderdepot,sg-4-6-13,Spinner,"Barschköder, Blinkeffekt, Druckwelle, F-06, Forelle, Gummikörper, Hechtköder, Hybridköder, Sinking, Spinner, Spinnerbait, Spinnfischen, kategorie-koeder, zielfisch-hecht, zielfisch-barsch, zielfisch-forelle",TRUE,Farbe,shadow-minnow,Größe | Gewicht,"8,6 cm | 5,3 g",,,SF-SS-086-053-SM,5,shopify,49,deny,manual,3.49,,TRUE,TRUE,,https://cdn.shopify.com/s/files/1/1021/1239/5606/files/DesignohneTitel_8_879d8243-bb5a-4abc-af3f-2e39d0b2916f.png?v=1776495200,1,,FALSE,"Spinner Uferflitzer – 2,0–5,3 g | Köderdepot","Spinner Uferflitzer – 2,0–5,3 g. Für Hecht, Barsch. Bringt Druck und Reflexe in trübe und klare Gewässer. Jetzt bei Köderdepot entdecken.",https://cdn.shopify.com/s/files/1/1021/1239/5606/files/DesignohneTitel_8_879d8243-bb5a-4abc-af3f-2e39d0b2916f.png?v=1776495200,g,active
koederdepot-uferflitzer,,,,,,,,,shadow-minnow,,"5,5 cm | 2 g",,,SF-SS-055-020-SM,2,shopify,49,deny,manual,3.49,,TRUE,TRUE,,https://cdn.shopify.com/s/files/1/1021/1239/5606/files/DesignohneTitel_7_fa810160-fe05-413e-aceb-fc1af96f44c1.png?v=1776495200,2,,,,,https://cdn.shopify.com/s/files/1/1021/1239/5606/files/DesignohneTitel_8_879d8243-bb5a-4abc-af3f-2e39d0b2916f.png?v=1776495200,g,
koederdepot-uferflitzer,,,,,,,,,red-head-flash,,"8,6 cm | 5,3 g",,,SF-SS-086-053-RH,5,shopify,49,deny,manual,3.49,,TRUE,TRUE,,,,,,,,https://cdn.shopify.com/s/files/1/1021/1239/5606/files/DesignohneTitel_7_fa810160-fe05-413e-aceb-fc1af96f44c1.png?v=1776495200,g,
koederdepot-uferflitzer,,,,,,,,,red-head-flash,,"5,5 cm | 2 g",,,SF-SS-055-020-RH,2,shopify,49,deny,manual,3.49,,TRUE,TRUE,,,,,,,,https://cdn.shopify.com/s/files/1/1021/1239/5606/files/DesignohneTitel_7_fa810160-fe05-413e-aceb-fc1af96f44c1.png?v=1776495200,g,
koederdepot-leichtblitz,Köderdepot Leichtblitz,"<p><em>Sinkender Spinner für die aktive Suche mit Licht und Druck</em></p><h2>Blinkender Reiz für die freie Wassersäule</h2><p>Der Leichtblitz ist ein sinkender Spinner für das Spinnfischen auf Barsch und Hecht. Nach dem Auswerfen lässt er sich absinken und gezielt durch unterschiedliche Tiefen führen. Beim gleichmäßigen Einkurbeln arbeitet ein Spinner mit Blinkeffekt und Druckwelle, wodurch er auch über weiterem Freiwasser gut wahrnehmbar bleibt. An Kanten, entlang von Krautfeldern oder über hartem Grund kann die Geschwindigkeit angepasst werden, bis die Fische auf den Reiz reagieren.</p><p>Mehrere Farbdekore erlauben es, den Leichtblitz auf Lichtverhältnisse und Wassertrübung abzustimmen. Helle, stark blinkende Varianten passen zu trübem Wasser oder bedecktem Himmel, während zurückhaltendere Dekore bei klarem Wasser eine passende Wahl sein können. Als Blechköder spielt er seine Stärken beim Absuchen von Uferstrecken, Buchten und markanten Übergängen aus. Kurze Absinkphasen zwischen den Kurbelumdrehungen bringen den Köder dichter an den Grund oder an tiefer stehende Räuber.</p><h3>Ausführungen im Überblick</h3><table><tbody>
<tr>
<td><strong>Ausführung</strong></td>
<td><strong>Preis</strong></td>
</tr>
<tr>
<td>3,5 cm | 12,2 g</td>
<td>3,49 €</td>
</tr>
<tr>
<td>2,5 cm | 3 g</td>
<td>3,49 €</td>
</tr>
</tbody></table><h3>Der Leichtblitz im Überblick</h3><ul>
<li>Sinkend geführt</li>
<li>Blinkeffekt und Druckwelle</li>
<li>Für das Spinnfischen</li>
<li>Mehrere Farbdekore</li>
<li>Blechköder für Suchphasen</li>
<li>Zielfische: Barsch, Forelle, Hecht</li>
<li>2 Dekore zur Auswahl</li>
<li>3,5 cm | 12,2 g</li>
</ul>",Köderdepot,sg-4-6-13,Spinner,"Barschköder, Blechköder, Blinkeffekt, Druckwelle, F-03, Forelle, Hechtköder, Sinking, Spinner, Spinnerbait, Spinnfischen, suchköder, kategorie-koeder, zielfisch-hecht, zielfisch-barsch, zielfisch-forelle",TRUE,Farbe,gold-mint-pulse,Größe | Gewicht,"3,5 cm | 12,2 g",,,SF-FC-035-122-GM,12,shopify,49,deny,manual,3.49,,TRUE,TRUE,,https://cdn.shopify.com/s/files/1/1021/1239/5606/files/DesignohneTitel_6_3128a0ed-4923-455c-97ce-dc05c9584ecd.png?v=1776495202,1,,FALSE,"Spinner Leichtblitz – 3,0–12,2 g | Köderdepot","Spinner Leichtblitz – 3,0–12,2 g. Für Hecht, Barsch. Bringt Druck und Reflexe in trübe und klare Gewässer. Jetzt bei Köderdepot entdecken.",https://cdn.shopify.com/s/files/1/1021/1239/5606/files/DesignohneTitel_6_3128a0ed-4923-455c-97ce-dc05c9584ecd.png?v=1776495202,g,active
koederdepot-leichtblitz,,,,,,,,,gold-mint-pulse,,"2,5 cm | 3 g",,,SF-FC-025-030-GM,3,shopify,49,deny,manual,3.49,,TRUE,TRUE,,https://cdn.shopify.com/s/files/1/1021/1239/5606/files/DesignohneTitel_5_09e53320-2ed6-403d-a998-25fbac39b07d.png?v=1776495202,2,,,,,https://cdn.shopify.com/s/files/1/1021/1239/5606/files/DesignohneTitel_6_3128a0ed-4923-455c-97ce-dc05c9584ecd.png?v=1776495202,g,
koederdepot-leichtblitz,,,,,,,,,gold-wine-flash,,"3,5 cm | 12,2 g",,,SF-FC-035-122-GW,12,shopify,49,deny,manual,3.49,,TRUE,TRUE,,,,,,,,https://cdn.shopify.com/s/files/1/1021/1239/5606/files/DesignohneTitel_5_09e53320-2ed6-403d-a998-25fbac39b07d.png?v=1776495202,g,
koederdepot-leichtblitz,,,,,,,,,gold-wine-flash,,"2,5 cm | 3 g",,,SF-FC-025-030-GW,3,shopify,50,deny,manual,3.49,,TRUE,TRUE,,,,,,,,https://cdn.shopify.com/s/files/1/1021/1239/5606/files/DesignohneTitel_5_09e53320-2ed6-403d-a998-25fbac39b07d.png?v=1776495202,g,
koederdepot-grosspfeil,Köderdepot Großpfeil,"<p><em>Gelenkiger Pencilbait für Druck und Präsenz</em></p><h2>Langsam sinkend durch tiefe Strukturen</h2><p>Der Großpfeil ist ein langsam sinkender Pencilbait mit gelenkigem Körper, der beim Spinnfischen für Barsch, Hecht und Zander gedacht ist. Nach dem Auswerfen lässt er sich gezielt absinken, bevor er an Kanten, über versunkenen Strukturen oder entlang tieferer Uferbereiche geführt wird. Eine gleichmäßige Führung bringt den Köder kontrolliert durch das Wasser. Kurze Beschleunigungen und anschließende Pausen setzen zusätzliche Reize, wenn Räuber einem größeren Beutefisch folgen.</p><p>Als Hardbait mit Rassel spricht der Großpfeil auch Fische an, die ihre Beute über Druckwellen orten. Das Magnet Hook System gehört zur Ausstattung und unterstützt den Einsatz beim Spinnfischen. Mehrere Farbdekore erlauben eine Anpassung an Wassertrübung, Licht und vorherrschende Futterfische. Natürliche Dekore passen zu klarem Wasser und vorsichtigen Räubern, während auffälligere Varianten bei trübem Wasser oder in der Dämmerung besser wahrgenommen werden können.</p><p><strong>Ausführung:</strong> 13,5 cm | 28 g</p><h3>Der Großpfeil im Überblick</h3><ul>
<li>Langsam sinkender Hardbait</li>
<li>Gelenkiger Köderkörper</li>
<li>Mit Rassel</li>
<li>Magnet Hook System</li>
<li>Mehrere Farbdekore</li>
<li>Für das Spinnfischen</li>
<li>Zielfische: Barsch, Hecht, Zander</li>
<li>5 Dekore zur Auswahl</li>
<li>13,5 cm | 28 g</li>
</ul>",Köderdepot,sg-4-6-13,Swimbait,"9135, Barschköder, Bigbait, Hardbait, Hechtköder, Jointed, Magnet Hook System, Rassel, Slow Sinking, Spinnfischen, Swimbait, Zanderköder, kategorie-koeder, zielfisch-hecht, zielfisch-zander, zielfisch-barsch",TRUE,Farbe,pearl-fade,Größe | Gewicht,"13,5 cm | 28 g",,,HF-MJ-135-280-PF,28,shopify,19,deny,manual,10.99,,TRUE,TRUE,,https://cdn.shopify.com/s/files/1/1021/1239/5606/files/PearlFade.png?v=1776495203,1,,FALSE,"Pencilbait Großpfeil – 28 g / 13,5 cm | Köderdepot","Pencilbait Großpfeil – 28 g / 13,5 cm. Für Hecht, Zander. Lässt sich präzise über die Oberfläche führen. Jetzt bei Köderdepot entdecken.",https://cdn.shopify.com/s/files/1/1021/1239/5606/files/PearlFade.png?v=1776495203,g,active
koederdepot-grosspfeil,,,,,,,,,silver-shadow,,"13,5 cm | 28 g",,,HF-MJ-135-280-SS,28,shopify,19,deny,manual,10.99,,TRUE,TRUE,,https://cdn.shopify.com/s/files/1/1021/1239/5606/files/SilverShadow.png?v=1776495203,2,,,,,https://cdn.shopify.com/s/files/1/1021/1239/5606/files/SilverShadow.png?v=1776495203,g,
koederdepot-grosspfeil,,,,,,,,,trout-blaze,,"13,5 cm | 28 g",,,HF-MJ-135-280-TB,28,shopify,19,deny,manual,10.99,,TRUE,TRUE,,https://cdn.shopify.com/s/files/1/1021/1239/5606/files/Trout_Blaze.png?v=1776495203,3,,,,,https://cdn.shopify.com/s/files/1/1021/1239/5606/files/Trout_Blaze.png?v=1776495203,g,
koederdepot-grosspfeil,,,,,,,,,golden-perchline,,"13,5 cm | 28 g",,,HF-MJ-135-280-GP,28,shopify,20,deny,manual,10.99,,TRUE,TRUE,,https://cdn.shopify.com/s/files/1/1021/1239/5606/files/GoldenPerchline.png?v=1776495203,4,,,,,https://cdn.shopify.com/s/files/1/1021/1239/5606/files/GoldenPerchline.png?v=1776495203,g,
koederdepot-grosspfeil,,,,,,,,,golden-pike,,"13,5 cm | 28 g",,,HF-MJ-135-280-GS,28,shopify,20,deny,manual,10.99,,TRUE,TRUE,,https://cdn.shopify.com/s/files/1/1021/1239/5606/files/Golden_Pike.png?v=1776495204,5,,,,,https://cdn.shopify.com/s/files/1/1021/1239/5606/files/Golden_Pike.png?v=1776495204,g,
koederdepot-grossraeuber,Köderdepot Großräuber,"<p><em>Gelenkiger Minnow für die tieferen Bereiche</em></p><h2>Schwimmender Wobbler mit kräftiger Silhouette</h2><p>Der Großräuber ist ein schwimmender Wobbler für das Spinnfischen auf Barsch, Hecht und Zander. Sein gegliederter Körper bringt beim gleichmäßigen Einholen eine bewegliche Aktion ins Wasser und kann mit kurzen Rucken zusätzlich aus der Reserve gelockt werden. Nach einem Stopp steigt der Köder wieder auf. Das ist praktisch an Kanten, über versunkenen Ästen oder an Krautfeldern, wenn der Laufweg immer wieder angepasst werden soll. Seine Rassel setzt dabei einen akustischen Reiz.</p><p>Als tief laufender Hardbait eignet sich der Großräuber für Bereiche, in denen Räuber unterhalb der Oberfläche stehen und vorbeiziehende Beute erwarten. Die mehreren verfügbaren Farbdekore erlauben eine Anpassung an Wasserfarbe und Licht: natürliche Muster passen zu klarem Wasser und vorsichtigen Fischen, auffälligere Varianten helfen bei Trübung oder bedecktem Himmel. Durch sein Floating-Verhalten lässt sich der Köder nach Kontakt mit Hindernissen kurz stehen lassen, bevor er wieder auf Tiefe gebracht wird.</p><p><strong>Ausführung:</strong> 16 cm | 59 g</p><h3>Der Großräuber im Überblick</h3><ul>
<li>Gelenkiger Wobbler</li>
<li>Schwimmendes Floating-Verhalten</li>
<li>Tief laufende Aktion</li>
<li>Rassel für akustische Reize</li>
<li>Mehrere Farbdekore verfügbar</li>
<li>Zielfische: Barsch, Hecht, Zander</li>
<li>5 Dekore zur Auswahl</li>
<li>16 cm | 59 g</li>
</ul>",Köderdepot,sg-4-6-13,Swimbait,"9134, Barschköder, Bigbait, Floating, Hardbait, Hechtköder, Jointed, Rassel, Spinnfischen, Swimbait, Tief laufend, Zanderköder, kategorie-koeder, zielfisch-hecht, zielfisch-zander, zielfisch-barsch",TRUE,Farbe,river-trout,Größe | Gewicht,16 cm | 59 g,,,HF-JC-160-590-RT,59,shopify,19,deny,manual,9.99,,TRUE,TRUE,,https://cdn.shopify.com/s/files/1/1021/1239/5606/files/DesignohneTitel_6_82c58a69-5845-49b6-a9a3-84a57087e7e9.png?v=1776495205,1,,FALSE,Wobbler Großräuber – 59 g / 16 cm | Köderdepot,"Wobbler Großräuber – 59 g / 16 cm. Für Hecht, Zander. Erzeugt Druckwellen und arbeitet zuverlässig an Kanten. Jetzt bei Köderdepot entdecken.",https://cdn.shopify.com/s/files/1/1021/1239/5606/files/DesignohneTitel_6_82c58a69-5845-49b6-a9a3-84a57087e7e9.png?v=1776495205,g,active
koederdepot-grossraeuber,,,,,,,,,rainbow-stripe,,16 cm | 59 g,,,HF-JC-160-590-RS,59,shopify,19,deny,manual,9.99,,TRUE,TRUE,,https://cdn.shopify.com/s/files/1/1021/1239/5606/files/DesignohneTitel_8_8dd98e81-60d8-4e26-9ee2-544b10115b05.png?v=1776495205,2,,,,,https://cdn.shopify.com/s/files/1/1021/1239/5606/files/DesignohneTitel_8_8dd98e81-60d8-4e26-9ee2-544b10115b05.png?v=1776495205,g,
koederdepot-grossraeuber,,,,,,,,,midnight-blueback,,16 cm | 59 g,,,HF-JC-160-590-TP,59,shopify,18,deny,manual,9.99,,TRUE,TRUE,,https://cdn.shopify.com/s/files/1/1021/1239/5606/files/DesignohneTitel_5_7a6ca4d9-d564-4ec9-99e4-fc2c7e06d9ce.png?v=1776495205,3,,,,,https://cdn.shopify.com/s/files/1/1021/1239/5606/files/DesignohneTitel_5_7a6ca4d9-d564-4ec9-99e4-fc2c7e06d9ce.png?v=1776495205,g,
koederdepot-grossraeuber,,,,,,,,,midnight-blueback-1,,16 cm | 59 g,,,HF-JC-160-590-MB,59,shopify,19,deny,manual,9.99,,TRUE,TRUE,,https://cdn.shopify.com/s/files/1/1021/1239/5606/files/DesignohneTitel_6_27ecdb3c-296f-414c-b272-32016ba51d14.png?v=1776495205,4,,,,,https://cdn.shopify.com/s/files/1/1021/1239/5606/files/DesignohneTitel_6_27ecdb3c-296f-414c-b272-32016ba51d14.png?v=1776495205,g,
koederdepot-grossraeuber,,,,,,,,,magenta-chaos,,16 cm | 59 g,,,HF-JC-160-590-MC,59,shopify,19,deny,manual,9.99,,TRUE,TRUE,,https://cdn.shopify.com/s/files/1/1021/1239/5606/files/DesignohneTitel_7_34ba16db-c32a-4b74-82d1-e5ee9265f666.png?v=1776495205,5,,,,,https://cdn.shopify.com/s/files/1/1021/1239/5606/files/DesignohneTitel_7_34ba16db-c32a-4b74-82d1-e5ee9265f666.png?v=1776495205,g,
koederdepot-schwerlaeufer,Köderdepot Schwerläufer,"<p><em>Schwimmender Minnow für kontrollierte Würfe am Ufer</em></p><h2>Mit Rassel und Pausen geführt</h2><p>Der Schwerläufer ist ein schwimmender Wobbler für das Spinnfischen auf Barsch, Hecht und Zander. Beim Einholen lässt er sich gleichmäßig führen oder mit kurzen Rutenschlägen aus der geraden Spur bringen. Gerade an Kanten, neben Krautfeldern oder an versunkenen Ästen sind Pausen sinnvoll: Der Köder steigt dabei auf und bleibt länger im Blickfeld der Räuber. Die Rassel setzt unter Wasser einen zusätzlichen akustischen Reiz.</p><p>Als Jerkbait passt der Schwerläufer gut zum Uferangeln an übersichtlichen Strecken, an denen sich interessante Strukturen gezielt anwerfen lassen. Seine schwimmende Eigenschaft hilft dabei, flache Hindernisse kontrolliert zu überfischen und den Köder nach einem Stopp wieder auftreiben zu lassen. Die unterschiedlichen Farbdekore erlauben eine Anpassung an klares oder eingetrübtes Wasser sowie an den jeweiligen Futterfischbestand. So bleibt die Köderwahl am Gewässer flexibel.</p><p><strong>Ausführung:</strong> 12 cm | 20 g</p><h3>Der Schwerläufer im Überblick</h3><ul>
<li>Schwimmender Wobbler</li>
<li>Mit integrierter Rassel</li>
<li>Fürs Spinnfischen geeignet</li>
<li>Kontrolliert am Ufer fischen</li>
<li>Unterschiedliche Farbdekore</li>
<li>Mit Pausen führen</li>
<li>Zielfische: Barsch, Hecht, Zander</li>
<li>3 Dekore zur Auswahl</li>
<li>12 cm | 20 g</li>
</ul>",Köderdepot,sg-4-6-13,Jerkbait,"9062, Barschköder, Floating, Hardbait, Hechtköder, Jerkbait, Rassel, Spinnfischen, Uferangeln, Wobbler, Zanderköder, kategorie-koeder, zielfisch-hecht, zielfisch-zander, zielfisch-barsch",TRUE,Farbe,neon-perch-riot,Größe | Gewicht,12 cm | 20 g,,,SF-RR-120-200-NP,20,shopify,33,deny,manual,9.99,,TRUE,TRUE,,https://cdn.shopify.com/s/files/1/1021/1239/5606/files/NeonPerchRiot.png?v=1776495206,1,,FALSE,Wobbler Schwerläufer – 20 g / 12 cm | Köderdepot,"Wobbler Schwerläufer – 20 g / 12 cm. Für Hecht, Zander. Bleibt beim Spinnfischen stabil in der Spur. Jetzt bei Köderdepot entdecken.",https://cdn.shopify.com/s/files/1/1021/1239/5606/files/NeonPerchRiot.png?v=1776495206,g,active
koederdepot-schwerlaeufer,,,,,,,,,bronze-perch,,12 cm | 20 g,,,SF-RR-120-200-BP,20,shopify,32,deny,manual,9.99,,TRUE,TRUE,,https://cdn.shopify.com/s/files/1/1021/1239/5606/files/BronzePerch.png?v=1776495206,2,,,,,https://cdn.shopify.com/s/files/1/1021/1239/5606/files/BronzePerch.png?v=1776495206,g,
koederdepot-schwerlaeufer,,,,,,,,,jungle-tiger,,12 cm | 20 g,,,SF-RR-120-200-JT,20,shopify,33,deny,manual,9.99,,TRUE,TRUE,,https://cdn.shopify.com/s/files/1/1021/1239/5606/files/JungleTiger.png?v=1776495207,3,,,,,https://cdn.shopify.com/s/files/1/1021/1239/5606/files/JungleTiger.png?v=1776495207,g,
koederdepot-raeuberhappen,Köderdepot Räuberhappen,"<p><em>Flach laufender Minnow für die aktive Suche</em></p><h2>Präsenz im flachen Wasser</h2><p>Der Räuberhappen ist ein flach laufender Wobbler für Bereiche, in denen Raubfische dicht unter der Oberfläche oder über Krautfeldern stehen. Seine Rassel sorgt beim Durchkurbeln für akustische Präsenz und macht ihn zum passenden Suchköder an weitläufigen Uferkanten, Buchten und Plateaus. Barsch, Hecht und Zander lassen sich damit gezielt ansprechen, wenn zügiges Absuchen gefragt ist. Kurze Stopps können besonders an Übergängen und neben Struktur zusätzliche Bisse bringen.</p><p>Als Hardbait verbindet der Räuberhappen die schlanke Minnow-Form mit mehreren Farbdekoren für unterschiedliche Licht- und Wasserverhältnisse. Helle, auffällige Muster bieten sich bei Trübung oder bedecktem Himmel an, während natürliche Dekore in klarem Wasser und bei vorsichtigen Fischen ihre Stärke ausspielen. Durch seinen flachen Lauf passt er gut an verkrautete Uferzonen, über flache Bänke und entlang von Steinpackungen, wo tief laufende Köder schnell hängen bleiben können.</p><p><strong>Ausführung:</strong> 7,5 cm | 22 g</p><h3>Der Räuberhappen im Überblick</h3><ul>
<li>Flach laufender Wobbler</li>
<li>Rassel für akustische Reize</li>
<li>Mehrere Farbdekore verfügbar</li>
<li>Für aktive Suchphasen</li>
<li>Passend für flache Spots</li>
<li>Zielfische: Barsch, Hecht, Zander</li>
<li>5 Dekore zur Auswahl</li>
<li>7,5 cm | 22 g</li>
</ul>",Köderdepot,sg-4-6-13,Crankbait,"9034, Barschköder, Crankbait, Flachlaufend, Hardbait, Hechtköder, Rassel, Searchbait, Shockfin, Zanderköder, kategorie-koeder, zielfisch-hecht, zielfisch-zander, zielfisch-barsch",TRUE,Farbe,tiger-reef,Größe | Gewicht,"7,5 cm | 22 g",,,SF-DC-075-220-TR,22,shopify,20,deny,manual,8.99,,TRUE,TRUE,,https://cdn.shopify.com/s/files/1/1021/1239/5606/files/TigerReef.png?v=1776495208,1,,FALSE,"Wobbler Räuberhappen – 22 g / 7,5 cm | Köderdepot","Wobbler Räuberhappen – 22 g / 7,5 cm. Für Hecht, Zander. Bleibt beim Spinnfischen stabil in der Spur. Jetzt bei Köderdepot entdecken.",https://cdn.shopify.com/s/files/1/1021/1239/5606/files/TigerReef.png?v=1776495208,g,active
koederdepot-raeuberhappen,,,,,,,,,blood-craw,,"7,5 cm | 22 g",,,SF-DC-075-220-BC,22,shopify,20,deny,manual,8.99,,TRUE,TRUE,,https://cdn.shopify.com/s/files/1/1021/1239/5606/files/BloodCraw.png?v=1776495207,2,,,,,https://cdn.shopify.com/s/files/1/1021/1239/5606/files/BloodCraw.png?v=1776495207,g,
koederdepot-raeuberhappen,,,,,,,,,neon-pikeflash,,"7,5 cm | 22 g",,,SF-DC-075-220-NP,22,shopify,19,deny,manual,8.99,,TRUE,TRUE,,https://cdn.shopify.com/s/files/1/1021/1239/5606/files/NeonPikeflash.png?v=1776495208,3,,,,,https://cdn.shopify.com/s/files/1/1021/1239/5606/files/NeonPikeflash.png?v=1776495208,g,
koederdepot-raeuberhappen,,,,,,,,,golden-drift,,"7,5 cm | 22 g",,,SF-DK-075-220-GD,22,shopify,20,deny,manual,8.99,,TRUE,TRUE,,https://cdn.shopify.com/s/files/1/1021/1239/5606/files/Golden_Drift_466f8a86-594b-4cd3-9c3d-7ea9fd53c085.png?v=1776495208,4,,,,,https://cdn.shopify.com/s/files/1/1021/1239/5606/files/Golden_Drift_466f8a86-594b-4cd3-9c3d-7ea9fd53c085.png?v=1776495208,g,
koederdepot-raeuberhappen,,,,,,,,,midnight-scale,,"7,5 cm | 22 g",,,SF-DK-075-220-MS,22,shopify,20,deny,manual,8.99,,TRUE,TRUE,,https://cdn.shopify.com/s/files/1/1021/1239/5606/files/Midnight_Scale.png?v=1776495208,5,,,,,https://cdn.shopify.com/s/files/1/1021/1239/5606/files/Midnight_Scale.png?v=1776495208,g,
koederdepot-uferjaeger,Köderdepot Uferjäger,"<p><em>Froschköder für das Spiel über dichtem Bewuchs</em></p><h2>Reiz an Krautkante und Seerosenfeld</h2><p>Der Uferjäger ist ein Frosch-Gummiköder für Barsch und Hecht, wenn sich die Räuber dicht am Kraut oder zwischen Seerosen positionieren. Als Oberflächenköder wird er über freie Taschen und entlang der Krautkante geführt. Kurze Zupfer bringen Bewegung ins Spiel, während Pausen an offenen Stellen oft den entscheidenden Moment schaffen. Gerade an flachen, stark bewachsenen Uferbereichen lässt sich so gezielt dort fischen, wo andere Köder schnell hängen bleiben.</p><p>Mehrere Farbdekore erlauben eine Anpassung an Wasserfarbe, Licht und den jeweiligen Bewuchs. Dezente Farben passen zu klarem Wasser und vorsichtigen Fischen, während auffälligere Varianten bei trüber Sicht oder über dunklen Krautfeldern mehr Reiz setzen können. Der Uferjäger eignet sich besonders für Gewässerabschnitte, in denen Seerosen und Krautkanten natürliche Standplätze bilden. Mit wechselndem Tempo lässt sich seine Oberflächenführung an aktive oder abwartende Räuber anpassen.</p><p><strong>Ausführung:</strong> 5 cm | 13 g</p><h3>Der Uferjäger im Überblick</h3><ul>
<li>Frosch-Gummiköder</li>
<li>Für bewachsene Uferbereiche</li>
<li>Oberflächenführung mit Pausen</li>
<li>Mehrere Farbdekore</li>
<li>Für Kraut und Seerosen</li>
<li>Zielfische: Barsch, Hecht</li>
<li>4 Dekore zur Auswahl</li>
<li>5 cm | 13 g</li>
</ul>",Köderdepot,sg-4-6-13,Frösche,"Barschköder, Froschköder, Hechtköder, Krautkante, Oberflächenköder, Propeller, Reizköder, SB-19, Seerosen, Shockfin, Topwater, kategorie-koeder, zielfisch-hecht, zielfisch-barsch",TRUE,Farbe,mossy-goldback,Größe | Gewicht,5 cm | 13 g,,,SF-PF-050-130-MG,13,shopify,20,deny,manual,7.49,,TRUE,TRUE,,https://cdn.shopify.com/s/files/1/1021/1239/5606/files/MossyGoldback.png?v=1776495210,1,,FALSE,Frosch-Gummiköder Uferjäger – 13 g / 5 cm | Köderdepot,"Frosch-Gummiköder Uferjäger – 13 g / 5 cm. Für Hecht, Barsch. Bleibt in Kraut und Seerosenfeldern einsatzfähig. Jetzt bei Köderdepot entdecken.",https://cdn.shopify.com/s/files/1/1021/1239/5606/files/MossyGoldback.png?v=1776495210,g,active
koederdepot-uferjaeger,,,,,,,,,lime-toad,,5 cm | 13 g,,,SF-PF-050-130-LT,13,shopify,20,deny,manual,7.49,,TRUE,TRUE,,https://cdn.shopify.com/s/files/1/1021/1239/5606/files/LimeToad.png?v=1776495210,2,,,,,https://cdn.shopify.com/s/files/1/1021/1239/5606/files/LimeToad.png?v=1776495210,g,
koederdepot-uferjaeger,,,,,,,,,jungle-peel,,5 cm | 13 g,,,SF-PF-050-130-JP,13,shopify,40,deny,manual,7.49,,TRUE,TRUE,,https://cdn.shopify.com/s/files/1/1021/1239/5606/files/JunglePeel.png?v=1776495210,3,,,,,https://cdn.shopify.com/s/files/1/1021/1239/5606/files/JunglePeel.png?v=1776495210,g,
koederdepot-uferjaeger,,,,,,,,,black-bog,,5 cm | 13 g,,,SF-PF-050-130-BB,13,shopify,20,deny,manual,7.49,,TRUE,TRUE,,https://cdn.shopify.com/s/files/1/1021/1239/5606/files/BlackBog.png?v=1776495210,4,,,,,https://cdn.shopify.com/s/files/1/1021/1239/5606/files/BlackBog.png?v=1776495210,g,
koederdepot-beuteflitzer,Köderdepot Beuteflitzer,"<p><em>Curltail-Softbait für Struktur und Deckung</em></p><h2>Suchköder mit aktivem Schwanzspiel</h2><p>Der Beuteflitzer ist ein sinkender Twister für Barsch, Hecht und Zander, der beim Jiggen seinen Curltail ausspielt. Über Kanten, an versunkenen Ästen und entlang harter Strukturen lässt er sich kontrolliert absinken und mit kurzen Sprüngen über den Grund führen. In den Pausen arbeitet der Schwanz weiter und hält den Köder im Blickfeld der Räuber. So passt er an Spots, an denen Fische dicht an Deckung stehen und Beute nicht weit verfolgen wollen.</p><p>Sein geruchsaktiver Körper ergänzt die Führung dort, wo Räuber den Köder länger aufnehmen oder vorsichtig prüfen. Die verschiedenen Farbdekore erlauben eine Anpassung an klares Wasser, trübe Bereiche und wechselnde Lichtverhältnisse. In krautigen Zonen oder zwischen Hindernissen kann der Beuteflitzer mit einem Offset Haken weedless präsentiert werden. Dadurch bleibt der Twister auch in Cover fischbar, in dem offene Haken schnell hängen bleiben würden.</p><h3>Ausführungen im Überblick</h3><table><tbody>
<tr>
<td><strong>Ausführung</strong></td>
<td><strong>Preis</strong></td>
</tr>
<tr>
<td>11 cm | 13,4 g</td>
<td>4,99 €</td>
</tr>
<tr>
<td>8 cm | 6,7 g</td>
<td>4,99 €</td>
</tr>
<tr>
<td>5,5 cm | 3 g</td>
<td>4,99 €</td>
</tr>
</tbody></table><h3>Der Beuteflitzer im Überblick</h3><ul>
<li>Sinkender Curltail-Softbait</li>
<li>Für Jiggen an Struktur</li>
<li>Geruchsaktiver Köderkörper</li>
<li>Verschiedene Farbdekore</li>
<li>Weedless mit Offset Haken</li>
<li>Zielfische: Barsch, Hecht, Zander</li>
<li>5 Dekore zur Auswahl</li>
<li>11 cm | 13,4 g</li>
</ul>",Köderdepot,sg-4-6-13,Twister / Grub,"Barschköder, Cover, Curltail, Geruchsaktiv, Hechtköder, Jiggen, Offset, Offset Haken, SB-05, Sinking, suchköder, Twister, Weedless, Zanderköder, kategorie-koeder, zielfisch-hecht, zielfisch-zander, zielfisch-barsch",TRUE,Farbe,copper-perch,Größe | Gewicht,"11 cm | 13,4 g",,,SF-CT-110-134-CP,13,shopify,20,deny,manual,4.99,,TRUE,TRUE,,https://cdn.shopify.com/s/files/1/1021/1239/5606/files/CopperPerch.png?v=1776495212,1,,FALSE,"Softbait Beuteflitzer – 3,0–13,4 g | Köderdepot","Softbait Beuteflitzer – 3,0–13,4 g. Für Hecht, Zander. Spielt seinen Körper beim Jiggen lebendig aus. Jetzt bei Köderdepot entdecken.",https://cdn.shopify.com/s/files/1/1021/1239/5606/files/CopperPerch.png?v=1776495212,g,active
koederdepot-beuteflitzer,,,,,,,,,copper-perch,,"8 cm | 6,7 g",,,SF-CT-080-067-CP,7,shopify,20,deny,manual,4.99,,TRUE,TRUE,,https://cdn.shopify.com/s/files/1/1021/1239/5606/files/BlueCore.png?v=1776495212,2,,,,,https://cdn.shopify.com/s/files/1/1021/1239/5606/files/CopperPerch.png?v=1776495212,g,
koederdepot-beuteflitzer,,,,,,,,,copper-perch,,"5,5 cm | 3 g",,,SF-CT-055-030-CP,3,shopify,20,deny,manual,4.99,,TRUE,TRUE,,https://cdn.shopify.com/s/files/1/1021/1239/5606/files/NightGillfire.png?v=1776495212,3,,,,,https://cdn.shopify.com/s/files/1/1021/1239/5606/files/CopperPerch.png?v=1776495212,g,
koederdepot-beuteflitzer,,,,,,,,,blue-core,,"11 cm | 13,4 g",,,SF-CT-110-134-BC,13,shopify,19,deny,manual,4.99,,TRUE,TRUE,,https://cdn.shopify.com/s/files/1/1021/1239/5606/files/ToxicChart.png?v=1776495212,4,,,,,https://cdn.shopify.com/s/files/1/1021/1239/5606/files/BlueCore.png?v=1776495212,g,
koederdepot-beuteflitzer,,,,,,,,,blue-core,,"8 cm | 6,7 g",,,SF-CT-080-067-BC,7,shopify,20,deny,manual,4.99,,TRUE,TRUE,,https://cdn.shopify.com/s/files/1/1021/1239/5606/files/ArcticHolo.png?v=1776495212,5,,,,,https://cdn.shopify.com/s/files/1/1021/1239/5606/files/BlueCore.png?v=1776495212,g,
koederdepot-beuteflitzer,,,,,,,,,blue-core,,"5,5 cm | 3 g",,,SF-CT-055-030-BC,3,shopify,19,deny,manual,4.99,,TRUE,TRUE,,,,,,,,https://cdn.shopify.com/s/files/1/1021/1239/5606/files/BlueCore.png?v=1776495212,g,
koederdepot-beuteflitzer,,,,,,,,,night-gillfire,,"11 cm | 13,4 g",,,SF-CT-110-134-NG,13,shopify,20,deny,manual,4.99,,TRUE,TRUE,,,,,,,,https://cdn.shopify.com/s/files/1/1021/1239/5606/files/NightGillfire.png?v=1776495212,g,
koederdepot-beuteflitzer,,,,,,,,,night-gillfire,,"8 cm | 6,7 g",,,SF-CT-080-067-NG,7,shopify,21,deny,manual,4.99,,TRUE,TRUE,,,,,,,,https://cdn.shopify.com/s/files/1/1021/1239/5606/files/NightGillfire.png?v=1776495212,g,
koederdepot-beuteflitzer,,,,,,,,,night-gillfire,,"5,5 cm | 3 g",,,SF-CT-055-030-NG,3,shopify,19,deny,manual,4.99,,TRUE,TRUE,,,,,,,,https://cdn.shopify.com/s/files/1/1021/1239/5606/files/NightGillfire.png?v=1776495212,g,
koederdepot-beuteflitzer,,,,,,,,,toxic-light,,"11 cm | 13,4 g",,,SF-CT-110-134-TL,13,shopify,19,deny,manual,4.99,,TRUE,TRUE,,,,,,,,https://cdn.shopify.com/s/files/1/1021/1239/5606/files/ToxicChart.png?v=1776495212,g,
koederdepot-beuteflitzer,,,,,,,,,toxic-light,,"8 cm | 6,7 g",,,SF-CT-080-067-TC,7,shopify,19,deny,manual,4.99,,TRUE,TRUE,,,,,,,,https://cdn.shopify.com/s/files/1/1021/1239/5606/files/ToxicChart.png?v=1776495212,g,
koederdepot-beuteflitzer,,,,,,,,,toxic-light,,"5,5 cm | 3 g",,,SF-CT-055-030-TC,3,shopify,20,deny,manual,4.99,,TRUE,TRUE,,,,,,,,https://cdn.shopify.com/s/files/1/1021/1239/5606/files/ToxicChart.png?v=1776495212,g,
koederdepot-beuteflitzer,,,,,,,,,arctic-holo,,"11 cm | 13,4 g",,,SF-CT-110-134-AH,13,shopify,19,deny,manual,4.99,,TRUE,TRUE,,,,,,,,https://cdn.shopify.com/s/files/1/1021/1239/5606/files/ArcticHolo.png?v=1776495212,g,
koederdepot-beuteflitzer,,,,,,,,,arctic-holo,,"8 cm | 6,7 g",,,SF-CT-080-067-AH,7,shopify,19,deny,manual,4.99,,TRUE,TRUE,,,,,,,,https://cdn.shopify.com/s/files/1/1021/1239/5606/files/ArcticHolo.png?v=1776495212,g,
koederdepot-beuteflitzer,,,,,,,,,arctic-holo,,"5,5 cm | 3 g",,,SF-CT-055-030-AH,3,shopify,20,deny,manual,4.99,,TRUE,TRUE,,,,,,,,https://cdn.shopify.com/s/files/1/1021/1239/5606/files/ArcticHolo.png?v=1776495212,g,
koederdepot-krustenjaeger,Köderdepot Krustenjäger,"<p><em>Kompakter Creature Bait für feine Präsentationen am Grund</em></p><h2>Feine Reize für vorsichtige Räuber</h2><p>Der Krustenjäger ist ein Creature Bait für das Finesse-Angeln auf Barsch und Forelle. Seine insekten- und shrimpartige Silhouette passt besonders an Stellen, an denen natürliche Kleintiere zwischen Steinen, Krautresten oder Totholz leben. Am leichten Jig lässt er sich kontrolliert über den Grund hüpfen und immer wieder ablegen. Gerade kurze Bewegungen mit anschließender Ruhephase geben dem Softbait Zeit, auch zurückhaltende Fische zum Biss zu verleiten.</p><p>Am Cheburashka-Rig kann der Krustenjäger frei spielen und bei kleinen Zupfern seitlich ausbrechen. Für das Dropshot-Angeln eignet sich die Creature-Form ebenfalls, wenn der Köder knapp über Grund stehen und nur dezent bewegt werden soll. Die geruchsaktive Gummimischung ergänzt die natürliche Erscheinung bei langsamer Führung. Mehrere Farbdekore erlauben es, die Präsentation an klares Wasser, getrübte Bereiche oder wechselnde Lichtverhältnisse anzupassen.</p><h3>Ausführungen im Überblick</h3><table><tbody>
<tr>
<td><strong>Ausführung</strong></td>
<td><strong>Preis</strong></td>
</tr>
<tr>
<td>9,5 cm | 21 g</td>
<td>7,99 €</td>
</tr>
<tr>
<td>7 cm | 8,5 g</td>
<td>7,99 €</td>
</tr>
<tr>
<td>7 cm | 10,5 g</td>
<td>7,99 €</td>
</tr>
</tbody></table><h3>Der Krustenjäger im Überblick</h3><ul>
<li>Creature Bait mit Insektenprofil</li>
<li>Für Finesse und Jiggen</li>
<li>Geeignet für Cheburashka-Rigs</li>
<li>Dezente Dropshot-Präsentation</li>
<li>Geruchsaktive Gummimischung</li>
<li>Mehrere Farbdekore verfügbar</li>
<li>Zielfische: Barsch, Forelle</li>
<li>13 Dekore zur Auswahl</li>
<li>9,5 cm | 21 g</li>
</ul>",Köderdepot,sg-4-6-13,Creature Bait,"Barschköder, Cheburashka, Creature Bait, Dropshot, Döbel, Finesse, Forellenköder, Geruchsaktiv, Insekt, Jig, Jigköder, SB-06, Shrimp, Ultraleicht, kategorie-koeder, zielfisch-barsch, zielfisch-forelle",TRUE,Farbe,glass-redflare,Größe | Gewicht,9.5 cm – 21 g,,,ST-SD-095-210-GR,21,shopify,3,deny,manual,5.49,,TRUE,TRUE,,https://cdn.shopify.com/s/files/1/1021/1239/5606/files/GlassRedflare.png?v=1776495214,1,,FALSE,"Softbait Krustenjäger – 8,5–21,0 g | Köderdepot","Softbait Krustenjäger – 8,5–21,0 g. Für Barsch, Forelle. Passt an Jig-, Texas- und Carolina-Rig. Jetzt bei Köderdepot entdecken.",https://cdn.shopify.com/s/files/1/1021/1239/5606/files/GlassRedflare_21g.png?v=1776495214,g,active
koederdepot-krustenjaeger,,,,,,,,,glass-redflare,,7 cm – 8.5 g,,,SF-KW-070-085-GR,8,shopify,14,deny,manual,5.49,,TRUE,TRUE,,https://cdn.shopify.com/s/files/1/1021/1239/5606/files/AmberHeat_21g.png?v=1776495214,2,,,,,https://cdn.shopify.com/s/files/1/1021/1239/5606/files/GlassRedflare.png?v=1776495214,g,
koederdepot-krustenjaeger,,,,,,,,,amber-heat,,9.5 cm – 21 g,,,ST-SD-095-210-AH,8,shopify,4,deny,manual,5.49,,TRUE,TRUE,,https://cdn.shopify.com/s/files/1/1021/1239/5606/files/AmberHeat.png?v=1776495215,3,,,,,https://cdn.shopify.com/s/files/1/1021/1239/5606/files/AmberHeat_21g.png?v=1776495214,g,
koederdepot-krustenjaeger,,,,,,,,,amber-heat,,7 cm – 10.5 g,,,SF-KW-070-105-AH,10,shopify,4,deny,manual,5.49,,TRUE,TRUE,,https://cdn.shopify.com/s/files/1/1021/1239/5606/files/GlassRedflare_21g.png?v=1776495214,4,,,,,https://cdn.shopify.com/s/files/1/1021/1239/5606/files/AmberHeat.png?v=1776495215,g,
koederdepot-krustenjaeger,,,,,,,,,glass-palepearl,,7 cm – 10.5 g,,,SF-KW-070-105-GP,10,shopify,26,deny,manual,5.49,,TRUE,TRUE,,https://cdn.shopify.com/s/files/1/1021/1239/5606/files/GlassPalepearl.png?v=1776495214,5,,,,,https://cdn.shopify.com/s/files/1/1021/1239/5606/files/GlassPalepearl.png?v=1776495214,g,
koederdepot-krustenjaeger,,,,,,,,,soft-mint,,7 cm – 10.5 g,,,SF-KW-070-105-SM,10,shopify,17,deny,manual,5.49,,TRUE,TRUE,,https://cdn.shopify.com/s/files/1/1021/1239/5606/files/SoftMint.png?v=1776495214,6,,,,,https://cdn.shopify.com/s/files/1/1021/1239/5606/files/SoftMint.png?v=1776495214,g,
koederdepot-krustenjaeger,,,,,,,,,soft-mint,,7 cm – 8.5 g,,,SF-KW-070-085-SM,8,shopify,13,deny,manual,5.49,,TRUE,TRUE,,https://cdn.shopify.com/s/files/1/1021/1239/5606/files/GlassSunhalo.png?v=1776495214,7,,,,,https://cdn.shopify.com/s/files/1/1021/1239/5606/files/SoftMint.png?v=1776495214,g,
koederdepot-krustenjaeger,,,,,,,,,glass-sunhalo,,7 cm – 10.5 g,,,SF-KW-070-105-GS,10,shopify,24,deny,manual,5.49,,TRUE,TRUE,,https://cdn.shopify.com/s/files/1/1021/1239/5606/files/AmberSignal.png?v=1776495215,8,,,,,https://cdn.shopify.com/s/files/1/1021/1239/5606/files/GlassSunhalo.png?v=1776495214,g,
koederdepot-krustenjaeger,,,,,,,,,glass-sunhalo,,7 cm – 8.5 g,,,SF-KW-070-085-GS,8,shopify,3,deny,manual,5.49,,TRUE,TRUE,,https://cdn.shopify.com/s/files/1/1021/1239/5606/files/IvorySunhalo_21g.png?v=1776495214,9,,,,,https://cdn.shopify.com/s/files/1/1021/1239/5606/files/GlassSunhalo.png?v=1776495214,g,
koederdepot-krustenjaeger,,,,,,,,,amber-signal,,7 cm – 10.5 g,,,SF-KW-070-105-AS,10,shopify,17,deny,manual,5.49,,TRUE,TRUE,,https://cdn.shopify.com/s/files/1/1021/1239/5606/files/GlassNeoncore.png?v=1776495215,10,,,,,https://cdn.shopify.com/s/files/1/1021/1239/5606/files/AmberSignal.png?v=1776495215,g,
koederdepot-krustenjaeger,,,,,,,,,amber-signal,,7 cm – 8.5 g,,,SF-KW-070-085-AS,8,shopify,22,deny,manual,5.49,,TRUE,TRUE,,https://cdn.shopify.com/s/files/1/1021/1239/5606/files/AmberPulse.png?v=1776495214,11,,,,,https://cdn.shopify.com/s/files/1/1021/1239/5606/files/AmberSignal.png?v=1776495215,g,
koederdepot-krustenjaeger,,,,,,,,,ivory-sunhalo,,9.5 cm – 21 g,,,ST-SD-095-210-IS,21,shopify,11,deny,manual,5.49,,TRUE,TRUE,,https://cdn.shopify.com/s/files/1/1021/1239/5606/files/IvoryNeoncore_21g.png?v=1776495214,12,,,,,https://cdn.shopify.com/s/files/1/1021/1239/5606/files/IvorySunhalo_21g.png?v=1776495214,g,
koederdepot-krustenjaeger,,,,,,,,,glass-neoncore,,7 cm – 8.5 g,,,SF-KW-070-085-GN,8,shopify,32,deny,manual,5.49,,TRUE,TRUE,,https://cdn.shopify.com/s/files/1/1021/1239/5606/files/GlassDarkeye.png?v=1776495214,13,,,,,https://cdn.shopify.com/s/files/1/1021/1239/5606/files/GlassNeoncore.png?v=1776495215,g,
koederdepot-krustenjaeger,,,,,,,,,amber-pulse,,7 cm – 10.5 g,,,SF-KW-070-105-AP,10,shopify,4,deny,manual,5.49,,TRUE,TRUE,,https://cdn.shopify.com/s/files/1/1021/1239/5606/files/DriftVeil.png?v=1776495215,14,,,,,https://cdn.shopify.com/s/files/1/1021/1239/5606/files/AmberPulse.png?v=1776495214,g,
koederdepot-krustenjaeger,,,,,,,,,ivory-neoncore,,9.5 cm – 21 g,,,ST-SD-095-210-IN,21,shopify,4,deny,manual,5.49,,TRUE,TRUE,,https://cdn.shopify.com/s/files/1/1021/1239/5606/files/IvoryDarkeye_21g.png?v=1776495214,15,,,,,https://cdn.shopify.com/s/files/1/1021/1239/5606/files/IvoryNeoncore_21g.png?v=1776495214,g,
koederdepot-krustenjaeger,,,,,,,,,glass-darkeye,,9.5 cm – 21 g,,,ST-SD-095-210-GD,21,shopify,12,deny,manual,5.49,,TRUE,TRUE,,https://cdn.shopify.com/s/files/1/1021/1239/5606/files/GlassDarkeye_21g.png?v=1776495214,16,,,,,https://cdn.shopify.com/s/files/1/1021/1239/5606/files/GlassDarkeye_21g.png?v=1776495214,g,
koederdepot-krustenjaeger,,,,,,,,,glass-darkeye,,7 cm – 8.5 g,,,SF-KW-070-085-GD,8,shopify,1,deny,manual,5.49,,TRUE,TRUE,,https://cdn.shopify.com/s/files/1/1021/1239/5606/files/DriftVeil_21g.png?v=1776495215,17,,,,,https://cdn.shopify.com/s/files/1/1021/1239/5606/files/GlassDarkeye.png?v=1776495214,g,
koederdepot-krustenjaeger,,,,,,,,,drift-veil,,9.5 cm – 21 g,,,ST-SD-095-210-DV,21,shopify,46,deny,manual,5.49,,TRUE,TRUE,,,,,,,,https://cdn.shopify.com/s/files/1/1021/1239/5606/files/DriftVeil_21g.png?v=1776495215,g,
koederdepot-krustenjaeger,,,,,,,,,drift-veil,,7 cm – 10.5 g,,,SF-KW-070-105-DV,10,shopify,8,deny,manual,5.49,,TRUE,TRUE,,,,,,,,https://cdn.shopify.com/s/files/1/1021/1239/5606/files/DriftVeil.png?v=1776495215,g,
koederdepot-krustenjaeger,,,,,,,,,drift-veil,,7 cm – 8.5 g,,,SF-KW-070-085-DV,8,shopify,15,deny,manual,5.49,,TRUE,TRUE,,,,,,,,https://cdn.shopify.com/s/files/1/1021/1239/5606/files/DriftVeil.png?v=1776495215,g,
koederdepot-krustenjaeger,,,,,,,,,ivery-darkeye,,9.5 cm – 21 g,,,ST-SD-095-210-ID,21,shopify,20,deny,manual,5.49,,TRUE,TRUE,,,,,,,,https://cdn.shopify.com/s/files/1/1021/1239/5606/files/IvoryDarkeye_21g.png?v=1776495214,g,
koederdepot-tauchkoenig,Köderdepot Tauchkönig,"<p><em>Schwimmender Minnow für wechselnde Führung</em></p><h2>Lauf mit Pause und neuem Impuls</h2><p>Der Tauchkönig ist ein schwimmender Wobbler für Barsch, Hecht und Zander. Seine Stärke spielt er bei der Stop-and-Go-Führung aus: Nach dem Einkurbeln folgt eine Pause, in der der Köder wieder zur Oberfläche steigt. Gerade an Kanten, über Krautfeldern oder entlang versunkener Äste lässt sich so lange im interessanten Bereich fischen. Die Rassel setzt dabei zusätzliche Reize und macht den Köder auch beim Absuchen größerer Bereiche gut bemerkbar.</p><p>Als Gelenkköder bringt der Tauchkönig eine bewegliche Silhouette ins Wasser, die bei wechselndem Tempo lebendig wirkt. Mehrere Farbdekore erlauben die Anpassung an klares oder eingetrübtes Wasser sowie an unterschiedliche Lichtverhältnisse. Im flachen Uferbereich, über Hindernissen oder an bewachsenen Buchten ist das Floating-Verhalten besonders praktisch: Mit einer Pause lässt sich der Köder auftreiben, statt ihn weiter in das Kraut zu kurbeln. So bleibt die Führung kontrolliert und abwechslungsreich.</p><p><strong>Ausführung:</strong> 7,1 cm | 9,7 g</p><h3>Der Tauchkönig im Überblick</h3><ul>
<li>Schwimmender Wobbler</li>
<li>Gelenkige Köderaktion</li>
<li>Stop-and-Go-Führung</li>
<li>Rassel für zusätzliche Reize</li>
<li>Mehrere Farbdekore</li>
<li>Für flache Hindernisbereiche</li>
<li>Zielfische: Barsch, Hecht, Zander</li>
<li>5 Dekore zur Auswahl</li>
<li>7,1 cm | 9,7 g</li>
</ul>",Köderdepot,sg-4-6-13,Crankbait,"9042, Barschköder, Crankbait, Floating, Gelenkköder, Hechtköder, Rassel, Stop And Go, suchköder, Zanderköder, kategorie-koeder, zielfisch-hecht, zielfisch-zander, zielfisch-barsch",TRUE,Farbe,gold-tiger-belly,Größe | Gewicht,"7,1 cm | 9,7 g",,,SF-JC-071-097-GT,10,shopify,19,deny,manual,8.49,,TRUE,TRUE,,https://cdn.shopify.com/s/files/1/1021/1239/5606/files/GoldTigerBelly.png?v=1776495216,1,,FALSE,"Wobbler Tauchkönig – 9,7 g / 7,1 cm | Köderdepot","Wobbler Tauchkönig – 9,7 g / 7,1 cm. Für Hecht, Zander. Überzeugt beim Spinnfischen mit stabiler Laufeigenschaft.",https://cdn.shopify.com/s/files/1/1021/1239/5606/files/GoldTigerBelly.png?v=1776495216,g,active
koederdepot-tauchkoenig,,,,,,,,,bronze-shad,,"7,1 cm | 9,7 g",,,SF-JC-071-097-BS,10,shopify,20,deny,manual,8.49,,TRUE,TRUE,,https://cdn.shopify.com/s/files/1/1021/1239/5606/files/BronzeShad.png?v=1776495216,2,,,,,https://cdn.shopify.com/s/files/1/1021/1239/5606/files/BronzeShad.png?v=1776495216,g,
koederdepot-tauchkoenig,,,,,,,,,blue-stripe-fire,,"7,1 cm | 9,7 g",,,SF-JC-071-097-BF,10,shopify,19,deny,manual,8.49,,TRUE,TRUE,,https://cdn.shopify.com/s/files/1/1021/1239/5606/files/BlueStripeFire.png?v=1776495216,3,,,,,https://cdn.shopify.com/s/files/1/1021/1239/5606/files/BlueStripeFire.png?v=1776495216,g,
koederdepot-tauchkoenig,,,,,,,,,night-blue-perch,,"7,1 cm | 9,7 g",,,SF-JC-071-097-NB,10,shopify,19,deny,manual,8.49,,TRUE,TRUE,,https://cdn.shopify.com/s/files/1/1021/1239/5606/files/NightBluePerch.png?v=1776495216,4,,,,,https://cdn.shopify.com/s/files/1/1021/1239/5606/files/NightBluePerch.png?v=1776495216,g,
koederdepot-tauchkoenig,,,,,,,,,steel-flash,,"7,1 cm | 9,7 g",,,SF-JC-071-097-SF,10,shopify,20,deny,manual,8.49,,TRUE,TRUE,,https://cdn.shopify.com/s/files/1/1021/1239/5606/files/SteelFlash.png?v=1776495216,5,,,,,https://cdn.shopify.com/s/files/1/1021/1239/5606/files/SteelFlash.png?v=1776495216,g,
koederdepot-silberstreif,Köderdepot Silberstreif,"<p><em>Sinkender Minnow mit Reiz für trübe Suchstrecken</em></p><h2>Mit Pausen durch die Wasserschichten</h2><p>Der Silberstreif ist ein sinkender Wobbler für Barsch, Hecht und Zander, wenn mit wechselndem Tempo Fläche gemacht werden soll. Seine Stärke spielt er bei der Stop-and-Go-Führung aus: Nach einem gleichmäßigen Zug darf der Köder absinken, bevor er erneut in Bewegung kommt. Gerade an Kanten, über tieferen Rinnen oder entlang versunkener Strukturen entstehen so Bisse oft in der Pause. Auch mit kurzen Twitches lässt sich der Lauf gezielt unterbrechen und wieder anregen.</p><p>Als Crankbait eignet sich der Silberstreif für die aktive Suche in trübem Wasser, wenn Fische den Köder eher über Druck und Geräusch wahrnehmen. Die integrierte Rassel setzt dabei einen akustischen Reiz, ohne dass die Führung hektisch werden muss. Mehrere Farbdekore erlauben eine Anpassung an Licht, Wasserfärbung und Beutefischvorkommen. Der Kunststoffkörper passt gut in Bereiche mit wechselnden Tiefen, in denen ein sinkender Köder kontrolliert an interessanten Stellen angeboten werden kann.</p><p><strong>Ausführung:</strong> 8,5 cm | 12,3 g</p><h3>Der Silberstreif im Überblick</h3><ul>
<li>Sinkender Wobbler</li>
<li>Stop-and-Go-Führung</li>
<li>Mit Rassel</li>
<li>Für trübes Wasser</li>
<li>Mehrere Farbdekore</li>
<li>Twitchbar geführt</li>
<li>Zielfische: Barsch, Hecht, Zander</li>
<li>5 Dekore zur Auswahl</li>
<li>8,5 cm | 12,3 g</li>
</ul>",Köderdepot,sg-4-6-13,Crankbait,"Barschköder, Crankbait, Hechtköder, Kunststoff, M157, Rassel, Sinking, Stop And Go, suchköder, Trübes Wasser, Twitch, Zanderköder, kategorie-koeder, zielfisch-hecht, zielfisch-zander, zielfisch-barsch",TRUE,Farbe,icewave-blue,Größe | Gewicht,"8,5 cm | 12,3 g",,,SF-RV-085-123-IB,12,shopify,23,deny,manual,9.99,,TRUE,TRUE,,https://cdn.shopify.com/s/files/1/1021/1239/5606/files/IcewaveBlue.png?v=1776495218,1,,FALSE,Wobbler Silberstreif | Köderdepot,"Wobbler Silberstreif. Für Hecht, Zander. Erzeugt Druckwellen und arbeitet zuverlässig an Kanten. Jetzt bei Köderdepot entdecken.",https://cdn.shopify.com/s/files/1/1021/1239/5606/files/IcewaveBlue.png?v=1776495218,g,active
koederdepot-silberstreif,,,,,,,,,green-faide,,"8,5 cm | 12,3 g",,,SF-RV-085-123-GF,12,shopify,9,deny,manual,9.99,,TRUE,TRUE,,https://cdn.shopify.com/s/files/1/1021/1239/5606/files/Design_ohne_Titel_15.png?v=1776495218,2,,,,,https://cdn.shopify.com/s/files/1/1021/1239/5606/files/Design_ohne_Titel_15.png?v=1776495218,g,
koederdepot-silberstreif,,,,,,,,,olive-reactor,,"8,5 cm | 12,3 g",,,SF-RV-085-123-OR,12,shopify,23,deny,manual,9.99,,TRUE,TRUE,,https://cdn.shopify.com/s/files/1/1021/1239/5606/files/OliveReactor.png?v=1776495218,3,,,,,https://cdn.shopify.com/s/files/1/1021/1239/5606/files/OliveReactor.png?v=1776495218,g,
koederdepot-silberstreif,,,,,,,,,crimson-ghost,,"8,5 cm | 12,3 g",,,SF-RV-085-123-CG,12,shopify,23,deny,manual,9.99,,TRUE,TRUE,,https://cdn.shopify.com/s/files/1/1021/1239/5606/files/CrimsonGhost.png?v=1776495218,4,,,,,https://cdn.shopify.com/s/files/1/1021/1239/5606/files/CrimsonGhost.png?v=1776495218,g,
koederdepot-silberstreif,,,,,,,,,prism-violet,,"8,5 cm | 12,3 g",,,SF-RV-085-123-PV,12,shopify,23,deny,manual,9.99,,TRUE,TRUE,,https://cdn.shopify.com/s/files/1/1021/1239/5606/files/PrismViolet.png?v=1776495218,5,,,,,https://cdn.shopify.com/s/files/1/1021/1239/5606/files/PrismViolet.png?v=1776495218,g,
koederdepot-drucklaeufer,Köderdepot Druckläufer,"<p><em>Sinkender Minnow für die Suche mit Druck und Klang</em></p><h2>Druckvoll durch verschiedene Tiefen führen</h2><p>Der Druckläufer ist ein sinkender Wobbler für Barsch, Hecht und Zander. Seine Tauchschaufel bringt ihn bei gleichmäßigem Einkurbeln zügig in die gewünschte Tiefe, während die Metallkugel im Inneren Druckwellen und eine Rassel erzeugt. Damit passt er an Kanten, über festem Grund und entlang von Spundwänden. Mit kurzen Stopps lässt sich der Köder absinken, bevor er wieder angekurbelt wird. Gerade Zander nehmen ihn oft in solchen Unterbrechungen.</p><p>Als Crankbait arbeitet der Druckläufer besonders gut, wenn größere Bereiche systematisch abgesucht werden sollen. Das sinkende Verhalten eröffnet dabei auch tiefer liegende Zonen, die ein schwimmender Köder nicht erreicht. An trüberem Wasser oder bei Wind hilft die präsente Rassel, auf sich aufmerksam zu machen. Verschiedene Farbdekore erlauben eine Anpassung an Licht, Wasserfärbung und Beutefischbestand. Natürlich wirkende Farben passen zu klarem Wasser, auffälligere Dekore zu geringer Sicht.</p><p><strong>Ausführung:</strong> 7 cm | 18 g</p><h3>Der Druckläufer im Überblick</h3><ul>
<li>Sinkender Wobbler</li>
<li>Mit Tauchschaufel</li>
<li>Metallkugel mit Rassel</li>
<li>Für aktive Suchphasen</li>
<li>Verschiedene Farbdekore</li>
<li>Druckvolle Führung</li>
<li>Zielfische: Barsch, Hecht, Zander</li>
<li>4 Dekore zur Auswahl</li>
<li>7 cm | 18 g</li>
</ul>",Köderdepot,sg-4-6-13,Crankbait,"9225, Barschköder, Crankbait, Hardbait, Hechtköder, Metallkugel, Rassel, Sinking, suchköder, Tauchschaufel, Zanderköder, kategorie-koeder, zielfisch-hecht, zielfisch-zander, zielfisch-barsch",TRUE,Farbe,perch-stripe,Größe | Gewicht,7 cm | 18 g,,,SF-CR-070-180-PS,18,shopify,25,deny,manual,9.99,,TRUE,TRUE,,https://cdn.shopify.com/s/files/1/1021/1239/5606/files/PerchStripe.png?v=1776495220,1,,FALSE,Wobbler Druckläufer – 18 g / 7 cm | Köderdepot,"Wobbler Druckläufer – 18 g / 7 cm. Für Hecht, Zander. Überzeugt beim Spinnfischen mit stabiler Laufeigenschaft.",https://cdn.shopify.com/s/files/1/1021/1239/5606/files/PerchStripe.png?v=1776495220,g,active
koederdepot-drucklaeufer,,,,,,,,,neon-lime,,7 cm | 18 g,,,SF-CR-070-180-NL,18,shopify,25,deny,manual,9.99,,TRUE,TRUE,,https://cdn.shopify.com/s/files/1/1021/1239/5606/files/NeonLime.png?v=1776495220,2,,,,,https://cdn.shopify.com/s/files/1/1021/1239/5606/files/NeonLime.png?v=1776495220,g,
koederdepot-drucklaeufer,,,,,,,,,olive-gold,,7 cm | 18 g,,,SF-CR-070-180-OG,18,shopify,25,deny,manual,9.99,,TRUE,TRUE,,https://cdn.shopify.com/s/files/1/1021/1239/5606/files/OliveGold.png?v=1776495221,3,,,,,https://cdn.shopify.com/s/files/1/1021/1239/5606/files/OliveGold.png?v=1776495221,g,
koederdepot-drucklaeufer,,,,,,,,,red-belly-shad,,7 cm | 18 g,,,SF-CR-070-180-RB,18,shopify,25,deny,manual,9.99,,TRUE,TRUE,,https://cdn.shopify.com/s/files/1/1021/1239/5606/files/RedBellyShad.png?v=1776495220,4,,,,,https://cdn.shopify.com/s/files/1/1021/1239/5606/files/RedBellyShad.png?v=1776495220,g,
koederdepot-krautlaeufer,Köderdepot Krautläufer,"<p><em>Schwimmender Frosch für krautige Flachwasserzonen</em></p><h2>Oben über Kraut und Seerosen geführt</h2><p>Der Krautläufer ist ein schwimmender Frosch-Gummiköder für Barsch und Hecht an flachen, bewachsenen Stellen. Er wird über Krautfelder, entlang von Krautkanten und durch Lücken in Seerosen geführt, wo andere Köder schnell hängen bleiben können. Eine ruhige, gleichmäßige Führung hält ihn an der Oberfläche. Kurze Zupfer lassen ihn an offenen Fenstern stehen oder seitlich ausbrechen. Gerade an warmen Tagen sind solche Oberflächenreize an schattigen Pflanzenfeldern interessant.</p><p>Im Flachwasser spielt der Krautläufer seine Stärke aus, wenn die Vegetation viele Verstecke bietet und Raubfische dicht unter der Oberfläche stehen. Mehrere Farbdekore erlauben eine Anpassung an klares Wasser, trübere Buchten oder stark beschattete Seerosenfelder. Als Weedless-Softbait passt er besonders an Stellen, an denen zwischen Pflanzen nur schmale freie Bahnen bleiben. Dort kann er langsam über das Kraut gezogen und an freien Taschen kurz stehen gelassen werden.</p><p><strong>Ausführung:</strong> 8,5 cm | 15 g</p><h3>Der Krautläufer im Überblick</h3><ul>
<li>Schwimmender Frosch-Gummiköder</li>
<li>Für bewachsene Flachwasserbereiche</li>
<li>Weedless über Kraut führen</li>
<li>Geeignet für Seerosenfelder</li>
<li>Mehrere Farbdekore erhältlich</li>
<li>Zielfische: Barsch, Hecht</li>
<li>5 Dekore zur Auswahl</li>
<li>8,5 cm | 15 g</li>
</ul>",Köderdepot,sg-4-6-13,Frösche,"Barschköder, Flachwasser, Floating, Hechtköder, Krautkante, SB-31, Seerosen, Softbait, Topwater, Weedless, kategorie-koeder, zielfisch-hecht, zielfisch-barsch",TRUE,Farbe,ember-flow,Größe | Gewicht,"8,5 cm | 15 g",,,SF-SS-85-15-EF,15,shopify,20,deny,manual,7.49,,TRUE,TRUE,,https://cdn.shopify.com/s/files/1/1021/1239/5606/files/EmberFlow.png?v=1776495222,1,,FALSE,"Frosch-Gummiköder Krautläufer – 15 g / 8,5 cm | Köderdepot","Frosch-Gummiköder Krautläufer – 15 g / 8,5 cm. Für Hecht, Barsch. Bleibt in Kraut und Seerosenfeldern einsatzfähig. Jetzt bei Köderdepot entdecken.",https://cdn.shopify.com/s/files/1/1021/1239/5606/files/EmberFlow.png?v=1776495222,g,active
koederdepot-krautlaeufer,,,,,,,,,signal-split,,"8,5 cm | 15 g",,,SF-SS-85-15-SP,15,shopify,20,deny,manual,7.49,,TRUE,TRUE,,https://cdn.shopify.com/s/files/1/1021/1239/5606/files/SignalSplit.png?v=1776495222,2,,,,,https://cdn.shopify.com/s/files/1/1021/1239/5606/files/SignalSplit.png?v=1776495222,g,
koederdepot-krautlaeufer,,,,,,,,,berry-swirl,,"8,5 cm | 15 g",,,SF-SS-85-15-BS,15,shopify,20,deny,manual,7.49,,TRUE,TRUE,,https://cdn.shopify.com/s/files/1/1021/1239/5606/files/BerrySwirl.png?v=1776495222,3,,,,,https://cdn.shopify.com/s/files/1/1021/1239/5606/files/BerrySwirl.png?v=1776495222,g,
koederdepot-krautlaeufer,,,,,,,,,reed-drift,,"8,5 cm | 15 g",,,SF-SS-85-15-RD,15,shopify,20,deny,manual,7.49,,TRUE,TRUE,,https://cdn.shopify.com/s/files/1/1021/1239/5606/files/ReedDrift.png?v=1776495222,4,,,,,https://cdn.shopify.com/s/files/1/1021/1239/5606/files/ReedDrift.png?v=1776495222,g,
koederdepot-krautlaeufer,,,,,,,,,spectrum-melt,,"8,5 cm | 15 g",,,SF-SS-85-15-SM,15,shopify,20,deny,manual,7.49,,TRUE,TRUE,,https://cdn.shopify.com/s/files/1/1021/1239/5606/files/SpectrumMelt.png?v=1776495222,5,,,,,https://cdn.shopify.com/s/files/1/1021/1239/5606/files/SpectrumMelt.png?v=1776495222,g,
koederdepot-seerosenkoenig,Köderdepot Seerosenkönig,"<p><em>Schwimmender Froschköder für dichtes Kraut und freie Taschen</em></p><h2>Leise über Seerosen und Krautfelder geführt</h2><p>Der Seerosenkönig ist ein schwimmender Froschköder für Barsch und Hecht, wenn sich die Räuber unter dichtem Bewuchs aufhalten. In Seerosenfeldern lässt er sich gezielt über freie Stellen, entlang von Kanten und durch schmale Gassen führen. Die Stop-and-Go-Führung passt dabei besonders gut: Nach einem Zug bleibt der Köder an der Oberfläche stehen und gibt Fischen Zeit, aus der Deckung aufzusteigen. Gerade an ruhigen Tagen kann diese Pause den Biss auslösen.</p><p>Als Softbait gehört der Seerosenkönig an Plätze, an denen harte Köder schnell zu viel Kraut aufnehmen oder die Oberfläche nicht sauber passieren. Sein Froschprofil fügt sich stimmig in flache, bewachsene Bereiche ein und eignet sich für die Angelei direkt am Cover. Unterschiedliche Farbdekore erlauben es, die Auswahl an Wasserfarbe, Licht und den Kontrast zur Oberfläche anzupassen. Helle Varianten sind bei trübem Wasser gut sichtbar, gedecktere Dekore wirken in klarem, ruhigem Wasser zurückhaltender.</p><p><strong>Ausführung:</strong> 9 cm | 13 g</p><h3>Der Seerosenkönig im Überblick</h3><ul>
<li>Schwimmender Frosch-Softbait</li>
<li>Für Seerosenfelder geeignet</li>
<li>Stop-and-Go-Führung</li>
<li>Für dichtes Cover</li>
<li>Mehrere Farbdekore</li>
<li>Oberflächennah einsetzbar</li>
<li>Zielfische: Barsch, Hecht</li>
<li>5 Dekore zur Auswahl</li>
<li>9 cm | 13 g</li>
</ul>",Köderdepot,sg-4-6-13,Frösche,"Barschköder, Cover, Floating, Frosch, Froschköder, Hechtköder, Kraut, Oberflächenköder, SB-36, Seerosen, Softbait, Stop And Go, Topwater, kategorie-koeder, zielfisch-hecht, zielfisch-barsch",TRUE,Farbe,lime-slash,Größe | Gewicht,9 cm | 13 g,,,SF-FG-090-13-LS,13,shopify,20,deny,manual,7.49,,TRUE,TRUE,,https://cdn.shopify.com/s/files/1/1021/1239/5606/files/LimeSlash.png?v=1776495224,1,,FALSE,Frosch-Gummiköder Seerosenkönig – 13 g / 9 cm | Köderdepot,"Frosch-Gummiköder Seerosenkönig – 13 g / 9 cm. Für Hecht, Barsch. Bleibt in Kraut und Seerosenfeldern einsatzfähig. Jetzt bei Köderdepot entdecken.",https://cdn.shopify.com/s/files/1/1021/1239/5606/files/LimeSlash.png?v=1776495224,g,active
koederdepot-seerosenkoenig,,,,,,,,,olive-shadow,,9 cm | 13 g,,,SF-FG-090-13-OS,13,shopify,20,deny,manual,7.49,,TRUE,TRUE,,https://cdn.shopify.com/s/files/1/1021/1239/5606/files/OliveShadow.png?v=1776495225,2,,,,,https://cdn.shopify.com/s/files/1/1021/1239/5606/files/OliveShadow.png?v=1776495225,g,
koederdepot-seerosenkoenig,,,,,,,,,bronze-dot,,9 cm | 13 g,,,SF-FG-090-13-BD,13,shopify,20,deny,manual,7.49,,TRUE,TRUE,,https://cdn.shopify.com/s/files/1/1021/1239/5606/files/BronzeDot.png?v=1776495224,3,,,,,https://cdn.shopify.com/s/files/1/1021/1239/5606/files/BronzeDot.png?v=1776495224,g,
koederdepot-seerosenkoenig,,,,,,,,,green-pulse,,9 cm | 13 g,,,SF-FG-090-13-GP,13,shopify,20,deny,manual,7.49,,TRUE,TRUE,,https://cdn.shopify.com/s/files/1/1021/1239/5606/files/GreenPulse.png?v=1776495224,4,,,,,https://cdn.shopify.com/s/files/1/1021/1239/5606/files/GreenPulse.png?v=1776495224,g,
koederdepot-seerosenkoenig,,,,,,,,,pink-riot,,9 cm | 13 g,,,SF-FG-090-13-PR,13,shopify,20,deny,manual,7.49,,TRUE,TRUE,,https://cdn.shopify.com/s/files/1/1021/1239/5606/files/PinkRiot.png?v=1776495224,5,,,,,https://cdn.shopify.com/s/files/1/1021/1239/5606/files/PinkRiot.png?v=1776495224,g,
koederdepot-kurzlaeufer,Köderdepot Kurzläufer,"<p><em>Schwimmender Wobbler für flache Kanten und wechselnde Pausen</em></p><h2>Gelenkiger Lauf über flachem Kraut</h2><p>Der Kurzläufer ist ein schwimmender Wobbler für Barsch und Hecht an flachen Krautkanten. Sein gelenkiger Körper spielt besonders dann seine Stärke aus, wenn die Führung immer wieder unterbrochen wird. Mit einer Stop-and-Go-Führung lässt er sich über freie Bereiche und entlang von Kraut führen. In den Pausen steigt der Köder auf und kann aus kritischen Zonen herausgeführt werden. Gerade im flachen Wasser entsteht so ein kontrollierter Lauf, der Bisse nach dem Anhalten provozieren kann.</p><p>Als Hardbait für die aktive Suche passt der Kurzläufer an übersichtliche Flachwasserbereiche, Buchten und Kanten mit aufsteigendem Kraut. Die Rassel setzt dabei einen akustischen Reiz, der den Köder auch bei leicht getrübtem Wasser bemerkbar macht. Verschiedene Farbdekore erlauben es, den Auftritt an Wasserfarbe, Licht und Beutefischvorkommen anzupassen. Natürliche Muster passen an klarere Stellen, während auffälligere Dekore bei wenig Sicht oder wechselnden Bedingungen gezielt eingesetzt werden können.</p><p><strong>Ausführung:</strong> 8 cm | 15,3 g</p><h3>Der Kurzläufer im Überblick</h3><ul>
<li>Schwimmender Gelenkköder</li>
<li>Für Stop-and-Go-Führung</li>
<li>Rassel für akustische Reize</li>
<li>Geeignet für Krautkanten</li>
<li>Mehrere Farbdekore verfügbar</li>
<li>Zielfische: Barsch, Hecht</li>
<li>5 Dekore zur Auswahl</li>
<li>8 cm | 15,3 g</li>
</ul>",Köderdepot,sg-4-6-13,Swimbait,"9008, Barschköder, Flachwasser, Floating, Gelenkköder, Hardbait, Hechtköder, Krautkante, Rassel, Stop And Go, suchköder, Swimbait, kategorie-koeder, zielfisch-hecht, zielfisch-barsch",TRUE,Farbe,lemon-gillflash,Größe | Gewicht,"8 cm | 15,3 g",,,SF-RC-080-153-LG,15,shopify,20,deny,manual,9.49,,TRUE,TRUE,,https://cdn.shopify.com/s/files/1/1021/1239/5606/files/Design_ohne_Titel_17.png?v=1776495226,1,,FALSE,"Wobbler Kurzläufer – 15,3 g / 8 cm | Köderdepot","Wobbler Kurzläufer – 15,3 g / 8 cm. Für Hecht, Barsch. Überzeugt beim Spinnfischen mit stabiler Laufeigenschaft.",https://cdn.shopify.com/s/files/1/1021/1239/5606/files/Design_ohne_Titel_17.png?v=1776495226,g,active
koederdepot-kurzlaeufer,,,,,,,,,frost-pinkshot,,"8 cm | 15,3 g",,,SF-RC-080-153-FP,15,shopify,19,deny,manual,9.49,,TRUE,TRUE,,https://cdn.shopify.com/s/files/1/1021/1239/5606/files/DesignohneTitel_19_55fb9db3-16a3-4b68-9045-9dc35d417ba0.png?v=1776495226,2,,,,,https://cdn.shopify.com/s/files/1/1021/1239/5606/files/DesignohneTitel_23.png?v=1776495226,g,
koederdepot-kurzlaeufer,,,,,,,,,midnight-olive,,"8 cm | 15,3 g",,,SF-RC-080-153-MO,15,shopify,19,deny,manual,9.49,,TRUE,TRUE,,https://cdn.shopify.com/s/files/1/1021/1239/5606/files/DesignohneTitel_23.png?v=1776495226,3,,,,,https://cdn.shopify.com/s/files/1/1021/1239/5606/files/DesignohneTitel_25.png?v=1776495226,g,
koederdepot-kurzlaeufer,,,,,,,,,mint-reactor,,"8 cm | 15,3 g",,,SF-RC-080-153-MR,15,shopify,20,deny,manual,9.49,,TRUE,TRUE,,https://cdn.shopify.com/s/files/1/1021/1239/5606/files/DesignohneTitel_24.png?v=1776495226,4,,,,,https://cdn.shopify.com/s/files/1/1021/1239/5606/files/DesignohneTitel_21.png?v=1776495226,g,
koederdepot-kurzlaeufer,,,,,,,,,jungle-riot,,"8 cm | 15,3 g",,,SF-RC-080-153-JR,15,shopify,19,deny,manual,9.49,,TRUE,TRUE,,https://cdn.shopify.com/s/files/1/1021/1239/5606/files/DesignohneTitel_25.png?v=1776495226,5,,,,,https://cdn.shopify.com/s/files/1/1021/1239/5606/files/DesignohneTitel_18.png?v=1776495226,g,
koederdepot-kurzlaeufer,,,,,,,,,,,,,,,,,,,,,,,,,https://cdn.shopify.com/s/files/1/1021/1239/5606/files/DesignohneTitel_26.png?v=1776495226,6,,,,,,,
koederdepot-kurzlaeufer,,,,,,,,,,,,,,,,,,,,,,,,,https://cdn.shopify.com/s/files/1/1021/1239/5606/files/DesignohneTitel_21.png?v=1776495226,7,,,,,,,
koederdepot-kurzlaeufer,,,,,,,,,,,,,,,,,,,,,,,,,https://cdn.shopify.com/s/files/1/1021/1239/5606/files/DesignohneTitel_22.png?v=1776495226,8,,,,,,,
koederdepot-kurzlaeufer,,,,,,,,,,,,,,,,,,,,,,,,,https://cdn.shopify.com/s/files/1/1021/1239/5606/files/DesignohneTitel_18.png?v=1776495226,9,,,,,,,
koederdepot-kurzlaeufer,,,,,,,,,,,,,,,,,,,,,,,,,https://cdn.shopify.com/s/files/1/1021/1239/5606/files/DesignohneTitel_20.png?v=1776495226,10,,,,,,,
koederdepot-federkopf,Köderdepot Federkopf,"<p><em>Oberflächenköder für raubende Fische im flachen Wasser</em></p><h2>Spritzwasser und Reize über dem Kraut</h2><p>Der Federkopf ist ein Popper für Barsch und Hecht, wenn die Räuber im Flachwasser nach Beute schauen. Mit kurzen Schlägen in die lockere Schnur lässt er Spritzwasser entstehen und kann zwischen den Impulsen kurz stehen bleiben. Gerade an ruhigen Morgenstunden, entlang von Krautfeldern oder über flachen Buchten lohnt eine Führung mit Pausen. Steigen Fische hinter dem Köder auf, kann ein längerer Stillstand den Biss auslösen.</p><p>Als Hardbait arbeitet der Federkopf direkt an der Oberfläche und bleibt damit über vielen Hindernissen im Flachwasser einsetzbar. Der Skirt am Heck gibt dem Köder im Stand zusätzliches Spiel und bewegt sich auch bei geringer Fahrt. Mehrere Farbdekore erlauben eine Anpassung an Licht, Wassertrübung und die vorhandene Beute. Dezente Farben passen häufig zu klarem Wasser, während kontrastreichere Dekore bei trübem Wasser oder bedecktem Himmel besser sichtbar bleiben.</p><p><strong>Ausführung:</strong> 5 cm | 11 g</p><h3>Der Federkopf im Überblick</h3><ul>
<li>Topwater für Flachwasser</li>
<li>Spritzwasser durch kurze Schläge</li>
<li>Skirt mit feinem Spiel</li>
<li>Pausen gezielt einsetzen</li>
<li>Mehrere Farbdekore verfügbar</li>
<li>Zielfische: Barsch, Hecht</li>
<li>5 Dekore zur Auswahl</li>
<li>5 cm | 11 g</li>
</ul>",Köderdepot,sg-4-6-13,Popper,"Barschköder, Flachwasser, Hardbait, Hechtköder, Oberfläche, Popper, Shockfin, Skirt, Spritzwasser, Topwater, kategorie-koeder, zielfisch-hecht, zielfisch-barsch",TRUE,Farbe,neon-lime-spot,Größe | Gewicht,5 cm | 11 g,,,SF-PP-050-11-NL,11,shopify,19,deny,manual,8.49,,TRUE,TRUE,,https://cdn.shopify.com/s/files/1/1021/1239/5606/files/NeonLimeSpot.png?v=1776495228,1,,FALSE,Popper Federkopf – 11 g / 5 cm | Köderdepot,"Popper Federkopf – 11 g / 5 cm. Für Hecht, Barsch. Reagiert auf kurze Zupfer mit deutlicher Oberflächenunruhe. Jetzt bei Köderdepot entdecken.",https://cdn.shopify.com/s/files/1/1021/1239/5606/files/NeonLimeSpot.png?v=1776495228,g,active
koederdepot-federkopf,,,,,,,,,amber-tiger,,5 cm | 11 g,,,SF-PP-050-11-AT,11,shopify,19,deny,manual,8.49,,TRUE,TRUE,,https://cdn.shopify.com/s/files/1/1021/1239/5606/files/AmberTiger.png?v=1776495228,2,,,,,https://cdn.shopify.com/s/files/1/1021/1239/5606/files/AmberTiger.png?v=1776495228,g,
koederdepot-federkopf,,,,,,,,,ice-tiger,,5 cm | 11 g,,,SF-PP-050-11-IT,11,shopify,19,deny,manual,8.49,,TRUE,TRUE,,https://cdn.shopify.com/s/files/1/1021/1239/5606/files/IceTiger.png?v=1776495227,3,,,,,https://cdn.shopify.com/s/files/1/1021/1239/5606/files/IceTiger.png?v=1776495227,g,
koederdepot-federkopf,,,,,,,,,midnight-stripe,,5 cm | 11 g,,,SF-PP-050-11-MS,11,shopify,20,deny,manual,8.49,,TRUE,TRUE,,https://cdn.shopify.com/s/files/1/1021/1239/5606/files/MidnightStripe.png?v=1776495228,4,,,,,https://cdn.shopify.com/s/files/1/1021/1239/5606/files/MidnightStripe.png?v=1776495228,g,
koederdepot-federkopf,,,,,,,,,black-gold,,5 cm | 11 g,,,SF-PP-050-11-BG,11,shopify,20,deny,manual,8.49,,TRUE,TRUE,,https://cdn.shopify.com/s/files/1/1021/1239/5606/files/BlackGold.png?v=1776495228,5,,,,,https://cdn.shopify.com/s/files/1/1021/1239/5606/files/BlackGold.png?v=1776495228,g,
koederdepot-flachlaeufer,Köderdepot Flachläufer,"<p><em>Flach laufender Minnow für Pausen und Richtungswechsel</em></p><h2>Ein schwimmender Minnow für flache Bereiche</h2><p>Der Flachläufer ist ein schwimmender Wobbler für Barsch, Hecht und Zander in flachen Uferzonen, über Krautfeldern oder an ausgedehnten Plateaus. Seine Stärke spielt er mit einer Stop-and-Go-Führung aus: Nach dem Einkurbeln bleibt der Köder stehen und steigt wieder auf. Gerade an Kanten, Holz oder einzelnen Krautlücken entstehen so kurze Reize, auf die Fische oft erst nach der Pause reagieren. Auch mit kurzen Twitches lässt sich der Lauf zwischen den Stopps variieren.</p><p>Als Hardbait verbindet der Flachläufer die schlanke Minnow-Form mit einer Rassel, die in trübem Wasser oder bei Wind zusätzliche Aufmerksamkeit erzeugen kann. Die verschiedenen Farbdekore erlauben es, die Köderoptik an Wasserfärbung, Licht und Beutefischvorkommen anzupassen. Helle Varianten passen zu bedecktem Himmel und getrübtem Wasser, natürliche Dekore eher zu klaren Bereichen. Beim Absuchen flacher Buchten, Schilfkanten und überspülter Strukturen bleibt der Köder durch sein Floating-Verhalten kontrollierbar.</p><p><strong>Ausführung:</strong> 8,5 cm | 8,5 g</p><h3>Der Flachläufer im Überblick</h3><ul>
<li>Schwimmender Wobbler</li>
<li>Stop-and-Go-Führung</li>
<li>Mit integrierter Rassel</li>
<li>Verschiedene Farbdekore</li>
<li>Für flache Bereiche</li>
<li>Zielfische: Barsch, Hecht, Zander</li>
<li>9 Dekore zur Auswahl</li>
<li>8,5 cm | 8,5 g</li>
</ul>",Köderdepot,sg-4-6-13,Wobbler,"9083, Barschköder, Floating, Hardbait, Hechtköder, Jerkbait, Minnow, Rattle, Stop And Go, suchköder, Twitchbait, Zanderköder, kategorie-koeder, zielfisch-hecht, zielfisch-zander, zielfisch-barsch",TRUE,Farbe,ocean-shad,Größe | Gewicht,"8,5 cm | 8,5 g",,,SF-MN-085-85-AC,8,shopify,31,deny,manual,8.49,,TRUE,TRUE,,https://cdn.shopify.com/s/files/1/1021/1239/5606/files/ArcticChrome.png?v=1776495229,1,,FALSE,"Wobbler Flachläufer – 8,5 g / 8,5 cm | Köderdepot","Wobbler Flachläufer – 8,5 g / 8,5 cm. Für Hecht, Zander. Überzeugt beim Spinnfischen mit stabiler Laufeigenschaft.",https://cdn.shopify.com/s/files/1/1021/1239/5606/files/ArcticChrome.png?v=1776495229,g,active
koederdepot-flachlaeufer,,,,,,,,,perch-shadow,,"8,5 cm | 8,5 g",,,SF-MN-085-85-TS,8,shopify,31,deny,manual,8.49,,TRUE,TRUE,,https://cdn.shopify.com/s/files/1/1021/1239/5606/files/ToxicStrike.png?v=1776495230,2,,,,,https://cdn.shopify.com/s/files/1/1021/1239/5606/files/ToxicStrike.png?v=1776495230,g,
koederdepot-flachlaeufer,,,,,,,,,black-neon-fury,,"8,5 cm | 8,5 g",,,SF-RM-085-085-BN,8,shopify,11,deny,manual,8.49,,TRUE,TRUE,,https://cdn.shopify.com/s/files/1/1021/1239/5606/files/BlackNeonFury_7be1f032-e569-47df-b8bf-d30ad5be4951.png?v=1776495230,3,,,,,https://cdn.shopify.com/s/files/1/1021/1239/5606/files/BlackNeonFury_7be1f032-e569-47df-b8bf-d30ad5be4951.png?v=1776495230,g,
koederdepot-flachlaeufer,,,,,,,,,pink-strike,,"8,5 cm | 8,5 g",,,SF-MN-085-85-NF,8,shopify,20,deny,manual,8.49,,TRUE,TRUE,,https://cdn.shopify.com/s/files/1/1021/1239/5606/files/NeonFury.png?v=1776495229,4,,,,,https://cdn.shopify.com/s/files/1/1021/1239/5606/files/NeonFury.png?v=1776495229,g,
koederdepot-flachlaeufer,,,,,,,,,royal-haze,,"8,5 cm | 8,5 g",,,SF-RM-085-085-RH,8,shopify,10,deny,manual,8.49,,TRUE,TRUE,,https://cdn.shopify.com/s/files/1/1021/1239/5606/files/RoyalHaze_75c5bb28-fbe8-4e09-a6ef-d968810a4619.png?v=1776495230,5,,,,,https://cdn.shopify.com/s/files/1/1021/1239/5606/files/RoyalHaze_75c5bb28-fbe8-4e09-a6ef-d968810a4619.png?v=1776495230,g,
koederdepot-flachlaeufer,,,,,,,,,pike-ember,,"8,5 cm | 8,5 g",,,SF-RM-085-085-PE,8,shopify,11,deny,manual,8.49,,TRUE,TRUE,,https://cdn.shopify.com/s/files/1/1021/1239/5606/files/PikeEmber_3da2b3dd-588d-4543-bd32-3ff4c715b355.png?v=1776495230,6,,,,,https://cdn.shopify.com/s/files/1/1021/1239/5606/files/PikeEmber_3da2b3dd-588d-4543-bd32-3ff4c715b355.png?v=1776495230,g,
koederdepot-flachlaeufer,,,,,,,,,gold-flashline,,"8,5 cm | 8,5 g",,,SF-RM-085-085-GF,8,shopify,10,deny,manual,8.49,,TRUE,TRUE,,https://cdn.shopify.com/s/files/1/1021/1239/5606/files/GoldFlashline_e5c1d337-3acd-469c-a1da-1de8cd68647c.png?v=1776495229,7,,,,,https://cdn.shopify.com/s/files/1/1021/1239/5606/files/GoldFlashline_e5c1d337-3acd-469c-a1da-1de8cd68647c.png?v=1776495229,g,
koederdepot-flachlaeufer,,,,,,,,,blackscale,,"8,5 cm | 8,5 g",,,SF-MN-085-85-BS,8,shopify,31,deny,manual,8.49,,TRUE,TRUE,,https://cdn.shopify.com/s/files/1/1021/1239/5606/files/BlackScaleMirror.jpg?v=1776495229,8,,,,,https://cdn.shopify.com/s/files/1/1021/1239/5606/files/BlackScaleMirror.jpg?v=1776495229,g,
koederdepot-flachlaeufer,,,,,,,,,chrome-shad,,"8,5 cm | 8,5 g",,,SF-MN-085-85-SG,8,shopify,31,deny,manual,8.49,,TRUE,TRUE,,https://cdn.shopify.com/s/files/1/1021/1239/5606/files/SilverGhostline.png?v=1776495230,9,,,,,https://cdn.shopify.com/s/files/1/1021/1239/5606/files/SilverGhostline.png?v=1776495230,g,
koederdepot-flusslaeufer,Köderdepot Flussläufer,"<p><em>Schwimmender Minnow für flache Kanten und aktive Räuber</em></p><h2>Druckvolle Suche im Flachwasser</h2><p>Der Flussläufer ist ein schwimmender Wobbler für Barsch und Zander im Flachwasser. Als Crankbait erzeugt er Druckwellen und macht damit an ausgedehnten Uferzonen, über flachen Plateaus oder entlang von Kanten auf sich aufmerksam. Gleichmäßig eingekurbelt lässt er sich zum Absuchen offener Bereiche einsetzen. An interessanten Stellen darf die Führung kurz unterbrochen werden: Der Köder steigt dann auf und kann besonders an Hindernissen oder über Kraut eine erneute Reaktion provozieren.</p><p>Seine Rattle ergänzt die Druckwellen mit einem akustischen Reiz, was bei eingetrübtem Wasser oder bei der Suche nach verteilten Fischen hilfreich sein kann. Die verschiedenen Farbdekore erlauben eine Anpassung an Wasserfarbe, Licht und Beutefischbild. Helle Varianten kommen bei wenig Licht zur Geltung, während natürliche Dekore in klarem Flachwasser eine unaufdringlichere Präsentation ermöglichen. Durch sein schwimmendes Verhalten lässt sich der Flussläufer an flachen Kanten kontrolliert führen und über strukturreiche Bereiche hinwegheben.</p><p><strong>Ausführung:</strong> 5,5 cm | 11,4 g</p><h3>Der Flussläufer im Überblick</h3><ul>
<li>Schwimmender Wobbler</li>
<li>Für flache Gewässerzonen</li>
<li>Erzeugt spürbare Druckwellen</li>
<li>Mit Rattle ausgestattet</li>
<li>Mehrere Farbdekore verfügbar</li>
<li>Für Kanten und Plateaus</li>
<li>Zielfische: Barsch, Zander</li>
<li>5 Dekore zur Auswahl</li>
<li>5,5 cm | 11,4 g</li>
</ul>",Köderdepot,sg-4-6-13,Crankbait,"Barschköder, CB040, Crankbait, Druckwellen, Flachwasser, Floating, Hardbait, Kanten, Rattle, suchköder, Zanderköder, kategorie-koeder, zielfisch-zander, zielfisch-barsch",TRUE,Farbe,lime-tiger,Größe | Gewicht,"5,5 cm | 11,4 g",,,SF-RC-55-114-LT,11,shopify,20,deny,manual,8.49,,TRUE,TRUE,,https://cdn.shopify.com/s/files/1/1021/1239/5606/files/LimeTiger.png?v=1776495232,1,,FALSE,"Wobbler Flussläufer – 11,4 g / 5,5 cm | Köderdepot","Wobbler Flussläufer – 11,4 g / 5,5 cm. Für Hecht, Zander. Überzeugt beim Spinnfischen mit stabiler Laufeigenschaft.",https://cdn.shopify.com/s/files/1/1021/1239/5606/files/LimeTiger.png?v=1776495232,g,active
koederdepot-flusslaeufer,,,,,,,,,pearl-shad,,"5,5 cm | 11,4 g",,,SF-RC-55-114-PS,11,shopify,20,deny,manual,8.49,,TRUE,TRUE,,https://cdn.shopify.com/s/files/1/1021/1239/5606/files/PearlShad.png?v=1776495232,2,,,,,https://cdn.shopify.com/s/files/1/1021/1239/5606/files/PearlShad.png?v=1776495232,g,
koederdepot-flusslaeufer,,,,,,,,,amber-goldscale,,"5,5 cm | 11,4 g",,,SF-RC-55-114-AG,11,shopify,20,deny,manual,8.49,,TRUE,TRUE,,https://cdn.shopify.com/s/files/1/1021/1239/5606/files/AmberGoldscale.png?v=1776495231,3,,,,,https://cdn.shopify.com/s/files/1/1021/1239/5606/files/AmberGoldscale.png?v=1776495231,g,
koederdepot-flusslaeufer,,,,,,,,,gold-perch-fade,,"5,5 cm | 11,4 g",,,SF-RC-55-114-GP,11,shopify,20,deny,manual,8.49,,TRUE,TRUE,,https://cdn.shopify.com/s/files/1/1021/1239/5606/files/GoldPerchFade.png?v=1776495232,4,,,,,https://cdn.shopify.com/s/files/1/1021/1239/5606/files/GoldPerchFade.png?v=1776495232,g,
koederdepot-flusslaeufer,,,,,,,,,chrome-ghost,,"5,5 cm | 11,4 g",,,SF-RC-55-114-CG,11,shopify,20,deny,manual,8.49,,TRUE,TRUE,,https://cdn.shopify.com/s/files/1/1021/1239/5606/files/ChromeGhost.png?v=1776495232,5,,,,,https://cdn.shopify.com/s/files/1/1021/1239/5606/files/ChromeGhost.png?v=1776495232,g,
koederdepot-krabbler,Köderdepot Krabbler,"<p><em>Paddelschwanz-Softbait für die Krautkante</em></p><h2>Druckvoll jiggen, sauber an der Kante fischen</h2><p>Der Krabbler ist ein Gummifisch für Barsch, Hecht und Zander, der an Krautkanten seine Stärke ausspielt. Beim Jiggen arbeitet der Paddelschwanz bereits in der Absinkphase und setzt dabei deutliche Reize. Kurze Sprünge über dem Grund und kontrollierte Pausen halten den Köder genau dort, wo Räuber aus dem Kraut heraus auf Beute lauern. Mit einer Offset-Montage lässt er sich dicht an Bewuchs und durch krautige Bereiche führen.</p><p>Mehrere Farbdekore erlauben es, den Krabbler auf Wassertrübung, Licht und den jeweiligen Futterfischbestand abzustimmen. Die geruchsaktive Ausführung kann vor allem bei vorsichtigen Fischen und in stark beangelten Bereichen den Unterschied machen, wenn der Köder länger am Spot liegen bleibt. Als Suchköder lässt sich der Gummifisch an der Krautkante systematisch werfen und über verschiedene Tiefen jiggen. Dabei lohnt es sich, freie Taschen im Bewuchs gezielt anzufischen.</p><p><strong>Ausführung:</strong> 7 cm | 2,3 g | 20 St.</p><h3>Der Krabbler im Überblick</h3><ul>
<li>Paddelschwanz mit Laufaktion</li>
<li>Zum Jiggen geeignet</li>
<li>Für Krautkanten entwickelt</li>
<li>Geruchsaktive Ausführung</li>
<li>Mehrere Farbdekore verfügbar</li>
<li>Offset-tauglich</li>
<li>Zielfische: Barsch, Hecht, Zander</li>
<li>5 Dekore zur Auswahl</li>
<li>7 cm | 2,3 g | 20 St.</li>
</ul>",Köderdepot,sg-4-6-13,Gummifisch,"Barschköder, Geruchsaktiv, Gummifisch, Hechtköder, Jig, Krautkante, Offset, Paddle Tail, SB-09, suchköder, Zanderköder, kategorie-koeder, zielfisch-hecht, zielfisch-zander, zielfisch-barsch",TRUE,Farbe,midnight-silver,Größe | Gewicht | Menge,"7 cm | 2,3 g | 20 St.",,,SF-FS-07-23-MS,46,shopify,20,deny,manual,5.49,,TRUE,TRUE,,https://cdn.shopify.com/s/files/1/1021/1239/5606/files/MidnightSilver.png?v=1776495233,1,,FALSE,"Softbait Krabbler – 2,3 g / 20 Stück | Köderdepot","Softbait Krabbler – 2,3 g / 20 Stück. Für Hecht, Zander. Lässt sich über Kanten und vor Struktur langsam führen. Jetzt bei Köderdepot entdecken.",https://cdn.shopify.com/s/files/1/1021/1239/5606/files/MidnightSilver.png?v=1776495233,g,active
koederdepot-krabbler,,,,,,,,,olive-goby,,"7 cm | 2,3 g | 20 St.",,,SF-FS-07-23-OG,46,shopify,19,deny,manual,5.49,,TRUE,TRUE,,https://cdn.shopify.com/s/files/1/1021/1239/5606/files/OliveGoby.png?v=1776495234,2,,,,,https://cdn.shopify.com/s/files/1/1021/1239/5606/files/OliveGoby.png?v=1776495234,g,
koederdepot-krabbler,,,,,,,,,raspberry-smoke,,"7 cm | 2,3 g | 20 St.",,,SF-FS-07-23-RS,46,shopify,20,deny,manual,5.49,,TRUE,TRUE,,https://cdn.shopify.com/s/files/1/1021/1239/5606/files/RaspberrySmoke.png?v=1776495233,3,,,,,https://cdn.shopify.com/s/files/1/1021/1239/5606/files/RaspberrySmoke.png?v=1776495233,g,
koederdepot-krabbler,,,,,,,,,tangerine-core,,"7 cm | 2,3 g | 20 St.",,,SF-FS-07-23-TC,46,shopify,20,deny,manual,5.49,,TRUE,TRUE,,https://cdn.shopify.com/s/files/1/1021/1239/5606/files/TangerineCore.png?v=1776495234,4,,,,,https://cdn.shopify.com/s/files/1/1021/1239/5606/files/TangerineCore.png?v=1776495234,g,
koederdepot-krabbler,,,,,,,,,chartreuse-blade,,"7 cm | 2,3 g | 20 St.",,,SF-FS-07-23-CB,46,shopify,20,deny,manual,5.49,,TRUE,TRUE,,https://cdn.shopify.com/s/files/1/1021/1239/5606/files/ChartreuseBlade.png?v=1776495234,5,,,,,https://cdn.shopify.com/s/files/1/1021/1239/5606/files/ChartreuseBlade.png?v=1776495234,g,
koederdepot-panzerfunke,Köderdepot Panzerfunke,"<p><em>Kompakter Creature Bait für die feine Präsentation an Struktur und Kraut</em></p><h2>Dezenter Reiz an schwierigen Spots</h2><p>Der Panzerfunke ist ein Creature Bait für das Finesse-Angeln auf Barsch und Zander. Seine Silhouette passt an Krautkanten, zwischen versunkenen Ästen und auf strukturreichen Grund, wo Raubfische Beute nicht lange verfolgen wollen. Geführt wird er kontrolliert und mit kurzen Bewegungen, damit er dicht am Spot bleibt. Kleine Zupfer und längere Ruhephasen geben Barsch und Zander Zeit, den Köder aufzunehmen. Gerade bei vorsichtigen Fischen lohnt eine zurückhaltende Präsentation.</p><p>Die verschiedenen Farbdekore erlauben eine Anpassung an Wasserfarbe, Licht und den Beutedruck am Gewässer. In klarem Wasser funktionieren oft unaufdringliche Töne, während bei trüber Sicht ein besser wahrnehmbares Dekor sinnvoll sein kann. Der geruchsaktive Softbait bringt dabei einen zusätzlichen Reiz in die Präsentation, besonders wenn der Köder lange an einer Kante oder direkt an einer Struktur liegen bleibt. So spielt der Panzerfunke seine Stärke aus, wenn präzises Angeln wichtiger ist als weites Absuchen.</p><p><strong>Ausführung:</strong> 8 cm | 3 g | 10 St.</p><h3>Der Panzerfunke im Überblick</h3><ul>
<li>Creature Bait für Finesse</li>
<li>Geruchsaktiver Softbait</li>
<li>Für Krautkanten geeignet</li>
<li>Mehrere Farbdekore verfügbar</li>
<li>Präzise an Struktur führen</li>
<li>Zielfische: Barsch, Zander</li>
<li>5 Dekore zur Auswahl</li>
<li>8 cm | 3 g | 10 St.</li>
</ul>",Köderdepot,sg-4-6-13,Creature Bait,"Barschköder, Creature Bait, Finesse, Geruchsaktiv, Krautkanten, Shockfin, Softbait, Struktur, Zanderköder, kategorie-koeder, zielfisch-zander, zielfisch-barsch",TRUE,Farbe,green-pepper-flash,Größe | Gewicht | Menge,8 cm | 3 g | 10 St.,,,SF-RM-08-03-GP,30,shopify,20,deny,manual,4.49,,TRUE,TRUE,,https://cdn.shopify.com/s/files/1/1021/1239/5606/files/DesignohneTitel_11_1f384575-9db2-4d70-a62c-f2b2687623d1.png?v=1776495236,1,,FALSE,Softbait Panzerfunke – 3 g / 10 Stück | Köderdepot,"Softbait Panzerfunke – 3 g / 10 Stück. Für Zander, Barsch. Passt an Jig-, Texas- und Carolina-Rig. Jetzt bei Köderdepot entdecken.",https://cdn.shopify.com/s/files/1/1021/1239/5606/files/DesignohneTitel_11_1f384575-9db2-4d70-a62c-f2b2687623d1.png?v=1776495236,g,active
koederdepot-panzerfunke,,,,,,,,,craw-bark-red,,8 cm | 3 g | 10 St.,,,SF-RM-08-03-CB,30,shopify,20,deny,manual,4.49,,TRUE,TRUE,,https://cdn.shopify.com/s/files/1/1021/1239/5606/files/DesignohneTitel_7.png?v=1776495236,2,,,,,https://cdn.shopify.com/s/files/1/1021/1239/5606/files/DesignohneTitel_7.png?v=1776495236,g,
koederdepot-panzerfunke,,,,,,,,,blood-garnet-spark,,8 cm | 3 g | 10 St.,,,SF-RM-08-03-BG,30,shopify,20,deny,manual,4.49,,TRUE,TRUE,,https://cdn.shopify.com/s/files/1/1021/1239/5606/files/DesignohneTitel_9.png?v=1776495236,3,,,,,https://cdn.shopify.com/s/files/1/1021/1239/5606/files/DesignohneTitel_9.png?v=1776495236,g,
koederdepot-panzerfunke,,,,,,,,,clear-gold-dust,,8 cm | 3 g | 10 St.,,,SF-RM-08-03-CG,30,shopify,20,deny,manual,4.49,,TRUE,TRUE,,https://cdn.shopify.com/s/files/1/1021/1239/5606/files/DesignohneTitel_10.png?v=1776495235,4,,,,,https://cdn.shopify.com/s/files/1/1021/1239/5606/files/DesignohneTitel_10.png?v=1776495235,g,
koederdepot-panzerfunke,,,,,,,,,lime-neon-core,,8 cm | 3 g | 10 St.,,,SF-RM-08-03-LN,30,shopify,20,deny,manual,4.49,,TRUE,TRUE,,https://cdn.shopify.com/s/files/1/1021/1239/5606/files/DesignohneTitel_8.png?v=1776495236,5,,,,,https://cdn.shopify.com/s/files/1/1021/1239/5606/files/DesignohneTitel_8.png?v=1776495236,g,
koederdepot-grosskriecher,Köderdepot Großkriecher,"<p><em>Dezenter Wurm für misstrauische Räuber</em></p><h2>Feine Präsentation unter Angeldruck</h2><p>Der Großkriecher ist ein Softbait für Barsch und Zander, wenn eine zurückhaltende Präsentation gefragt ist. Am Carolina Rig lässt sich der Wurm über feste Böden und an Kanten entlangziehen, während das Texas Rig ihn sauber durch Krautlücken und zwischen Holz führt. Beim Drop-Shot-Angeln spielt er seine Stärken aus, wenn er dicht über dem Grund stehen und mit kleinen Rutenzupfern arbeiten soll. Auch beim Finesse-Angeln passt seine unaufdringliche Art zu vorsichtigen Fischen.</p><p>Gerade in klarem Wasser und an Gewässern mit spürbarem Angeldruck sind natürliche Bewegungen und ein dezentes Auftreten oft entscheidend. Der Großkriecher ergänzt solche Situationen mit einer geruchsaktiven Ausrichtung und verschiedenen Farbdekoren für wechselnde Lichtverhältnisse. Helle, zurückhaltende Farben passen zu sonnigen Tagen und sauberem Wasser, während auffälligere Dekore bei bedecktem Himmel oder leicht getrübten Bedingungen Orientierung geben können. So bleibt der Wurm an Strukturkanten, auf Plateaus und an ruhigen Grundbereichen gezielt einsetzbar.</p><p><strong>Ausführung:</strong> 9 cm | 10 g | 6 St.</p><h3>Der Großkriecher im Überblick</h3><ul>
<li>Geruchsaktive Ausrichtung</li>
<li>Für klares Wasser</li>
<li>Verschiedene Farbdekore</li>
<li>Dezente Finesse-Präsentation</li>
<li>Für strukturreiche Spots</li>
<li>Zielfische: Barsch, Zander</li>
<li>5 Dekore zur Auswahl</li>
<li>9 cm | 10 g | 6 St.</li>
</ul>",Köderdepot,sg-4-6-13,Würmer,"Angeldruck, Barschköder, Carolina Rig, Drop Shot, Finesse, Geruchsaktiv, Klarwasser, SB-14, Softbait, Stealthfin, Texas Rig, Wurm, Zanderköder, kategorie-koeder, zielfisch-zander, zielfisch-barsch",TRUE,Farbe,deep-moss,Größe | Gewicht | Menge:,9 cm | 10 g | 6 St.,,,ST-RD-9-10-DM,60,shopify,20,deny,manual,3.49,,TRUE,TRUE,,https://cdn.shopify.com/s/files/1/1021/1239/5606/files/DesignohneTitel_4_919fe8ed-bea4-48f3-93b2-e81c9007d1be.png?v=1776495238,1,,FALSE,Softbait Großkriecher – 10 g / 6 Stück | Köderdepot,"Softbait Großkriecher – 10 g / 6 Stück. Für Zander, Barsch. Lässt sich über Kanten und vor Struktur langsam führen. Jetzt bei Köderdepot entdecken.",https://cdn.shopify.com/s/files/1/1021/1239/5606/files/DesignohneTitel_4_919fe8ed-bea4-48f3-93b2-e81c9007d1be.png?v=1776495238,g,active
koederdepot-grosskriecher,,,,,,,,,red-ember-bark,,9 cm | 10 g | 6 St.,,,ST-RD-9-10-RB,60,shopify,20,deny,manual,3.49,,TRUE,TRUE,,https://cdn.shopify.com/s/files/1/1021/1239/5606/files/Design_ohne_Titel_6_2b898a65-716e-486b-aadf-95b3816b3055.png?v=1776495238,2,,,,,https://cdn.shopify.com/s/files/1/1021/1239/5606/files/Design_ohne_Titel_6_2b898a65-716e-486b-aadf-95b3816b3055.png?v=1776495238,g,
koederdepot-grosskriecher,,,,,,,,,glitter-gold,,9 cm | 10 g | 6 St.,,,ST-RD-9-10-GG,60,shopify,20,deny,manual,3.49,,TRUE,TRUE,,https://cdn.shopify.com/s/files/1/1021/1239/5606/files/DesignohneTitel_3_8797049e-e7f5-48ef-9998-e7fdabca2e7b.png?v=1776495237,3,,,,,https://cdn.shopify.com/s/files/1/1021/1239/5606/files/DesignohneTitel_3_8797049e-e7f5-48ef-9998-e7fdabca2e7b.png?v=1776495237,g,
koederdepot-grosskriecher,,,,,,,,,spark-green,,9 cm | 10 g | 6 St.,,,ST-RD-9-10-SG,60,shopify,20,deny,manual,3.49,,TRUE,TRUE,,https://cdn.shopify.com/s/files/1/1021/1239/5606/files/DesignohneTitel_5_0a6d163a-a2d6-4628-b849-609e98c843a1.png?v=1776495238,4,,,,,https://cdn.shopify.com/s/files/1/1021/1239/5606/files/DesignohneTitel_5_0a6d163a-a2d6-4628-b849-609e98c843a1.png?v=1776495238,g,
koederdepot-grosskriecher,,,,,,,,,neon-acid,,9 cm | 10 g | 6 St.,,,ST-RD-9-10-NA,60,shopify,20,deny,manual,3.49,,TRUE,TRUE,,https://cdn.shopify.com/s/files/1/1021/1239/5606/files/DesignohneTitel_2_ce8e459d-5275-455e-9c8e-8fe649158f53.png?v=1776495237,5,,,,,https://cdn.shopify.com/s/files/1/1021/1239/5606/files/DesignohneTitel_2_ce8e459d-5275-455e-9c8e-8fe649158f53.png?v=1776495237,g,
koederdepot-panzerkriecher,Köderdepot Panzerkriecher,"<p><em>Krebsprofil für das feine Angeln am Grund</em></p><h2>Dezenter Creature Bait für vorsichtige Räuber</h2><p>Der Panzerkriecher ist ein Creature Bait mit Krebsprofil für das Finesse-Angeln in Grundnähe. Am Carolina Rig lässt er sich über harte Kanten, Muschelbänke und locker bewachsene Bereiche ziehen, wobei kurze Pausen oft den entscheidenden Moment schaffen. Am Texas Rig kommt er dort zur Geltung, wo zwischen Holz, Steinen oder Kraut möglichst kontrolliert gefischt werden soll. Barsch, Zander und Hecht begegnen solchen Krebsimitationen besonders an strukturreichen Plätzen.</p><p>Mehrere Farbdekore erlauben es, die Auswahl an Wasserfarbe, Licht und Befischungsdruck anzupassen. Natürliche Töne passen zu klarem Wasser und zurückhaltender Präsentation, während auffälligere Varianten bei Trübung oder wenig Licht besser sichtbar bleiben können. Der Panzerkriecher lässt sich auch an der Cheburashka fischen, wenn der Köder am Spot nahezu auf der Stelle arbeiten soll. Gerade an kleinen Kanten und vor Hindernissen bringt eine langsame, bodennahe Führung viele Kontakte.</p><p><strong>Ausführung:</strong> 9 cm | 3,5 g | 10 St.</p><h3>Der Panzerkriecher im Überblick</h3><ul>
<li>Krebsprofil für Grundkontakt</li>
<li>Für Carolina Rig</li>
<li>Für Texas Rig</li>
<li>Geeignet für Cheburashka</li>
<li>Finesse an Strukturen</li>
<li>Mehrere Farbdekore</li>
<li>Zielfische: Barsch, Hecht, Zander</li>
<li>5 Dekore zur Auswahl</li>
<li>9 cm | 3,5 g | 10 St.</li>
</ul>",Köderdepot,sg-4-6-13,Creature Bait,"Barsch, Carolina Rig, Cheburashka, Creature, Creature Bait, Finesse, Hecht, Krebs, SB-04, Softbait, Texas Rig, Zander, kategorie-koeder, zielfisch-hecht, zielfisch-zander, zielfisch-barsch",TRUE,Farbe,lime-craw-spark,Größe | Gewicht | Menge,"9 cm | 3,5 g | 10 St.",,,ST-CD-9-35-LC,35,shopify,20,deny,manual,4.49,,TRUE,TRUE,,https://cdn.shopify.com/s/files/1/1021/1239/5606/files/DesignohneTitel_11.png?v=1776495240,1,,FALSE,"Softbait Panzerkriecher – 3,5 g / 10 Stück | Köderdepot","Softbait Panzerkriecher – 3,5 g / 10 Stück. Für das Raubfischangeln. Lässt sich über Kanten und vor Struktur langsam führen. Jetzt bei Köderdepot entdecken.",https://cdn.shopify.com/s/files/1/1021/1239/5606/files/DesignohneTitel_11.png?v=1776495240,g,active
koederdepot-panzerkriecher,,,,,,,,,deep-ocean-glow,,"9 cm | 3,5 g | 10 St.",,,ST-CD-9-35-DG,35,shopify,20,deny,manual,4.49,,TRUE,TRUE,,https://cdn.shopify.com/s/files/1/1021/1239/5606/files/DeepOceanGlow.png?v=1776495239,2,,,,,https://cdn.shopify.com/s/files/1/1021/1239/5606/files/DeepOceanGlow.png?v=1776495239,g,
koederdepot-panzerkriecher,,,,,,,,,rusty-blood-craw,,"9 cm | 3,5 g | 10 St.",,,ST-CD-9-35-RB,35,shopify,20,deny,manual,4.49,,TRUE,TRUE,,https://cdn.shopify.com/s/files/1/1021/1239/5606/files/RustyBloodCraw.png?v=1776495239,3,,,,,https://cdn.shopify.com/s/files/1/1021/1239/5606/files/RustyBloodCraw.png?v=1776495239,g,
koederdepot-panzerkriecher,,,,,,,,,olive-shell,,"9 cm | 3,5 g | 10 St.",,,ST-CD-9-35-OS,35,shopify,20,deny,manual,4.49,,TRUE,TRUE,,https://cdn.shopify.com/s/files/1/1021/1239/5606/files/OliveShell.png?v=1776495239,4,,,,,https://cdn.shopify.com/s/files/1/1021/1239/5606/files/OliveShell.png?v=1776495239,g,
koederdepot-panzerkriecher,,,,,,,,,midnight-tar,,"9 cm | 3,5 g | 10 St.",,,ST-CD-9-35-MT,35,shopify,19,deny,manual,4.49,,TRUE,TRUE,,https://cdn.shopify.com/s/files/1/1021/1239/5606/files/MidnightTar.png?v=1776495239,5,,,,,https://cdn.shopify.com/s/files/1/1021/1239/5606/files/MidnightTar.png?v=1776495239,g,
koederdepot-schlaengler,Köderdepot Schlängler,"<p><em>Dezenter Grub für kontrollierte Finesse-Führung</em></p><h2>Feine Aktion am Jigkopf</h2><p>Der Schlängler ist ein Grub für das Finesse-Angeln auf Barsch, Hecht und Zander. Am Jigkopf geführt, spielt er seine schlängelnde Aktion bereits bei langsamer Bewegung aus. Er lässt sich über Grund anheben, dicht an Kanten entlangführen oder mit kurzen Pausen durch ruhige Bereiche ziehen. Gerade an Stellen, an denen Raubfische nicht weit jagen wollen, bleibt der Köder lange genug im Blickfeld und kann sauber ausgefischt werden.</p><p>Mehrere Farbdekore erlauben es, den Schlängler an Wasserfarbe und Lichtverhältnisse anzupassen. Helle Varianten passen in klares Wasser und bei zurückhaltender Fischaktivität, während auffälligere Dekore bei Trübung oder wenig Licht besser sichtbar bleiben können. Als Suchköder deckt der Softbait verschiedene Tiefenbereiche ab, wenn er am Jigkopf über Bodenstrukturen, entlang von Spundwänden oder an Übergängen zwischen flachem und tieferem Wasser geführt wird.</p><p><strong>Ausführung:</strong> 12 cm | 3 g | 10 St.</p><h3>Der Schlängler im Überblick</h3><ul>
<li>Grub mit schlängelnder Aktion</li>
<li>Für Finesse-Angeln</li>
<li>Passend zum Jigkopf</li>
<li>Mehrere Farbdekore verfügbar</li>
<li>Für strukturreiche Bereiche</li>
<li>Zielfische: Barsch, Hecht, Zander</li>
<li>5 Dekore zur Auswahl</li>
<li>12 cm | 3 g | 10 St.</li>
</ul>",Köderdepot,sg-4-6-13,Twister / Grub,"Barschköder, Finesse, Grub, Hechtköder, Jigkopf, SB-07, Softbait, suchköder, Twister, Zanderköder, kategorie-koeder, zielfisch-hecht, zielfisch-zander, zielfisch-barsch",TRUE,Farbe,frosted-pearl,Größe | Gewicht | Menge,12 cm | 3 g | 10 St.,,,SF-CS-12-3-FP,30,shopify,20,deny,manual,4.49,,TRUE,TRUE,,https://cdn.shopify.com/s/files/1/1021/1239/5606/files/Design_ohne_Titel_2_5d7ab0cc-9e68-4916-995a-e36e0d89951d.png?v=1776495241,1,,FALSE,Softbait Schlängler – 3 g / 10 Stück | Köderdepot,"Softbait Schlängler – 3 g / 10 Stück. Für Hecht, Zander. Passt an Jig-, Texas- und Carolina-Rig. Jetzt bei Köderdepot entdecken.",https://cdn.shopify.com/s/files/1/1021/1239/5606/files/Design_ohne_Titel_2_5d7ab0cc-9e68-4916-995a-e36e0d89951d.png?v=1776495241,g,active
koederdepot-schlaengler,,,,,,,,,deep-blue-ice,,12 cm | 3 g | 10 St.,,,SF-CS-12-3-DB,30,shopify,20,deny,manual,4.49,,TRUE,TRUE,,https://cdn.shopify.com/s/files/1/1021/1239/5606/files/Design_ohne_Titel_3_3b62b9b1-ae60-44b3-9b20-773d44c0acf1.png?v=1776495241,2,,,,,https://cdn.shopify.com/s/files/1/1021/1239/5606/files/Design_ohne_Titel_3_3b62b9b1-ae60-44b3-9b20-773d44c0acf1.png?v=1776495241,g,
koederdepot-schlaengler,,,,,,,,,blood-ember,,12 cm | 3 g | 10 St.,,,SF-CS-12-3-BE,30,shopify,20,deny,manual,4.49,,TRUE,TRUE,,https://cdn.shopify.com/s/files/1/1021/1239/5606/files/DesignohneTitel_5.png?v=1776495241,3,,,,,https://cdn.shopify.com/s/files/1/1021/1239/5606/files/DesignohneTitel_5.png?v=1776495241,g,
koederdepot-schlaengler,,,,,,,,,violet-mist,,12 cm | 3 g | 10 St.,,,SF-CS-12-3-VM,30,shopify,20,deny,manual,4.49,,TRUE,TRUE,,https://cdn.shopify.com/s/files/1/1021/1239/5606/files/DesignohneTitel_4_ae88cb05-c8e9-4805-8ef6-00bf7d27dde7.png?v=1776495241,4,,,,,https://cdn.shopify.com/s/files/1/1021/1239/5606/files/DesignohneTitel_4_ae88cb05-c8e9-4805-8ef6-00bf7d27dde7.png?v=1776495241,g,
koederdepot-schlaengler,,,,,,,,,lime-spark,,12 cm | 3 g | 10 St.,,,SF-CS-12-3-LS,30,shopify,20,deny,manual,4.49,,TRUE,TRUE,,https://cdn.shopify.com/s/files/1/1021/1239/5606/files/DesignohneTitel_6.png?v=1776495241,5,,,,,https://cdn.shopify.com/s/files/1/1021/1239/5606/files/DesignohneTitel_6.png?v=1776495241,g,
koederdepot-barschfunke,Köderdepot Barschfunke,"<p><em>Vielseitiger Softbait für das Fischen nah am Grund</em></p><h2>Dezenter Gummiköder für unterschiedliche Rigs</h2><p>Der Barschfunke ist ein Softbait für Barsch, Hecht und Zander, der sich an verschiedenen Montagen fischen lässt. Am Carolina Rig oder Texas Rig kann er kontrolliert über sandige Bereiche, zwischen Steinen und entlang von Kanten geführt werden. Beim Drop-Shot-Angeln bleibt er lange im interessanten Bereich und lässt sich mit kurzen Zupfern animieren. Auch am Jigkopf beim Spinnfischen passt eine bodennahe, von Pausen unterbrochene Führung gut zu vorsichtigen Räubern.</p><p>Mehrere Farbdekore erlauben es, den Barschfunke an klares Wasser, trübe Bedingungen und unterschiedliche Lichtverhältnisse anzupassen. Seine Split-Tail-Form bringt beim Einholen eine feine Aktion ins Spiel und eignet sich für Situationen, in denen kein aufdringlicher Köder gefragt ist. Geruchsaktive Gummiköder können gerade bei langsam gefischten Rigs ihre Stärke zeigen, wenn Barsch, Hecht oder Zander den Köder länger prüfen. Mit Offset-Haken lässt er sich auch durch krautige Bereiche führen.</p><p><strong>Ausführung:</strong> 9,5 cm | 2,5 g | 10 St.</p><h3>Der Barschfunke im Überblick</h3><ul>
<li>Für Carolina Rig</li>
<li>Für Texas Rig</li>
<li>Geeignet zum Drop-Shot-Angeln</li>
<li>Split Tail Aktion</li>
<li>Mehrere Farbdekore</li>
<li>Geruchsaktiver Softbait</li>
<li>Zielfische: Barsch, Hecht, Zander</li>
<li>5 Dekore zur Auswahl</li>
<li>9,5 cm | 2,5 g | 10 St.</li>
</ul>",Köderdepot,sg-4-6-13,Softbait,"Barsch Köder, Carolina Rig, Drop Shot, frösche, Geruchsaktiv, Gummifische, Gummiköder, Hecht Köder, Jigkopf, Offset Haken, SB-10, Shockfin, Softbait, Spinnfischen, Split Tail, Texas Rig, Zander Köder, kategorie-koeder, zielfisch-hecht, zielfisch-zander, zielfisch-barsch",TRUE,Farbe,acid-lime-flash,Größe | Gewicht | Menge,"9,5 cm | 2,5 g | 10 St.",,,SF-SL-095-25-AL,25,shopify,20,deny,manual,4.49,,TRUE,TRUE,,https://cdn.shopify.com/s/files/1/1021/1239/5606/files/AcidLimeFlash.png?v=1776495243,1,,FALSE,"Softbait Barschfunke – 2,5 g / 10 Stück | Köderdepot","Softbait Barschfunke – 2,5 g / 10 Stück. Für Hecht, Zander. Passt an Jig-, Texas- und Carolina-Rig. Jetzt bei Köderdepot entdecken.",https://cdn.shopify.com/s/files/1/1021/1239/5606/files/AcidLimeFlash.png?v=1776495243,g,active
koederdepot-barschfunke,,,,,,,,,golden-sand,,"9,5 cm | 2,5 g | 10 St.",,,SF-SL-095-25-GS,25,shopify,20,deny,manual,4.49,,TRUE,TRUE,,https://cdn.shopify.com/s/files/1/1021/1239/5606/files/GoldenSand.png?v=1776495243,2,,,,,https://cdn.shopify.com/s/files/1/1021/1239/5606/files/GoldenSand.png?v=1776495243,g,
koederdepot-barschfunke,,,,,,,,,rust-core,,"9,5 cm | 2,5 g | 10 St.",,,SF-SL-095-25-RC,25,shopify,20,deny,manual,4.49,,TRUE,TRUE,,https://cdn.shopify.com/s/files/1/1021/1239/5606/files/RustCore.png?v=1776495243,3,,,,,https://cdn.shopify.com/s/files/1/1021/1239/5606/files/RustCore.png?v=1776495243,g,
koederdepot-barschfunke,,,,,,,,,dark-smoke,,"9,5 cm | 2,5 g | 10 St.",,,SF-SL-095-25-DS,25,shopify,20,deny,manual,4.49,,TRUE,TRUE,,https://cdn.shopify.com/s/files/1/1021/1239/5606/files/DarkSmoke.png?v=1776495243,4,,,,,https://cdn.shopify.com/s/files/1/1021/1239/5606/files/DarkSmoke.png?v=1776495243,g,
koederdepot-barschfunke,,,,,,,,,pink-voltage,,"9,5 cm | 2,5 g | 10 St.",,,SF-SL-095-25-PV,25,shopify,20,deny,manual,4.49,,TRUE,TRUE,,https://cdn.shopify.com/s/files/1/1021/1239/5606/files/PinkVoltage.png?v=1776495243,5,,,,,https://cdn.shopify.com/s/files/1/1021/1239/5606/files/PinkVoltage.png?v=1776495243,g,
koederdepot-krautkoenig,Köderdepot Krautkönig,"<p><em>Suchköder für krautige und strukturreiche Bereiche</em></p><h2>Druckvolle Reize zwischen Kraut und Hindernissen</h2><p>Der Krautkönig ist ein Spinnerbait für das Spinnfischen auf Barsch, Hecht und Zander. Seine Bauform spielt ihre Stärke dort aus, wo Kraut, Holz oder andere Strukturen einen normalen Blechköder schnell aus dem Tritt bringen. Gleichmäßig gekurbelt lässt er sich gezielt an Kanten und durch freie Gassen führen. Kurze Tempowechsel geben dem Köder zusätzliche Impulse und sind besonders an Stellen sinnvoll, an denen Raubfische auf vorbeiziehende Beute lauern.</p><p>Als Suchköder eignet sich der Krautkönig für das zügige Absuchen flacher Buchten, bewachsener Uferzonen und strukturreicher Abschnitte. Die Auswahl unterschiedlicher Farbdekore erlaubt eine Anpassung an Wasserfarbe, Licht und Sichtweite. Helle Varianten können sich bei trübem Wasser abheben, während zurückhaltende Dekore in klarem Wasser sinnvoll sind. Auch entlang von Krautkanten kann der Spinnerbait seine Reize ausspielen, wenn er knapp über dem Bewuchs geführt wird.</p><p><strong>Ausführung:</strong> 9 cm | 12 g</p><h3>Der Krautkönig im Überblick</h3><ul>
<li>Spinnerbait für strukturreiche Bereiche</li>
<li>Zum gezielten Spinnfischen</li>
<li>Mehrere Farbdekore verfügbar</li>
<li>Für Kraut und Kanten</li>
<li>Geeignet als Suchköder</li>
<li>Zielfische: Barsch, Hecht, Zander</li>
<li>3 Dekore zur Auswahl</li>
<li>9 cm | 12 g</li>
</ul>",Köderdepot,sg-4-6-13,Spinnerbait,"Barschköder, Blechköder, F-05, Hechtköder, Raubfischangeln, Shockfin, Spinnerbait, Spinnfischen, suchköder, Zanderköder, kategorie-koeder, zielfisch-hecht, zielfisch-zander, zielfisch-barsch",TRUE,Farbe,hot-gillfire,Größe | Gewicht,9 cm | 12 g,,,SF-SL-090-12-HG,12,shopify,34,deny,manual,6.99,,TRUE,TRUE,,https://cdn.shopify.com/s/files/1/1021/1239/5606/files/Design_ohne_Titel_2_5d803a18-4475-43b4-b3d4-5ba067f4fb69.png?v=1776495246,1,,FALSE,Spinnerbait Krautkönig – 12 g | Köderdepot,"Spinnerbait Krautkönig – 12 g. Für Hecht, Zander. Bleibt in Kraut und Hindernissen hängenarm einsatzfähig. Jetzt bei Köderdepot entdecken.",https://cdn.shopify.com/s/files/1/1021/1239/5606/files/Design_ohne_Titel_2_5d803a18-4475-43b4-b3d4-5ba067f4fb69.png?v=1776495246,g,active
koederdepot-krautkoenig,,,,,,,,,ghost-shimmer,,9 cm | 12 g,,,SF-SL-090-12-GS,12,shopify,33,deny,manual,6.99,,TRUE,TRUE,,https://cdn.shopify.com/s/files/1/1021/1239/5606/files/Design_ohne_Titel_3_2531b5d6-f2c9-43a3-90c9-9710d13f6140.png?v=1776495245,2,,,,,https://cdn.shopify.com/s/files/1/1021/1239/5606/files/Design_ohne_Titel_3_2531b5d6-f2c9-43a3-90c9-9710d13f6140.png?v=1776495245,g,
koederdepot-krautkoenig,,,,,,,,,arctic-chartreuse,,9 cm | 12 g,,,SF-SL-090-12-AC,12,shopify,33,deny,manual,6.99,,TRUE,TRUE,,https://cdn.shopify.com/s/files/1/1021/1239/5606/files/DesignohneTitel_4.png?v=1776495245,3,,,,,https://cdn.shopify.com/s/files/1/1021/1239/5606/files/DesignohneTitel_4.png?v=1776495245,g,
koederdepot-buschjaeger,Köderdepot Buschjäger,"<p><em>Lauter Oberflächenköder für Kraut und flaches Wasser</em></p><h2>Druckvolle Spur über bewachsenen Spots</h2><p>Der Buschjäger ist ein Spinnerbait für die aktive Suche im Flachwasser und an bewachsenen Kanten. Beim gleichmäßigen Spinnfischen läuft er direkt unter der Oberfläche und macht sich mit deutlicher Unruhe bemerkbar. Das passt besonders an Krautfeldern und entlang von Schilfkanten, wo ein Köder schnell über freie Bahnen geführt werden muss. Barsch und Hecht reagieren hier oft auf einen auffälligen Reiz, der sich klar vom Hintergrund abhebt.</p><p>Mehrere Farbdekore erlauben eine Anpassung an Wasserfarbe, Licht und die Beutefische am Spot. In klarem Wasser kann ein zurückhaltenderes Dekor sinnvoll sein, während bei Wind, getrübtem Wasser oder dichtem Bewuchs ein kontrastreicher Eindruck leichter wahrgenommen wird. Der Buschjäger spielt seine Stärken dort aus, wo ein Oberflächenköder ohne lange Absinkphase über flache Bereiche und zwischen aufragenden Pflanzen geführt werden soll.</p><p><strong>Ausführung:</strong> 10,5 cm | 12 g</p><h3>Der Buschjäger im Überblick</h3><ul>
<li>Spinnerbait für flache Bereiche</li>
<li>Für flache Krautfelder</li>
<li>Lauter Suchköder</li>
<li>Mehrere Farbdekore verfügbar</li>
<li>Für Barsch und Hecht</li>
<li>Geeignet zum Spinnfischen</li>
<li>Zielfische: Barsch, Hecht</li>
<li>3 Dekore zur Auswahl</li>
<li>10,5 cm | 12 g</li>
</ul>",Köderdepot,sg-4-6-13,Buzzbait,"Barsch Köder, Buzzbait, buzzbaits, F-04, Flachwasser, Hecht Köder, Krautfeld, Kunstköder, Lauter Köder, Oberflächenköder, Raubfischangeln, Schilfkante, Shockfin, Spinnfischen, suchköder, Topwater, kategorie-koeder, zielfisch-hecht, zielfisch-barsch",TRUE,Farbe,frost-shad,Größe | Gewicht,"10,5 cm | 12 g",,,SF-BB-105-12-FS,12,shopify,34,deny,manual,6.99,,TRUE,TRUE,,https://cdn.shopify.com/s/files/1/1021/1239/5606/files/Frost_Shad.png?v=1776495247,1,,FALSE,Spinnerbait Buschjäger – 12 g | Köderdepot,Spinnerbait Buschjäger – 12 g. Für das Raubfischangeln. Bleibt in Kraut und Hindernissen hängenarm einsatzfähig. Jetzt bei Köderdepot entdecken.,https://cdn.shopify.com/s/files/1/1021/1239/5606/files/Frost_Shad.png?v=1776495247,g,active
koederdepot-buschjaeger,,,,,,,,,midnight-strike,,"10,5 cm | 12 g",,,SF-BB-105-12-MS,12,shopify,38,deny,manual,6.99,,TRUE,TRUE,,https://cdn.shopify.com/s/files/1/1021/1239/5606/files/Midnight_Strike.png?v=1776495247,2,,,,,https://cdn.shopify.com/s/files/1/1021/1239/5606/files/Midnight_Strike.png?v=1776495247,g,
koederdepot-buschjaeger,,,,,,,,,fire-jungle,,"10,5 cm | 12 g",,,SF-BB-105-12-FJ,12,shopify,34,deny,manual,6.99,,TRUE,TRUE,,https://cdn.shopify.com/s/files/1/1021/1239/5606/files/FireJungle.png?v=1776495247,3,,,,,https://cdn.shopify.com/s/files/1/1021/1239/5606/files/FireJungle.png?v=1776495247,g,
koederdepot-beutefisch,Köderdepot Beutefisch,"<p><em>Paddletail-Shad für die gezielte Gummifischführung</em></p><h2>Druckvoller Lauf beim Jiggen und Spinnfischen</h2><p>Der Beutefisch ist ein Gummifisch für Barsch, Hecht und Zander, der sich beim Jiggen ebenso sinnvoll einsetzen lässt wie beim gleichmäßigen Spinnfischen. Sein Paddletail bringt Bewegung ins Wasser und macht den Köder auch bei langsamer Führung deutlich wahrnehmbar. Über Grund kann er angehoben und wieder absinken gelassen werden. An Kanten, über flachen Bereichen oder entlang von Krautfeldern lässt sich die Führung an Aktivität und Standplatz der Räuber anpassen.</p><p>Mehrere Farbdekore erlauben es, den Beutefisch auf Wasserfarbe, Licht und Beutefische im jeweiligen Gewässer abzustimmen. Dezente Farben passen gut zu klarem Wasser und vorsichtigen Fischen, während auffälligere Dekore bei Trübung oder wenig Licht besser sichtbar bleiben können. Als Shad gehört er in die Köderbox für die Suche an unterschiedlichen Spots. Beim Spinnfischen lässt er sich kontinuierlich führen, beim Jiggen spielt er seine Reize besonders in den Absinkphasen aus.</p><h3>Ausführungen im Überblick</h3><table><tbody>
<tr>
<td><strong>Ausführung</strong></td>
<td><strong>Preis</strong></td>
</tr>
<tr>
<td>7 cm | 2,3 g | 20 Stück</td>
<td>12,99 €</td>
</tr>
<tr>
<td>5 cm | 1 g | 20 St.</td>
<td>11,99 €</td>
</tr>
<tr>
<td>4,5 cm | 0,6 g | 20 St.</td>
<td>10,99 €</td>
</tr>
</tbody></table><h3>Der Beutefisch im Überblick</h3><ul>
<li>Paddletail mit lebhaftem Lauf</li>
<li>Für Jiggen geeignet</li>
<li>Auch zum Spinnfischen</li>
<li>Mehrere Farbdekore verfügbar</li>
<li>Für verschiedene Gewässersituationen</li>
<li>Zielfische: Barsch, Hecht, Zander</li>
<li>6 Dekore zur Auswahl</li>
<li>7 cm | 2,3 g | 20 Stück</li>
</ul>",Köderdepot,sg-4-6-13,Gummifisch,"Barsch Köder, Gummifisch, Hecht Köder, Jiggen, Paddletail, Raubfischangeln, SB-01, Shad, Shockfin, Softbait, Spinnfischen, Zander Köder, kategorie-koeder, zielfisch-hecht, zielfisch-zander, zielfisch-barsch",TRUE,Farbe,midnight-spark,Größe | Gewicht | Menge,"7 cm | 2,3 g | 20 Stück",,,SF-PB-070-23-MS,46,shopify,20,deny,manual,6.49,,TRUE,TRUE,,https://cdn.shopify.com/s/files/1/1021/1239/5606/files/Midnight_Spark.png?v=1776495249,1,,FALSE,"Softbait Beutefisch – 0,6–2,3 g, 20 Stück | Köderdepot","Softbait Beutefisch – 0,6–2,3 g, 20 Stück. Für Hecht, Zander. Lässt sich über Kanten und vor Struktur langsam führen. Jetzt bei Köderdepot entdecken.",https://cdn.shopify.com/s/files/1/1021/1239/5606/files/Midnight_Spark.png?v=1776495249,g,active
koederdepot-beutefisch,,,,,,,,,midnight-spark,,5 cm | 1 g | 20 St.,,,SF-PB-05-01-MS,20,shopify,20,deny,manual,5.99,,TRUE,TRUE,,https://cdn.shopify.com/s/files/1/1021/1239/5606/files/Oil_Perch.png?v=1776495249,2,,,,,https://cdn.shopify.com/s/files/1/1021/1239/5606/files/Midnight_Spark.png?v=1776495249,g,
koederdepot-beutefisch,,,,,,,,,midnight-spark,,"4,5 cm | 0,6 g | 20 St.",,,SF-PB-045-06-MS,12,shopify,20,deny,manual,5.49,,TRUE,TRUE,,https://cdn.shopify.com/s/files/1/1021/1239/5606/files/Razor_Pink.png?v=1776495249,3,,,,,https://cdn.shopify.com/s/files/1/1021/1239/5606/files/Midnight_Spark.png?v=1776495249,g,
koederdepot-beutefisch,,,,,,,,,oil-perch,,"7 cm | 2,3 g | 20 Stück",,,SF-PB-070-23-OP,46,shopify,20,deny,manual,6.49,,TRUE,TRUE,,https://cdn.shopify.com/s/files/1/1021/1239/5606/files/OrangeStrike.png?v=1776495249,4,,,,,https://cdn.shopify.com/s/files/1/1021/1239/5606/files/Oil_Perch.png?v=1776495249,g,
koederdepot-beutefisch,,,,,,,,,oil-perch,,5 cm | 1 g | 20 St.,,,SF-PB-05-01-OP,20,shopify,20,deny,manual,5.99,,TRUE,TRUE,,https://cdn.shopify.com/s/files/1/1021/1239/5606/files/Fire_Shiner.png?v=1776495249,5,,,,,https://cdn.shopify.com/s/files/1/1021/1239/5606/files/Oil_Perch.png?v=1776495249,g,
koederdepot-beutefisch,,,,,,,,,oil-perch,,"4,5 cm | 0,6 g | 20 St.",,,SF-PB-045-06-OP,12,shopify,20,deny,manual,5.49,,TRUE,TRUE,,https://cdn.shopify.com/s/files/1/1021/1239/5606/files/Neon_Limecore.png?v=1776495249,6,,,,,https://cdn.shopify.com/s/files/1/1021/1239/5606/files/Oil_Perch.png?v=1776495249,g,
koederdepot-beutefisch,,,,,,,,,razor-pink,,"7 cm | 2,3 g | 20 Stück",,,SF-PB-070-23-RP,46,shopify,20,deny,manual,6.49,,TRUE,TRUE,,,,,,,,https://cdn.shopify.com/s/files/1/1021/1239/5606/files/Razor_Pink.png?v=1776495249,g,
koederdepot-beutefisch,,,,,,,,,razor-pink,,5 cm | 1 g | 20 St.,,,SF-PB-05-01-RP,20,shopify,20,deny,manual,5.99,,TRUE,TRUE,,,,,,,,https://cdn.shopify.com/s/files/1/1021/1239/5606/files/Razor_Pink.png?v=1776495249,g,
koederdepot-beutefisch,,,,,,,,,razor-pink,,"4,5 cm | 0,6 g | 20 St.",,,SF-PB-045-06-RP,12,shopify,20,deny,manual,5.49,,TRUE,TRUE,,,,,,,,https://cdn.shopify.com/s/files/1/1021/1239/5606/files/Razor_Pink.png?v=1776495249,g,
koederdepot-beutefisch,,,,,,,,,orange-strike,,5 cm | 1 g | 20 St.,,,SF-PB-05-01-OS,20,shopify,5,deny,manual,5.99,,TRUE,TRUE,,,,,,,,https://cdn.shopify.com/s/files/1/1021/1239/5606/files/OrangeStrike.png?v=1776495249,g,
koederdepot-beutefisch,,,,,,,,,fire-shiner,,"7 cm | 2,3 g | 20 Stück",,,SF-PB-070-23-FS,46,shopify,20,deny,manual,6.49,,TRUE,TRUE,,,,,,,,https://cdn.shopify.com/s/files/1/1021/1239/5606/files/Fire_Shiner.png?v=1776495249,g,
koederdepot-beutefisch,,,,,,,,,fire-shiner,,5 cm | 1 g | 20 St.,,,SF-PB-05-01-FS,20,shopify,15,deny,manual,5.99,,TRUE,TRUE,,,,,,,,https://cdn.shopify.com/s/files/1/1021/1239/5606/files/Fire_Shiner.png?v=1776495249,g,
koederdepot-beutefisch,,,,,,,,,fire-shiner,,"4,5 cm | 0,6 g | 20 St.",,,SF-PB-045-06-FS,12,shopify,20,deny,manual,5.49,,TRUE,TRUE,,,,,,,,https://cdn.shopify.com/s/files/1/1021/1239/5606/files/Fire_Shiner.png?v=1776495249,g,
koederdepot-beutefisch,,,,,,,,,neon-limecore,,"7 cm | 2,3 g | 20 Stück",,,SF-PB-070-23-NL,46,shopify,20,deny,manual,6.49,,TRUE,TRUE,,,,,,,,https://cdn.shopify.com/s/files/1/1021/1239/5606/files/Neon_Limecore.png?v=1776495249,g,
koederdepot-beutefisch,,,,,,,,,neon-limecore,,5 cm | 1 g | 20 St.,,,SF-PB-05-01-NL,20,shopify,20,deny,manual,5.99,,TRUE,TRUE,,,,,,,,https://cdn.shopify.com/s/files/1/1021/1239/5606/files/Neon_Limecore.png?v=1776495249,g,
koederdepot-beutefisch,,,,,,,,,neon-limecore,,"4,5 cm | 0,6 g | 20 St.",,,SF-PB-045-06-NL,12,shopify,20,deny,manual,5.49,,TRUE,TRUE,,,,,,,,https://cdn.shopify.com/s/files/1/1021/1239/5606/files/Neon_Limecore.png?v=1776495249,g,
koederdepot-krebskoenig,Köderdepot Krebskönig,"<p><em>Krebsprofil für das Spinnfischen auf Hecht und Zander</em></p><h2>Creature Bait mit natürlicher Silhouette</h2><p>Der Krebskönig bringt ein kompaktes Krebsprofil an den Spot und richtet sich beim Spinnfischen gezielt an Hecht und Zander. Als Creature Bait passt er an Bereiche, in denen Raubfische am Grund nach Krebsen suchen: zwischen Steinen, an Spundwänden oder entlang harter Kanten. Eine langsame, grundnahe Führung mit kurzen Zupfern lässt den Gummiköder wie eine flüchtende Beute wirken. Auch längere Pausen können sinnvoll sein, wenn die Fische zurückhaltend fressen.</p><p>Seine krebstypische Silhouette macht den Krebskönig zu einem passenden Softbait für strukturreiche Reviere und Stellen mit natürlichem Krebsaufkommen. Verschiedene Farbdekore erlauben es, die Optik an Wassertrübung, Licht und Beutefischbestand anzupassen. Dezente Farben fügen sich in klares Wasser und befischte Bereiche ein, während auffälligere Dekore in getrübtem Wasser besser wahrgenommen werden können. So bleibt der Köder besonders an Hindernissen, Steinpackungen und am Übergang zu tieferem Wasser interessant.</p><p><strong>Ausführung:</strong> 7,5 cm | 3,5 g | 10 St.</p><h3>Der Krebskönig im Überblick</h3><ul>
<li>Krebstypische Creature-Bait-Silhouette</li>
<li>Für grundnahe Präsentationen</li>
<li>Verschiedene Farbdekore erhältlich</li>
<li>Passend für strukturreiche Spots</li>
<li>Spinnfischen mit kurzen Zupfern</li>
<li>Zielfische: Hecht, Zander</li>
<li>5 Dekore zur Auswahl</li>
<li>7,5 cm | 3,5 g | 10 St.</li>
</ul>",Köderdepot,sg-4-6-13,Softbait,"Creature Bait, Gummiköder, Hechtköder, Krebse, Raubfisch Köder, SB-17, Shockfin, Softbait, Spinnfischen, Zanderköder, kategorie-koeder, zielfisch-hecht, zielfisch-zander",TRUE,Farbe,molten-craw-1,Größe | Gewicht | Menge,"7,5 cm | 3,5 g | 10 St.",,,SF-CL-075-35-MC,35,shopify,20,deny,manual,4.49,,TRUE,TRUE,,https://cdn.shopify.com/s/files/1/1021/1239/5606/files/Molten_Craw.png?v=1776495251,1,,FALSE,"Softbait Krebskönig – 3,5 g / 10 Stück | Köderdepot","Softbait Krebskönig – 3,5 g / 10 Stück. Für Hecht, Zander. Passt an Jig-, Texas- und Carolina-Rig. Jetzt bei Köderdepot entdecken.",https://cdn.shopify.com/s/files/1/1021/1239/5606/files/Molten_Craw.png?v=1776495251,g,active
koederdepot-krebskoenig,,,,,,,,,silt-bronze,,"7,5 cm | 3,5 g | 10 St.",,,SF-CL-075-35-SB,35,shopify,20,deny,manual,4.49,,TRUE,TRUE,,https://cdn.shopify.com/s/files/1/1021/1239/5606/files/Silt_Bronze_03092508-4f7f-4e63-8133-f4c7790f49be.png?v=1776495251,2,,,,,https://cdn.shopify.com/s/files/1/1021/1239/5606/files/Silt_Bronze_03092508-4f7f-4e63-8133-f4c7790f49be.png?v=1776495251,g,
koederdepot-krebskoenig,,,,,,,,,black-reactor,,"7,5 cm | 3,5 g | 10 St.",,,SF-CL-075-35-BR,35,shopify,20,deny,manual,4.49,,TRUE,TRUE,,https://cdn.shopify.com/s/files/1/1021/1239/5606/files/Black_Reactor_ef5d8d93-8796-4178-b40d-8b05943d30f3.png?v=1776495251,3,,,,,https://cdn.shopify.com/s/files/1/1021/1239/5606/files/Black_Reactor_ef5d8d93-8796-4178-b40d-8b05943d30f3.png?v=1776495251,g,
koederdepot-krebskoenig,,,,,,,,,toxic-swamp,,"7,5 cm | 3,5 g | 10 St.",,,SF-CL-075-35-TS,35,shopify,20,deny,manual,4.49,,TRUE,TRUE,,https://cdn.shopify.com/s/files/1/1021/1239/5606/files/Toxic_Swamp_f8c47988-f0f5-4ad9-8247-ad2e6772d7a2.png?v=1776495251,4,,,,,https://cdn.shopify.com/s/files/1/1021/1239/5606/files/Toxic_Swamp_f8c47988-f0f5-4ad9-8247-ad2e6772d7a2.png?v=1776495251,g,
koederdepot-krebskoenig,,,,,,,,,glow-phantom,,"7,5 cm | 3,5 g | 10 St.",,,SF-CL-075-35-GP,35,shopify,20,deny,manual,4.49,,TRUE,TRUE,,https://cdn.shopify.com/s/files/1/1021/1239/5606/files/Glow_Phantom_cd2c2c0b-c53e-4d86-a7bc-3c25318cbdf6.png?v=1776495251,5,,,,,https://cdn.shopify.com/s/files/1/1021/1239/5606/files/Glow_Phantom_cd2c2c0b-c53e-4d86-a7bc-3c25318cbdf6.png?v=1776495251,g,
koederdepot-mikroblitz,Köderdepot Mikroblitz,"<p><em>Kompakter Curlytail für die variable Spinnrute</em></p><h2>Lebendiger Twister für die Raubfischsuche</h2><p>Der Mikroblitz ist ein Curlytail für das Spinnfischen auf Barsch, Hecht und Zander. Sein langer Schwanz arbeitet bereits bei langsamem Zug und bleibt auch dann in Bewegung, wenn der Köder über Grund absinkt. Am Jigkopf lässt er sich gleichmäßig einkurbeln, mit kurzen Anhebungen führen oder zwischen einzelnen Kontaktphasen stehen lassen. So passt der Grub an Kanten, über flachere Bereiche und an Stellen, an denen Raubfische dicht am Boden stehen.</p><p>Als Twister ist der Mikroblitz ein vielseitiger Softbait für die Suche nach aktiven Fischen. Mehrere Farbdekore erlauben es, auf klares Wasser, trübere Bedingungen oder wechselndes Licht zu reagieren. Am Jigkopf kommt sein Curlytail beim klassischen Spinnfischen zur Geltung. Für krautige Bereiche oder Hindernisse kann der Grub auch am Offset Rig gefischt werden. Besonders an Übergängen von festem zu weichem Grund lässt sich der Köder kontrolliert absinken und wieder anziehen.</p><h3>Ausführungen im Überblick</h3><table><tbody>
<tr>
<td><strong>Ausführung</strong></td>
<td><strong>Preis</strong></td>
</tr>
<tr>
<td>3,5 cm | 0,6 g | 20 St.</td>
<td>8,99 €</td>
</tr>
<tr>
<td>6 cm | 2 g | 20 St.</td>
<td>9,99 €</td>
</tr>
</tbody></table><h3>Der Mikroblitz im Überblick</h3><ul>
<li>Curlytail mit lebendigem Lauf</li>
<li>Für Jigkopf und Offset Rig</li>
<li>Mehrere Farbdekore verfügbar</li>
<li>Für variable Spinnführung</li>
<li>Gut über Grund führbar</li>
<li>Zielfische: Barsch, Hecht, Zander</li>
<li>5 Dekore zur Auswahl</li>
<li>3,5 cm | 0,6 g | 20 St.</li>
</ul>",Köderdepot,sg-4-6-13,Twister / Grub,"Barschköder, Curlytail, Grub, Hechtköder, Jigkopf, Offset Rig, Raubfischköder, SB-11, Shockfin, Softbait, Spinnfischen, suchköder, Twister, Zanderköder, kategorie-koeder, zielfisch-hecht, zielfisch-zander, zielfisch-barsch",TRUE,Farbe,cherry-reactor,Größe | Gewicht | Menge,"3,5 cm | 0,6 g | 20 St.",,,SF-CS-035-06-CR,12,shopify,20,deny,manual,5.49,,TRUE,TRUE,,https://cdn.shopify.com/s/files/1/1021/1239/5606/files/Cherry_Reactor.png?v=1776495253,1,,FALSE,"Softbait Mikroblitz – 0,6–2,0 g, 20 Stück | Köderdepot","Softbait Mikroblitz – 0,6–2,0 g, 20 Stück. Für Hecht, Zander. Passt an Jig-, Texas- und Carolina-Rig. Jetzt bei Köderdepot entdecken.",https://cdn.shopify.com/s/files/1/1021/1239/5606/files/Cherry_Reactor.png?v=1776495253,g,active
koederdepot-mikroblitz,,,,,,,,,cherry-reactor,,6 cm | 2 g | 20 St.,,,SF-CS-06-02-CR,40,shopify,20,deny,manual,6.10,,TRUE,TRUE,,https://cdn.shopify.com/s/files/1/1021/1239/5606/files/Void_Blackout.png?v=1776495253,2,,,,,https://cdn.shopify.com/s/files/1/1021/1239/5606/files/Cherry_Reactor.png?v=1776495253,g,
koederdepot-mikroblitz,,,,,,,,,void-blackout,,"3,5 cm | 0,6 g | 20 St.",,,SF-CS-035-06-VB,12,shopify,20,deny,manual,5.49,,TRUE,TRUE,,https://cdn.shopify.com/s/files/1/1021/1239/5606/files/Toxic_Beam.png?v=1776495253,3,,,,,https://cdn.shopify.com/s/files/1/1021/1239/5606/files/Void_Blackout.png?v=1776495253,g,
koederdepot-mikroblitz,,,,,,,,,void-blackout,,6 cm | 2 g | 20 St.,,,SF-CS-06-02-VB,40,shopify,20,deny,manual,6.10,,TRUE,TRUE,,https://cdn.shopify.com/s/files/1/1021/1239/5606/files/Golden_Panic.png?v=1776495253,4,,,,,https://cdn.shopify.com/s/files/1/1021/1239/5606/files/Void_Blackout.png?v=1776495253,g,
koederdepot-mikroblitz,,,,,,,,,toxic-beam,,"3,5 cm | 0,6 g | 20 St.",,,SF-CS-035-06-TB,12,shopify,20,deny,manual,5.49,,TRUE,TRUE,,https://cdn.shopify.com/s/files/1/1021/1239/5606/files/Frost_Ghost.png?v=1776495253,5,,,,,https://cdn.shopify.com/s/files/1/1021/1239/5606/files/Toxic_Beam.png?v=1776495253,g,
koederdepot-mikroblitz,,,,,,,,,toxic-beam,,6 cm | 2 g | 20 St.,,,SF-CS-06-02-TB,40,shopify,20,deny,manual,6.10,,TRUE,TRUE,,,,,,,,https://cdn.shopify.com/s/files/1/1021/1239/5606/files/Toxic_Beam.png?v=1776495253,g,
koederdepot-mikroblitz,,,,,,,,,golden-panic,,"3,5 cm | 0,6 g | 20 St.",,,SF-CS-035-06-GP,12,shopify,20,deny,manual,5.49,,TRUE,TRUE,,,,,,,,https://cdn.shopify.com/s/files/1/1021/1239/5606/files/Golden_Panic.png?v=1776495253,g,
koederdepot-mikroblitz,,,,,,,,,golden-panic,,6 cm | 2 g | 20 St.,,,SF-CS-06-02-GP,12,shopify,20,deny,manual,6.10,,TRUE,TRUE,,,,,,,,https://cdn.shopify.com/s/files/1/1021/1239/5606/files/Golden_Panic.png?v=1776495253,g,
koederdepot-mikroblitz,,,,,,,,,frost-ghost,,"3,5 cm | 0,6 g | 20 St.",,,SF-CS-035-06-FG,12,shopify,19,deny,manual,5.49,,TRUE,TRUE,,,,,,,,https://cdn.shopify.com/s/files/1/1021/1239/5606/files/Frost_Ghost.png?v=1776495253,g,
koederdepot-mikroblitz,,,,,,,,,frost-ghost,,6 cm | 2 g | 20 St.,,,SF-CS-06-02-FG,40,shopify,20,deny,manual,6.10,,TRUE,TRUE,,,,,,,,https://cdn.shopify.com/s/files/1/1021/1239/5606/files/Frost_Ghost.png?v=1776495253,g,
koederdepot-scherenjaeger,Köderdepot Scherenjäger,"<p><em>Krebsprofil mit lebendigem Spiel für bodennahe Räuber</em></p><h2>Wenn der Grund nach Krebs aussieht</h2><p>Der Scherenjäger ist ein Creature Bait mit ausgeprägtem Krebsprofil für Barsch, Hecht und Zander. Seine gerippte Form erzeugt unter Wasser eine klare Silhouette und bewegt beim Anjiggen sowie in kurzen Pausen viel Wasser. Am Jigkopf lässt er sich abschnittsweise über den Grund führen, wobei kleine Sprünge und längere Ruhephasen einen flüchtenden Krebs nachahmen. Besonders an Kanten, zwischen Steinen und auf festem Grund spielt diese Führung ihre Stärke aus.</p><p>Am Carolina Rig kann der Scherenjäger mit Abstand zum Gewicht über den Boden gleiten und bei jedem Stopp natürlich nacharbeiten. Das passt an vorsichtigen Gewässern, wenn Barsch und Zander Nahrung dicht am Grund aufnehmen. Für krautige Bereiche oder versunkene Äste bietet sich die Montage am Offset Haken im Texas Rig an. So bleibt der Köder bei der langsamen Präsentation besser zwischen Hindernissen. Mehrere Farbdekore erlauben eine Anpassung an Wassertrübung und Beutefischdruck.</p><p><strong>Ausführung:</strong> 7 cm | 3,1 g | 10 St.</p><h3>Der Scherenjäger im Überblick</h3><ul>
<li>Krebsähnliches Creature-Bait-Profil</li>
<li>Gerippter Gummikörper</li>
<li>Für grundnahe Führung</li>
<li>Passend für Offset Haken</li>
<li>Mehrere Farbdekore verfügbar</li>
<li>Zielfische: Barsch, Hecht, Zander</li>
<li>5 Dekore zur Auswahl</li>
<li>7 cm | 3,1 g | 10 St.</li>
</ul>",Köderdepot,sg-4-6-13,Creature Bait,"Barschköder, Carolina Rig, Creature Bait, Gummiköder, Hechtköder, Jiggen, Krebs, Kunstköder, Offset Haken, Raubfischköder, Rippengummiköder, SB-15, Softbait, Spinnfischen, Stealthfin, Texas Rig, Zanderköder, kategorie-koeder, zielfisch-hecht, zielfisch-zander, zielfisch-barsch",TRUE,Farbe,midnight-cobalt,Größe | Gewicht | Menge,"7 cm | 3,1 g | 10 St.",,,ST-CR-7-31-MC,31,shopify,20,deny,manual,4.49,,TRUE,TRUE,,https://cdn.shopify.com/s/files/1/1021/1239/5606/files/Midnight_Cobalt.png?v=1776495256,1,,FALSE,"Softbait Scherenjäger – 3,1 g / 10 Stück | Köderdepot","Softbait Scherenjäger – 3,1 g / 10 Stück. Für Hecht, Zander. Lässt sich über Kanten und vor Struktur langsam führen. Jetzt bei Köderdepot entdecken.",https://cdn.shopify.com/s/files/1/1021/1239/5606/files/Midnight_Cobalt.png?v=1776495256,g,active
koederdepot-scherenjaeger,,,,,,,,,ultraviolet-ink,,"7 cm | 3,1 g | 10 St.",,,ST-CR-7-31-UI,31,shopify,20,deny,manual,4.49,,TRUE,TRUE,,https://cdn.shopify.com/s/files/1/1021/1239/5606/files/Ultraviolet_Ink.png?v=1776495256,2,,,,,https://cdn.shopify.com/s/files/1/1021/1239/5606/files/Ultraviolet_Ink.png?v=1776495256,g,
koederdepot-scherenjaeger,,,,,,,,,amber-shimmer,,"7 cm | 3,1 g | 10 St.",,,ST-CR-7-31-AS,31,shopify,20,deny,manual,4.49,,TRUE,TRUE,,https://cdn.shopify.com/s/files/1/1021/1239/5606/files/Amber_Shimmer.png?v=1776495256,3,,,,,https://cdn.shopify.com/s/files/1/1021/1239/5606/files/Amber_Shimmer.png?v=1776495256,g,
koederdepot-scherenjaeger,,,,,,,,,lime-reactor,,"7 cm | 3,1 g | 10 St.",,,ST-CR-7-31-LR,31,shopify,20,deny,manual,4.49,,TRUE,TRUE,,https://cdn.shopify.com/s/files/1/1021/1239/5606/files/Lime_Reactor.png?v=1776495255,4,,,,,https://cdn.shopify.com/s/files/1/1021/1239/5606/files/Lime_Reactor.png?v=1776495255,g,
koederdepot-scherenjaeger,,,,,,,,,pearl-wraith,,"7 cm | 3,1 g | 10 St.",,,ST-CR-7-31-PW,31,shopify,20,deny,manual,4.49,,TRUE,TRUE,,https://cdn.shopify.com/s/files/1/1021/1239/5606/files/Pearl_Wraith.png?v=1776495255,5,,,,,https://cdn.shopify.com/s/files/1/1021/1239/5606/files/Pearl_Wraith.png?v=1776495255,g,
koederdepot-bodenkriecher,Köderdepot Bodenkriecher,"<p><em>Bodennaher Softbait für vielseitige Führung</em></p><h2>Präsentiert sich nah am Grund</h2><p>Der Bodenkriecher ist ein Softbait für Barsch, Forelle, Hecht und Zander, der sich beim Jiggen bodennah anbieten lässt. An Kanten, vor Steinpackungen und über festem Grund kann er mit kurzen Anhebungen geführt werden, bevor er wieder absinkt. Die Führung darf dabei je nach Beißlaune ruhig ausfallen oder etwas zügiger erfolgen. Beim Spinnfischen eignet sich ein gleichmäßiger Zug mit eingestreuten Stopps, um den Köder an wechselnden Standplätzen zu präsentieren.</p><p>Beim Drop-Shot-Angeln kann der Bodenkriecher dicht über Grund stehen bleiben und mit kleinen Rutenzupfern bewegt werden. Das passt an Spundwänden, in Hafeneinfahrten oder an ruhigen Bereichen, in denen Raubfische nicht weit laufen sollen. Sein gerippter Körper und das Paddletail geben ihm die Form eines Gummifischs mit klarer Silhouette. Mehrere Farbdekore erlauben die Auswahl zwischen auffälligen und zurückhaltenden Varianten, abgestimmt auf Wasserfarbe, Licht und Sichtweite.</p><h3>Ausführungen im Überblick</h3><table><tbody>
<tr>
<td><strong>Ausführung</strong></td>
<td><strong>Preis</strong></td>
</tr>
<tr>
<td>6 cm | 1,2 g | 20 St.</td>
<td>4,99 €</td>
</tr>
<tr>
<td>8 cm | 3 g | 10 St.</td>
<td>4,99 €</td>
</tr>
</tbody></table><h3>Der Bodenkriecher im Überblick</h3><ul>
<li>Gerippter Gummikörper</li>
<li>Paddletail für Führung</li>
<li>Für bodennahe Präsentation</li>
<li>Passend zum Drop Shot</li>
<li>Mehrere Farbdekore verfügbar</li>
<li>Zielfische: Barsch, Forelle, Hecht, Zander</li>
<li>6 Dekore zur Auswahl</li>
<li>6 cm | 1,2 g | 20 St.</li>
</ul>",Köderdepot,sg-4-6-13,Softbait,"Barschköder, Drop Shot, Forellenköder, Gummifisch, Gummifische, Hechtköder, Jiggen, Kunstköder, Paddletail, Raubfischköder, Reizköder, Rippengummiköder, SB-03, Shockfin, Softbait, Spinnfischen, suchköder, Zanderköder, kategorie-koeder, zielfisch-hecht, zielfisch-zander, zielfisch-barsch, zielfisch-forelle",TRUE,Farbe,toxic-moss,Größe | Gewicht | Menge,"6 cm | 1,2 g | 20 St.",,,SF-RF-060-12-TM,12,shopify,20,deny,manual,4.99,,TRUE,TRUE,,https://cdn.shopify.com/s/files/1/1021/1239/5606/files/Toxic_Moss.png?v=1776495257,1,,FALSE,"Softbait Bodenkriecher – 1,2–3,0 g | Köderdepot","Softbait Bodenkriecher – 1,2–3,0 g. Für Hecht, Zander. Spielt seinen Körper beim Jiggen lebendig aus. Jetzt bei Köderdepot entdecken.",https://cdn.shopify.com/s/files/1/1021/1239/5606/files/Toxic_Moss.png?v=1776495257,g,active
koederdepot-bodenkriecher,,,,,,,,,acid-pulse,,"6 cm | 1,2 g | 20 St.",,,SF-RF-060-12-AP,12,shopify,20,deny,manual,4.99,,TRUE,TRUE,,https://cdn.shopify.com/s/files/1/1021/1239/5606/files/Design_ohne_Titel_6.png?v=1776495258,2,,,,,https://cdn.shopify.com/s/files/1/1021/1239/5606/files/Design_ohne_Titel_6.png?v=1776495258,g,
koederdepot-bodenkriecher,,,,,,,,,acid-pulse,,8 cm | 3 g | 10 St.,,,SF-RF-080-3-AP,30,shopify,20,deny,manual,4.99,,TRUE,TRUE,,https://cdn.shopify.com/s/files/1/1021/1239/5606/files/Design_ohne_Titel_5.png?v=1776495258,3,,,,,https://cdn.shopify.com/s/files/1/1021/1239/5606/files/Design_ohne_Titel_6.png?v=1776495258,g,
koederdepot-bodenkriecher,,,,,,,,,neon-vibe,,"6 cm | 1,2 g | 20 St.",,,SF-RF-060-12-NV,12,shopify,20,deny,manual,4.99,,TRUE,TRUE,,https://cdn.shopify.com/s/files/1/1021/1239/5606/files/Design_ohne_Titel_4_c253170d-36c7-4d75-843e-5143de8635e7.png?v=1776495257,4,,,,,https://cdn.shopify.com/s/files/1/1021/1239/5606/files/Design_ohne_Titel_5.png?v=1776495258,g,
koederdepot-bodenkriecher,,,,,,,,,neon-vibe,,8 cm | 3 g | 10 St.,,,SF-RF-080-03-NV,30,shopify,20,deny,manual,4.99,,TRUE,TRUE,,https://cdn.shopify.com/s/files/1/1021/1239/5606/files/Deep_Ion_Blue.png?v=1776495257,5,,,,,https://cdn.shopify.com/s/files/1/1021/1239/5606/files/Design_ohne_Titel_5.png?v=1776495258,g,
koederdepot-bodenkriecher,,,,,,,,,crystal-ghost,,"6 cm | 1,2 g | 20 St.",,,SF-RF-060-12-CG,12,shopify,20,deny,manual,4.99,,TRUE,TRUE,,https://cdn.shopify.com/s/files/1/1021/1239/5606/files/Design_ohne_Titel_12.png?v=1776495257,6,,,,,https://cdn.shopify.com/s/files/1/1021/1239/5606/files/Design_ohne_Titel_4_c253170d-36c7-4d75-843e-5143de8635e7.png?v=1776495257,g,
koederdepot-bodenkriecher,,,,,,,,,crystal-ghost,,8 cm | 3 g | 10 St.,,,SF-RF-080-03-CG,30,shopify,20,deny,manual,4.99,,TRUE,TRUE,,,,,,,,https://cdn.shopify.com/s/files/1/1021/1239/5606/files/Design_ohne_Titel_4_c253170d-36c7-4d75-843e-5143de8635e7.png?v=1776495257,g,
koederdepot-bodenkriecher,,,,,,,,,deep-ion-blue,,"6 cm | 1,2 g | 20 St.",,,SF-RF-060-12-DIB,12,shopify,20,deny,manual,4.99,,TRUE,TRUE,,,,,,,,https://cdn.shopify.com/s/files/1/1021/1239/5606/files/Deep_Ion_Blue.png?v=1776495257,g,
koederdepot-bodenkriecher,,,,,,,,,deep-ion-blue,,8 cm | 3 g | 10 St.,,,SF-RF-080-03-DIB,30,shopify,20,deny,manual,4.99,,TRUE,TRUE,,,,,,,,https://cdn.shopify.com/s/files/1/1021/1239/5606/files/Deep_Ion_Blue.png?v=1776495257,g,
koederdepot-bodenkriecher,,,,,,,,,molten-craw,,8 cm | 3 g | 10 St.,,,SF-RF-080-03-MC,30,shopify,20,deny,manual,4.99,,TRUE,TRUE,,,,,,,,https://cdn.shopify.com/s/files/1/1021/1239/5606/files/Design_ohne_Titel_12.png?v=1776495257,g,
koederdepot-snap-set,Köderdepot Snap-Set,"<p><em>Schneller Köderwechsel für aktive Spinnfischer.</em></p><h2>Wenn der Köder am Wasser wechseln soll</h2><p>Das Snap-Set ist ein Edelstahl-Verbinder für Situationen, in denen Köder am Wasser zügig getauscht werden sollen. Statt die Schnur nach jedem Wechsel neu zu knoten, wird der Köder direkt am Snap eingehängt. Das ist praktisch, wenn am Ufer verschiedene Gummifische, Wobbler oder Metallköder getestet werden und der passende Lauf erst gefunden werden muss. Die mehreren verfügbaren Ausführungen lassen sich auf Ködergröße und Tragkraft der verwendeten Schnur abstimmen.</p><p>Beim Spinnfischen entscheidet ein sauber gewählter Verbinder mit darüber, wie unauffällig und passend ein Köder vor dem Fisch läuft. Kleinere Ausführungen passen zu feinen Ködern, während größere Varianten für schwerere Modelle gedacht sind. Das Edelstahlmaterial ist für den Einsatz im Raubfischzubehör ausgelegt. Geliefert wird das Snap-Set im PVC-Beutel, sodass die Verbinder im Gerätekoffer von Haken, Jigköpfen und anderem Kleinteil getrennt aufbewahrt werden können.</p><h3>Auf einen Blick</h3><ul>
<li>
<strong>Material:</strong> Edelstahl</li>
<li>
<strong>Verpackung:</strong> PVC-Beutel, 10 Stück je Beutel</li>
<li>
<strong>Größen:</strong> 40 mm – 17 mm</li>
</ul><h3>Ausführungen im Überblick</h3><table><tbody>
<tr>
<td><strong>Größe</strong></td>
<td><strong>Preis</strong></td>
</tr>
<tr>
<td>1# | 40 mm</td>
<td>2,49 €</td>
</tr>
<tr>
<td>2# | 36 mm</td>
<td>2,49 €</td>
</tr>
<tr>
<td>3# | 34 mm</td>
<td>2,49 €</td>
</tr>
<tr>
<td>4# | 30 mm</td>
<td>2,49 €</td>
</tr>
<tr>
<td>5# | 29 mm</td>
<td>2,49 €</td>
</tr>
<tr>
<td>6# | 26 mm</td>
<td>2,49 €</td>
</tr>
<tr>
<td>7# | 25 mm</td>
<td>2,49 €</td>
</tr>
<tr>
<td>8# | 22 mm</td>
<td>2,49 €</td>
</tr>
<tr>
<td>10# | 20 mm</td>
<td>2,49 €</td>
</tr>
<tr>
<td>12# | 17 mm</td>
<td>2,49 €</td>
</tr>
</tbody></table><h3>Der Snap-Set im Überblick</h3><ul>
<li>Edelstahl-Verbinder</li>
<li>Köderwechsel ohne Neuknoten</li>
<li>Mehrere Ausführungen verfügbar</li>
<li>Fürs Spinnfischen</li>
<li>PVC-Beutel zur Aufbewahrung</li>
</ul>",Köderdepot,sg-4-6-6,Snap Swivel,"ACC-HMLJQ, angel zubehör, angelwirbel, fishing swivel, gearfin, karabiner wirbel, knotenloser köderwechsel, raubfisch zubehör, schnurwirbel, snap swivel, spinnfischen zubehör, torquesnap, wirbel mit snap",TRUE,Typ | Größe,1 | 40mm,,,,,KD-TS-01-40MM,35,shopify,100,deny,manual,2.49,,TRUE,TRUE,,https://cdn.shopify.com/s/files/1/1021/1239/5606/files/TorqueSnap_01c84e7a-a13c-42f8-946b-9817a278e497.png?v=1784194786,1,,FALSE,Snap-Verbinder Snap-Set – 10 Größen | Köderdepot,"Snap-Verbinder Snap-Set – 10 Größen, je 10 Stück. Für das Raubfischangeln. Ermöglicht den schnellen Köderwechsel. Jetzt bei Köderdepot entdecken.",https://cdn.shopify.com/s/files/1/1021/1239/5606/files/TorqueSnap_01c84e7a-a13c-42f8-946b-9817a278e497.png?v=1784194786,g,active
koederdepot-snap-set,,,,,,,,,2 | 36mm,,,,,KD-TS-02-36MM,30,shopify,100,deny,manual,2.49,,TRUE,TRUE,,https://cdn.shopify.com/s/files/1/1021/1239/5606/files/TorqueSnap_10_901b6dfd-26a5-40d7-ad3e-cefc874c6153.png?v=1784194787,2,,,,,https://cdn.shopify.com/s/files/1/1021/1239/5606/files/TorqueSnap_01c84e7a-a13c-42f8-946b-9817a278e497.png?v=1784194786,g,
koederdepot-snap-set,,,,,,,,,3 | 34mm,,,,,KD-TS-03-34MM,28,shopify,100,deny,manual,2.49,,TRUE,TRUE,,,,,,,,https://cdn.shopify.com/s/files/1/1021/1239/5606/files/TorqueSnap_01c84e7a-a13c-42f8-946b-9817a278e497.png?v=1784194786,g,
koederdepot-snap-set,,,,,,,,,4 | 30mm,,,,,KD-TS-04-30MM,24,shopify,100,deny,manual,2.49,,TRUE,TRUE,,,,,,,,https://cdn.shopify.com/s/files/1/1021/1239/5606/files/TorqueSnap_01c84e7a-a13c-42f8-946b-9817a278e497.png?v=1784194786,g,
koederdepot-snap-set,,,,,,,,,5 | 29mm,,,,,KD-TS-05-29MM,22,shopify,100,deny,manual,2.49,,TRUE,TRUE,,,,,,,,https://cdn.shopify.com/s/files/1/1021/1239/5606/files/TorqueSnap_01c84e7a-a13c-42f8-946b-9817a278e497.png?v=1784194786,g,
koederdepot-snap-set,,,,,,,,,6 | 26mm,,,,,GF-TS-06-26MM,20,shopify,100,deny,manual,2.49,,TRUE,TRUE,,,,,,,,https://cdn.shopify.com/s/files/1/1021/1239/5606/files/TorqueSnap_01c84e7a-a13c-42f8-946b-9817a278e497.png?v=1784194786,g,
koederdepot-snap-set,,,,,,,,,7 | 25mm,,,,,GF-TS-07-25MM,18,shopify,100,deny,manual,2.49,,TRUE,TRUE,,,,,,,,https://cdn.shopify.com/s/files/1/1021/1239/5606/files/TorqueSnap_01c84e7a-a13c-42f8-946b-9817a278e497.png?v=1784194786,g,
koederdepot-snap-set,,,,,,,,,8 | 22mm,,,,,GF-TS-08-22MM,14,shopify,100,deny,manual,2.49,,TRUE,TRUE,,,,,,,,https://cdn.shopify.com/s/files/1/1021/1239/5606/files/TorqueSnap_01c84e7a-a13c-42f8-946b-9817a278e497.png?v=1784194786,g,
koederdepot-snap-set,,,,,,,,,10 | 20mm,,,,,GF-TS-10-20MM,12,shopify,100,deny,manual,2.49,,TRUE,TRUE,,,,,,,,https://cdn.shopify.com/s/files/1/1021/1239/5606/files/TorqueSnap_01c84e7a-a13c-42f8-946b-9817a278e497.png?v=1784194786,g,
koederdepot-snap-set,,,,,,,,,12 | 17mm,,,,,GF-TS-12-17MM,10,shopify,100,deny,manual,2.49,,TRUE,TRUE,,,,,,,,https://cdn.shopify.com/s/files/1/1021/1239/5606/files/TorqueSnap_01c84e7a-a13c-42f8-946b-9817a278e497.png?v=1784194786,g,
koederdepot-doppelblitz,Köderdepot Doppelblitz,"<p><em>Kompakter Metallköder für Druck und Distanz</em></p><h2>Vibration für tiefe Raubfischplätze</h2><p>Der Doppelblitz ist ein Spinner für das Spinnfischen auf Barsch, Hecht und Zander. Seine kompakte Metallbauweise passt besonders gut, wenn tiefer stehende Fische mit einem schnell absinkenden Köder erreicht werden sollen. Nach dem Auswerfen lässt er sich auf die gewünschte Tiefe bringen und dann gleichmäßig einkurbeln. Auch eine Führung mit kurzen Anhebungen und anschließender Absinkphase ist an Kanten, Löchern und vor Hindernissen sinnvoll.</p><p>Als Reizköder spielt der Doppelblitz seine Stärke aus, wenn Raubfische den Köder über Vibration und Lichtreflexe wahrnehmen sollen. Die verschiedenen Farbdekore erlauben eine Anpassung an klares Wasser, trübe Bereiche oder wechselnde Lichtverhältnisse. Chrome Dekore passen etwa an sonnigen Tagen und über offenem Grund, während auffälligere Varianten bei geringer Sicht Aufmerksamkeit erzeugen können. Durch die gute Wurfweite lassen sich auch weiter entfernte Strukturen vom Ufer aus gezielt befischen.</p><h3>Ausführungen im Überblick</h3><table><tbody>
<tr>
<td><strong>Ausführung</strong></td>
<td><strong>Preis</strong></td>
</tr>
<tr>
<td>8 cm | 20 g</td>
<td>3,69 €</td>
</tr>
<tr>
<td>6,5 cm | 15 g</td>
<td>3,69 €</td>
</tr>
<tr>
<td>5,5 cm | 10 g</td>
<td>3,69 €</td>
</tr>
<tr>
<td>5 cm | 7 g</td>
<td>3,69 €</td>
</tr>
</tbody></table><h3>Der Doppelblitz im Überblick</h3><ul>
<li>Kompakter Spinner</li>
<li>Metallköder mit Reizwirkung</li>
<li>Für weite Würfe</li>
<li>Verschiedene Farbdekore</li>
<li>Gezielt tief führbar</li>
<li>Fürs Spinnfischen</li>
<li>Zielfische: Barsch, Hecht, Zander</li>
<li>2 Dekore zur Auswahl</li>
<li>8 cm | 20 g</li>
</ul>",Köderdepot,sg-4-6-13,Blade Bait,"Barschköder, blade bait, Chrome Köder, F-02, Hechtköder, metallköder, Raubfischköder, Reizköder, Spinnfischen, Spoon, Tiefenköder, Weitwurfköder, Zanderköder, kategorie-koeder, zielfisch-hecht, zielfisch-zander, zielfisch-barsch",TRUE,Farbe,chrome-flash,Größe | Gewicht,8 cm | 20 g,,,SF-CQ-080-200-CF,20,shopify,50,deny,manual,3.69,,TRUE,TRUE,,https://cdn.shopify.com/s/files/1/1021/1239/5606/files/Chrome_Flash.png?v=1776495261,1,,FALSE,"Spinner Doppelblitz – 7,0–20,0 g | Köderdepot","Spinner Doppelblitz – 7,0–20,0 g. Für Hecht, Zander. Bringt Druck und Reflexe in trübe und klare Gewässer. Jetzt bei Köderdepot entdecken.",https://cdn.shopify.com/s/files/1/1021/1239/5606/files/Chrome_Flash.png?v=1776495261,g,active
koederdepot-doppelblitz,,,,,,,,,chrome-flash,,"6,5 cm | 15 g",,,SF-CQ-065-15-CF,15,shopify,50,deny,manual,3.69,,TRUE,TRUE,,https://cdn.shopify.com/s/files/1/1021/1239/5606/files/Golden_Pulse.png?v=1776495262,2,,,,,https://cdn.shopify.com/s/files/1/1021/1239/5606/files/Chrome_Flash.png?v=1776495261,g,
koederdepot-doppelblitz,,,,,,,,,chrome-flash,,"5,5 cm | 10 g",,,SF-CQ-055-10-CF,10,shopify,49,deny,manual,3.69,,TRUE,TRUE,,,,,,,,https://cdn.shopify.com/s/files/1/1021/1239/5606/files/Chrome_Flash.png?v=1776495261,g,
koederdepot-doppelblitz,,,,,,,,,chrome-flash,,5 cm | 7 g,,,SF-CQ-050-07-CF,7,shopify,50,deny,manual,3.69,,TRUE,TRUE,,,,,,,,https://cdn.shopify.com/s/files/1/1021/1239/5606/files/Chrome_Flash.png?v=1776495261,g,
koederdepot-doppelblitz,,,,,,,,,golden-pulse,,8 cm | 20 g,,,SF-CQ-080-200-GP,20,shopify,50,deny,manual,3.69,,TRUE,TRUE,,,,,,,,https://cdn.shopify.com/s/files/1/1021/1239/5606/files/Golden_Pulse.png?v=1776495262,g,
koederdepot-doppelblitz,,,,,,,,,golden-pulse,,"6,5 cm | 15 g",,,SF-CQ-065-15-GP,15,shopify,50,deny,manual,3.69,,TRUE,TRUE,,,,,,,,https://cdn.shopify.com/s/files/1/1021/1239/5606/files/Golden_Pulse.png?v=1776495262,g,
koederdepot-doppelblitz,,,,,,,,,golden-pulse,,"5,5 cm | 10 g",,,SF-CQ-055-10-GP,10,shopify,49,deny,manual,3.69,,TRUE,TRUE,,,,,,,,https://cdn.shopify.com/s/files/1/1021/1239/5606/files/Golden_Pulse.png?v=1776495262,g,
koederdepot-doppelblitz,,,,,,,,,golden-pulse,,5 cm | 7 g,,,SF-CQ-050-07-GP,7,shopify,50,deny,manual,3.69,,TRUE,TRUE,,,,,,,,https://cdn.shopify.com/s/files/1/1021/1239/5606/files/Golden_Pulse.png?v=1776495262,g,
koederdepot-doppelklinge,Köderdepot Doppelklinge,"<p><em>Spinnerbait für Druck, Glanz und flache Bereiche</em></p><h2>Reizköder mit Doppelblatt-Lauf</h2><p>Die Doppelklinge ist ein Spinnerbait für die Suche in flachen Bereichen und an wasserreichen Uferzonen. Ihre Blätter erzeugen beim Einholen Druck und Lichtreflexe, während der Skirt ein pulsierendes Profil liefert. Barsch, Hecht und Zander lassen sich damit an Kanten, über Krautfeldern oder entlang von Holzstrukturen gezielt ansprechen. Eine gleichmäßige Führung hält den Köder zuverlässig in Bewegung. Kurze Stopps oder Tempowechsel bringen den Skirt zusätzlich zum Ausspielen.</p><p>Mehrere Farbdekore erlauben eine Anpassung an Wasserfarbe, Licht und Beutefischaufkommen. Helle Varianten fallen bei getrübtem Wasser oder bedecktem Himmel gut auf, während natürliche Farben an klaren Seen und langsam fließenden Abschnitten sinnvoll sind. Als Suchköder spielt die Doppelklinge ihre Stärke aus, wenn viel Wasser kontrolliert werden soll. Besonders an flachen Buchten, über versunkenem Kraut und an Übergängen zwischen offenem Wasser und Deckung lässt sie sich präzise führen.</p><p><strong>Ausführung:</strong> 12 cm | 18 g</p><h3>Der Doppelklinge im Überblick</h3><ul>
<li>Doppelblatt-Lauf</li>
<li>Pulsierender Skirt</li>
<li>Für flache Bereiche</li>
<li>Mehrere Farbdekore</li>
<li>Suchköder mit Druckwellen</li>
<li>Zielfische: Barsch, Hecht, Zander</li>
<li>5 Dekore zur Auswahl</li>
<li>12 cm | 18 g</li>
</ul>",Köderdepot,sg-4-6-13,Spinnerbait,"9020, Barschköder, double blade, flachwasserköder, Hechtköder, Reizköder, Shockfin, skirtbait, Spinnerbait, suchköder, vibrationsköder, vortexblade, Zanderköder, kategorie-koeder, zielfisch-hecht, zielfisch-zander, zielfisch-barsch",TRUE,Farbe,blue-nightfall,Größe | Gewicht,12 cm | 18 g,,,SF-VB-12-095-BN,18000,shopify,20,deny,manual,7.99,,TRUE,TRUE,,https://cdn.shopify.com/s/files/1/1021/1239/5606/files/Blue_Nightfall.png?v=1776495264,1,,FALSE,Spinnerbait Doppelklinge – 18 g / 12 cm | Köderdepot,"Spinnerbait Doppelklinge – 18 g / 12 cm. Für Hecht, Zander. Bleibt in Kraut und Hindernissen hängenarm einsatzfähig. Jetzt bei Köderdepot entdecken.",https://cdn.shopify.com/s/files/1/1021/1239/5606/files/Blue_Nightfall.png?v=1776495264,kg,active
koederdepot-doppelklinge,,,,,,,,,ghost-pearl,,12 cm | 18 g,,,SF-VB-12-095-GP,18000,shopify,19,deny,manual,7.99,,TRUE,TRUE,,https://cdn.shopify.com/s/files/1/1021/1239/5606/files/Ghost_Pearl.png?v=1776495263,2,,,,,https://cdn.shopify.com/s/files/1/1021/1239/5606/files/Ghost_Pearl.png?v=1776495263,kg,
koederdepot-doppelklinge,,,,,,,,,golden-perch,,12 cm | 18 g,,,SF-VB-12-095-GL,18000,shopify,19,deny,manual,7.99,,TRUE,TRUE,,https://cdn.shopify.com/s/files/1/1021/1239/5606/files/Golden_Perch.png?v=1776495263,3,,,,,https://cdn.shopify.com/s/files/1/1021/1239/5606/files/Golden_Perch.png?v=1776495263,kg,
koederdepot-doppelklinge,,,,,,,,,swamp-burner,,12 cm | 18 g,,,SF-VB-12-095-SB,18000,shopify,19,deny,manual,7.99,,TRUE,TRUE,,https://cdn.shopify.com/s/files/1/1021/1239/5606/files/Swamp_Burner.png?v=1776495264,4,,,,,https://cdn.shopify.com/s/files/1/1021/1239/5606/files/Swamp_Burner.png?v=1776495264,kg,
koederdepot-doppelklinge,,,,,,,,,toxic-chart,,12 cm | 18 g,,,SF-VB-12-095-TC,18000,shopify,19,deny,manual,7.99,,TRUE,TRUE,,https://cdn.shopify.com/s/files/1/1021/1239/5606/files/Toxic_Chart.png?v=1776495264,5,,,,,https://cdn.shopify.com/s/files/1/1021/1239/5606/files/Toxic_Chart.png?v=1776495264,kg,
koederdepot-grossjaeger,Köderdepot Großjäger,"<p><em>Oberflächenköder für druckvolle Wege durchs Flachwasser</em></p><h2>Lautes Wasser, schnelle Reaktion</h2><p>Der Großjäger ist ein Spinnerbait für flache Bereiche, in denen Raubfische auf Bewegung und Druckwellen reagieren. Als Oberflächenköder wird er zügig geführt, sodass er dicht unter der Wasseroberfläche Unruhe erzeugt. Das passt an krautigen Uferzonen, über flachen Plateaus und entlang von Seerosenfeldern. Barsch, Hecht und Zander lassen sich damit gezielt ansprechen, wenn ein auffälliger Reiz über dem Fisch stehen soll.</p><p>Mehrere Farbdekore erlauben es, den Großjäger an Licht, Wassertrübung und den jeweiligen Spot anzupassen. In klarem Wasser kann ein zurückhaltender Farbton sinnvoll sein, während bei Wind, getrübtem Wasser oder wenig Licht ein kontrastreicher Reiz besser wahrnehmbar bleibt. Gerade im Flachwasser bringt ein Spinnerbait seine Stärke aus, wenn aktive Räuber in Ufernähe stehen und ein Köder über ihnen vorbeilaufen soll.</p><p><strong>Ausführung:</strong> 14,5 cm | 25,5 g</p><h3>Der Großjäger im Überblick</h3><ul>
<li>Spinnerbait für Flachwasser</li>
<li>Druckvolle Oberflächenführung</li>
<li>Mehrere Farbdekore</li>
<li>Für krautige Uferzonen</li>
<li>Reizköder bei Trübung</li>
<li>Zielfische: Barsch, Hecht, Zander</li>
<li>5 Dekore zur Auswahl</li>
<li>14,5 cm | 25,5 g</li>
</ul>",Köderdepot,sg-4-6-13,Buzzbait,"9019, Barschköder, Buzzbait, buzzbaits, Druckwellen, Flachwasser, Hechtköder, Oberflächenköder, Raubfischköder, Reizköder, Shockfin, Spinnerbait, Topwater, Zanderköder, kategorie-koeder, zielfisch-hecht, zielfisch-zander, zielfisch-barsch",TRUE,Farbe,night-reaper,Größe | Gewicht,"14,5 cm | 25,5 g",,,SF-TB-145-255-NR,26,shopify,20,deny,manual,8.49,,TRUE,TRUE,,https://cdn.shopify.com/s/files/1/1021/1239/5606/files/Night_Reaper.png?v=1776495266,1,,FALSE,Spinnerbait Großjäger – 30 cm / 56 g | Köderdepot,"Spinnerbait Großjäger – 30 cm / 56 g. Für Hecht, Zander. Bleibt in Kraut und Hindernissen hängenarm einsatzfähig. Jetzt bei Köderdepot entdecken.",https://cdn.shopify.com/s/files/1/1021/1239/5606/files/Night_Reaper.png?v=1776495266,g,active
koederdepot-grossjaeger,,,,,,,,,ghost-shad,,"14,5 cm | 25,5 g",,,SF-TB-145-255-GS,26,shopify,19,deny,manual,8.49,,TRUE,TRUE,,https://cdn.shopify.com/s/files/1/1021/1239/5606/files/Ghost_Shad.png?v=1776495265,2,,,,,https://cdn.shopify.com/s/files/1/1021/1239/5606/files/Ghost_Shad.png?v=1776495265,g,
koederdepot-grossjaeger,,,,,,,,,swamp-veil,,"14,5 cm | 25,5 g",,,SF-TB-145-255-SV,26,shopify,19,deny,manual,8.49,,TRUE,TRUE,,https://cdn.shopify.com/s/files/1/1021/1239/5606/files/Swamp_Veil.png?v=1776495266,3,,,,,https://cdn.shopify.com/s/files/1/1021/1239/5606/files/Swamp_Veil.png?v=1776495266,g,
koederdepot-grossjaeger,,,,,,,,,toxic-pulse,,"14,5 cm | 25,5 g",,,SF-TB-145-255-TP,26,shopify,17,deny,manual,8.49,,TRUE,TRUE,,https://cdn.shopify.com/s/files/1/1021/1239/5606/files/Toxic_Pulse_b4c77f50-6f08-4fff-a2a5-7ca806b791f6.png?v=1776495265,4,,,,,https://cdn.shopify.com/s/files/1/1021/1239/5606/files/Toxic_Pulse_b4c77f50-6f08-4fff-a2a5-7ca806b791f6.png?v=1776495265,g,
koederdepot-grossjaeger,,,,,,,,,venom-strike,,"14,5 cm | 25,5 g",,,SF-TB-145-255-VS,26,shopify,18,deny,manual,8.49,,TRUE,TRUE,,https://cdn.shopify.com/s/files/1/1021/1239/5606/files/Venom_Strike.png?v=1776495265,5,,,,,https://cdn.shopify.com/s/files/1/1021/1239/5606/files/Venom_Strike.png?v=1776495265,g,
koederdepot-tiefenjaeger,Köderdepot Tiefenjäger,"<p><em>Kompakter Metallköder für Führung in der Tiefe</em></p><h2>Schnell gefischt an Kanten und über Grund</h2><p>Der Tiefenjäger ist ein Metal jig für Barsch, Hecht und Zander, wenn der Köder zügig in tieferen Bereichen angeboten werden soll. Beim Jiggen darf er angehoben und anschließend kontrolliert absinken. Gerade an Kanten, über hartem Grund oder an tieferen Löchern entstehen so klare Reize in der Absinkphase. Beim Spinnfischen lässt er sich auch gleichmäßig führen und dabei an wechselnde Wassertiefen anpassen.</p><p>Mehrere Farbdekore erlauben es, den Tiefenjäger auf Licht, Wasserfärbung und den Kontrast am Spot abzustimmen. Dezente Farben passen oft zu klarem Wasser und vorsichtigen Räubern, während auffälligere Dekore bei Trübung besser sichtbar bleiben können. Beim Vertikalangeln wird der Jigköder dicht unter dem Boot angehoben und absinken gelassen. Das eignet sich besonders für das gezielte Befischen tieferer Bereiche, in denen Barsch, Hecht und Zander stehen können.</p><h3>Ausführungen im Überblick</h3><table><tbody>
<tr>
<td><strong>Ausführung</strong></td>
<td><strong>Preis</strong></td>
</tr>
<tr>
<td>5 cm | 10 g</td>
<td>8,49 €</td>
</tr>
<tr>
<td>5,5 cm | 15 g</td>
<td>8,49 €</td>
</tr>
<tr>
<td>6 cm | 20 g</td>
<td>8,49 €</td>
</tr>
<tr>
<td>6,5 cm | 25 g</td>
<td>8,49 €</td>
</tr>
</tbody></table><h3>Der Tiefenjäger im Überblick</h3><ul>
<li>Metal jig für Tiefe</li>
<li>Kontrollierte Absinkphase</li>
<li>Für Jiggen geeignet</li>
<li>Auch vertikal einsetzbar</li>
<li>Mehrere Farbdekore verfügbar</li>
<li>Zielfische: Barsch, Hecht, Zander</li>
<li>5 Dekore zur Auswahl</li>
<li>5 cm | 10 g</li>
</ul>",Köderdepot,sg-4-6-13,Metal jig,"Barschköder, Casting jig, Hechtköder, J-01, Jiggen, Jigköder, Metal jig, Raubfischköder, Speed jig, Spinnfischen, Vertikalangeln, Zanderköder, kategorie-koeder, zielfisch-hecht, zielfisch-zander, zielfisch-barsch",TRUE,Farbe,prism-vortex,Größe | Gewicht,5 cm | 10 g,,,KD-SF-PB-50-10-PV,10,shopify,20,deny,manual,6.99,,TRUE,TRUE,,https://cdn.shopify.com/s/files/1/1021/1239/5606/files/Design_ohne_Titel_4_9b8bc0da-c812-4e29-acbb-e071a1131158.png?v=1776495268,1,,FALSE,"Jigbait Tiefenjäger – 10,0–25,0 g | Köderdepot","Jigbait Tiefenjäger – 10,0–25,0 g. Für Hecht, Zander. Bringt Präsenz an Kanten und vor harten Strukturen. Jetzt bei Köderdepot entdecken.",https://cdn.shopify.com/s/files/1/1021/1239/5606/files/Design_ohne_Titel_4_9b8bc0da-c812-4e29-acbb-e071a1131158.png?v=1776495268,g,active
koederdepot-tiefenjaeger,,,,,,,,,prism-vortex,,"5,5 cm | 15 g",,,KD-SF-PB-55-15-PV,15,shopify,20,deny,manual,6.99,,TRUE,TRUE,,https://cdn.shopify.com/s/files/1/1021/1239/5606/files/Design_ohne_Titel_3_9c568585-75df-4fdf-b079-53c26a2020b5.png?v=1776495268,2,,,,,https://cdn.shopify.com/s/files/1/1021/1239/5606/files/Design_ohne_Titel_4_9b8bc0da-c812-4e29-acbb-e071a1131158.png?v=1776495268,g,
koederdepot-tiefenjaeger,,,,,,,,,prism-vortex,,6 cm | 20 g,,,KD-SF-PB-60-20-PV,20,shopify,19,deny,manual,6.99,,TRUE,TRUE,,https://cdn.shopify.com/s/files/1/1021/1239/5606/files/Crimson_Flash.png?v=1776495268,3,,,,,https://cdn.shopify.com/s/files/1/1021/1239/5606/files/Design_ohne_Titel_4_9b8bc0da-c812-4e29-acbb-e071a1131158.png?v=1776495268,g,
koederdepot-tiefenjaeger,,,,,,,,,prism-vortex,,"6,5 cm | 25 g",,,KD-SF-PB-65-25-PV,25,shopify,20,deny,manual,6.99,,TRUE,TRUE,,https://cdn.shopify.com/s/files/1/1021/1239/5606/files/Solar_Scale.png?v=1776495268,4,,,,,https://cdn.shopify.com/s/files/1/1021/1239/5606/files/Design_ohne_Titel_4_9b8bc0da-c812-4e29-acbb-e071a1131158.png?v=1776495268,g,
koederdepot-tiefenjaeger,,,,,,,,,neon-mirage,,5 cm | 10 g,,,KD-SF-PB-50-10-NM,10,shopify,20,deny,manual,6.99,,TRUE,TRUE,,https://cdn.shopify.com/s/files/1/1021/1239/5606/files/Abyss_Current.png?v=1776495268,5,,,,,https://cdn.shopify.com/s/files/1/1021/1239/5606/files/Design_ohne_Titel_3_9c568585-75df-4fdf-b079-53c26a2020b5.png?v=1776495268,g,
koederdepot-tiefenjaeger,,,,,,,,,neon-mirage,,"5,5 cm | 15 g",,,KD-SF-PB-55-15-NM,15,shopify,20,deny,manual,6.99,,TRUE,TRUE,,,,,,,,https://cdn.shopify.com/s/files/1/1021/1239/5606/files/Design_ohne_Titel_3_9c568585-75df-4fdf-b079-53c26a2020b5.png?v=1776495268,g,
koederdepot-tiefenjaeger,,,,,,,,,neon-mirage,,6 cm | 20 g,,,KD-SF-PB-60-20-NM,20,shopify,20,deny,manual,6.99,,TRUE,TRUE,,,,,,,,https://cdn.shopify.com/s/files/1/1021/1239/5606/files/Design_ohne_Titel_3_9c568585-75df-4fdf-b079-53c26a2020b5.png?v=1776495268,g,
koederdepot-tiefenjaeger,,,,,,,,,neon-mirage,,"6,5 cm | 25 g",,,KD-SF-PB-65-25-NM,25,shopify,20,deny,manual,6.99,,TRUE,TRUE,,,,,,,,https://cdn.shopify.com/s/files/1/1021/1239/5606/files/Design_ohne_Titel_3_9c568585-75df-4fdf-b079-53c26a2020b5.png?v=1776495268,g,
koederdepot-tiefenjaeger,,,,,,,,,crimson-flash,,5 cm | 10 g,,,KD-SF-PB-50-10-CF,10,shopify,20,deny,manual,6.99,,TRUE,TRUE,,,,,,,,https://cdn.shopify.com/s/files/1/1021/1239/5606/files/Crimson_Flash.png?v=1776495268,g,
koederdepot-tiefenjaeger,,,,,,,,,crimson-flash,,"5,5 cm | 15 g",,,KD-SF-PB-55-15-CF,15,shopify,20,deny,manual,6.99,,TRUE,TRUE,,,,,,,,https://cdn.shopify.com/s/files/1/1021/1239/5606/files/Crimson_Flash.png?v=1776495268,g,
koederdepot-tiefenjaeger,,,,,,,,,crimson-flash,,6 cm | 20 g,,,KD-SF-PB-60-20-CF,20,shopify,20,deny,manual,6.99,,TRUE,TRUE,,,,,,,,https://cdn.shopify.com/s/files/1/1021/1239/5606/files/Crimson_Flash.png?v=1776495268,g,
koederdepot-tiefenjaeger,,,,,,,,,crimson-flash,,"6,5 cm | 25 g",,,KD-SF-PB-65-25-CF,25,shopify,20,deny,manual,6.99,,TRUE,TRUE,,,,,,,,https://cdn.shopify.com/s/files/1/1021/1239/5606/files/Crimson_Flash.png?v=1776495268,g,
koederdepot-tiefenjaeger,,,,,,,,,solar-scale,,5 cm | 10 g,,,KD-SF-PB-50-10-SS,10,shopify,20,deny,manual,6.99,,TRUE,TRUE,,,,,,,,https://cdn.shopify.com/s/files/1/1021/1239/5606/files/Solar_Scale.png?v=1776495268,g,
koederdepot-tiefenjaeger,,,,,,,,,solar-scale,,"5,5 cm | 15 g",,,KD-SF-PB-55-15-SS,15,shopify,20,deny,manual,6.99,,TRUE,TRUE,,,,,,,,https://cdn.shopify.com/s/files/1/1021/1239/5606/files/Solar_Scale.png?v=1776495268,g,
koederdepot-tiefenjaeger,,,,,,,,,solar-scale,,6 cm | 20 g,,,KD-SF-PB-60-20-SS,20,shopify,20,deny,manual,6.99,,TRUE,TRUE,,,,,,,,https://cdn.shopify.com/s/files/1/1021/1239/5606/files/Solar_Scale.png?v=1776495268,g,
koederdepot-tiefenjaeger,,,,,,,,,solar-scale,,"6,5 cm | 25 g",,,KD-SF-PB-65-25-SS,25,shopify,20,deny,manual,6.99,,TRUE,TRUE,,,,,,,,https://cdn.shopify.com/s/files/1/1021/1239/5606/files/Solar_Scale.png?v=1776495268,g,
koederdepot-tiefenjaeger,,,,,,,,,abyss-current,,5 cm | 10 g,,,KD-SF-PB-50-10-AC,10,shopify,19,deny,manual,6.99,,TRUE,TRUE,,,,,,,,https://cdn.shopify.com/s/files/1/1021/1239/5606/files/Abyss_Current.png?v=1776495268,g,
koederdepot-tiefenjaeger,,,,,,,,,abyss-current,,"5,5 cm | 15 g",,,KD-SF-PB-55-15-AC,15,shopify,20,deny,manual,6.99,,TRUE,TRUE,,,,,,,,https://cdn.shopify.com/s/files/1/1021/1239/5606/files/Abyss_Current.png?v=1776495268,g,
koederdepot-tiefenjaeger,,,,,,,,,abyss-current,,6 cm | 20 g,,,KD-SF-PB-60-20-AC,20,shopify,20,deny,manual,6.99,,TRUE,TRUE,,,,,,,,https://cdn.shopify.com/s/files/1/1021/1239/5606/files/Abyss_Current.png?v=1776495268,g,
koederdepot-tiefenjaeger,,,,,,,,,abyss-current,,"6,5 cm | 25 g",,,KD-SF-PB-65-25-AC,25,shopify,20,deny,manual,6.99,,TRUE,TRUE,,,,,,,,https://cdn.shopify.com/s/files/1/1021/1239/5606/files/Abyss_Current.png?v=1776495268,g,
koederdepot-tauchjaeger,Köderdepot Tauchjäger,"<p><em>Kompakter Metallköder für variable Tiefenführung</em></p><h2>Schnell geführter Jigbait für Raubfischspots</h2><p>Der Tauchjäger ist ein Metal Jig für Barsch, Hecht und Zander, wenn die Räuber in tieferen Bereichen stehen oder ein Köder zügig absinken soll. Beim Jiggen wird er angehoben und kontrolliert zurücksinken gelassen. So lässt sich die Absinkphase bewusst ausspielen, in der viele Bisse kommen. Beim Spinnfischen kann der Jigbait gleichmäßig eingeholt und durch kurze Rutenschläge immer wieder aus dem Lauf gebracht werden.</p><p>Mehrere Farbdekore erlauben es, den Tauchjäger auf Licht, Wassertrübung und die Beutefische im Gewässer abzustimmen. Helle Varianten sind an klaren Tagen und in durchsichtigem Wasser gut wahrnehmbar, während kräftigere Dekore bei trübem Wasser Kontraste setzen können. Als Blade Jig und klassischer Jigköder passt er an Kanten, über tieferen Rinnen sowie an Stellen, an denen sich Barsch, Hecht oder Zander nahe am Grund sammeln.</p><h3>Ausführungen im Überblick</h3><table><tbody>
<tr>
<td><strong>Ausführung</strong></td>
<td><strong>Preis</strong></td>
</tr>
<tr>
<td>5,0 cm | 7 g</td>
<td>6,49 €</td>
</tr>
<tr>
<td>5,5 cm | 12 g</td>
<td>6,49 €</td>
</tr>
<tr>
<td>6,0 cm | 14 g</td>
<td>6,49 €</td>
</tr>
<tr>
<td>6,5 cm | 18 g</td>
<td>6,49 €</td>
</tr>
<tr>
<td>7,5 cm | 22 g</td>
<td>6,49 €</td>
</tr>
</tbody></table><h3>Der Tauchjäger im Überblick</h3><ul>
<li>Metal Jig zum Jiggen</li>
<li>Für kontrollierte Absinkphasen</li>
<li>Auch zum Spinnfischen</li>
<li>Mehrere Farbdekore erhältlich</li>
<li>Für Kanten und Rinnen</li>
<li>Zielfische: Barsch, Hecht, Zander</li>
<li>5 Dekore zur Auswahl</li>
<li>5,0 cm | 7 g</li>
</ul>",Köderdepot,sg-4-6-13,Metal jig,"Barschköder, Blade jig, Hechtköder, J-02, Jigköder, Metal jig, Raubfischköder, Spinnfischen, spinnköder, Zanderköder, kategorie-koeder, zielfisch-hecht, zielfisch-zander, zielfisch-barsch",TRUE,Farbe,silver-wraith,Größe | Gewicht,"5,0 cm | 7 g",,,KD-SF-L-050-007-SW,7,shopify,20,deny,manual,5.99,,TRUE,TRUE,,https://cdn.shopify.com/s/files/1/1021/1239/5606/files/SolarMinnow.png?v=1776495270,1,,FALSE,"Jigbait Tauchjäger – 7,0–22,0 g | Köderdepot","Jigbait Tauchjäger – 7,0–22,0 g. Für Hecht, Zander. Lässt sich mit Grundkontakt führen und löst bei gehobener Rute aus. Jetzt bei Köderdepot entdecken.",https://cdn.shopify.com/s/files/1/1021/1239/5606/files/Silver_Wraith.png?v=1776495270,g,active
koederdepot-tauchjaeger,,,,,,,,,silver-wraith,,"5,5 cm | 12 g",,,SF-L-055-12-SW,12,shopify,20,deny,manual,5.99,,TRUE,TRUE,,https://cdn.shopify.com/s/files/1/1021/1239/5606/files/Ruby_Mirage.png?v=1776495270,2,,,,,https://cdn.shopify.com/s/files/1/1021/1239/5606/files/Silver_Wraith.png?v=1776495270,g,
koederdepot-tauchjaeger,,,,,,,,,silver-wraith,,"6,0 cm | 14 g",,,KD-SF-L-060-014-SW,14,shopify,20,deny,manual,5.99,,TRUE,TRUE,,https://cdn.shopify.com/s/files/1/1021/1239/5606/files/Ocean_Prism_865acaf2-4b25-4bd9-b3b6-e8cd0734b213.png?v=1776495270,3,,,,,https://cdn.shopify.com/s/files/1/1021/1239/5606/files/Silver_Wraith.png?v=1776495270,g,
koederdepot-tauchjaeger,,,,,,,,,silver-wraith,,"6,5 cm | 18 g",,,SF-L-065-18-SW,18,shopify,15,deny,manual,5.99,,TRUE,TRUE,,https://cdn.shopify.com/s/files/1/1021/1239/5606/files/Amethyst_Veil.png?v=1776495270,4,,,,,https://cdn.shopify.com/s/files/1/1021/1239/5606/files/Silver_Wraith.png?v=1776495270,g,
koederdepot-tauchjaeger,,,,,,,,,silver-wraith,,"7,5 cm | 22 g",,,KD-SF-L-075-022-SW,22,shopify,20,deny,manual,5.99,,TRUE,TRUE,,https://cdn.shopify.com/s/files/1/1021/1239/5606/files/Silver_Wraith.png?v=1776495270,5,,,,,https://cdn.shopify.com/s/files/1/1021/1239/5606/files/Silver_Wraith.png?v=1776495270,g,
koederdepot-tauchjaeger,,,,,,,,,solar-minnow,,"5,0 cm | 7 g",,,KD-SF-L-050-007-SM,7,shopify,20,deny,manual,5.99,,TRUE,TRUE,,,,,,,,https://cdn.shopify.com/s/files/1/1021/1239/5606/files/SolarMinnow.png?v=1776495270,g,
koederdepot-tauchjaeger,,,,,,,,,solar-minnow,,"5,5 cm | 12 g",,,SF-L-055-12-SM,12,shopify,20,deny,manual,5.99,,TRUE,TRUE,,,,,,,,https://cdn.shopify.com/s/files/1/1021/1239/5606/files/SolarMinnow.png?v=1776495270,g,
koederdepot-tauchjaeger,,,,,,,,,solar-minnow,,"6,0 cm | 14 g",,,KD-SF-L-060-014-SM,14,shopify,20,deny,manual,5.99,,TRUE,TRUE,,,,,,,,https://cdn.shopify.com/s/files/1/1021/1239/5606/files/SolarMinnow.png?v=1776495270,g,
koederdepot-tauchjaeger,,,,,,,,,solar-minnow,,"6,5 cm | 18 g",,,KD-SF-L-065-018-SM,18,shopify,24,deny,manual,5.99,,TRUE,TRUE,,,,,,,,https://cdn.shopify.com/s/files/1/1021/1239/5606/files/SolarMinnow.png?v=1776495270,g,
koederdepot-tauchjaeger,,,,,,,,,solar-minnow,,"7,5 cm | 22 g",,,KD-SF-L-075-022-SM,22,shopify,20,deny,manual,5.99,,TRUE,TRUE,,,,,,,,https://cdn.shopify.com/s/files/1/1021/1239/5606/files/SolarMinnow.png?v=1776495270,g,
koederdepot-tauchjaeger,,,,,,,,,ruby-mirage,,"5,0 cm | 7 g",,,KD-SF-L-050-007-RM,7,shopify,18,deny,manual,5.99,,TRUE,TRUE,,,,,,,,https://cdn.shopify.com/s/files/1/1021/1239/5606/files/Ruby_Mirage.png?v=1776495270,g,
koederdepot-tauchjaeger,,,,,,,,,ruby-mirage,,"5,5 cm | 12 g",,,SF-L-055-12-RM,12,shopify,20,deny,manual,5.99,,TRUE,TRUE,,,,,,,,https://cdn.shopify.com/s/files/1/1021/1239/5606/files/Ruby_Mirage.png?v=1776495270,g,
koederdepot-tauchjaeger,,,,,,,,,ruby-mirage,,"6,0 cm | 14 g",,,KD-SF-L-060-014-RM,14,shopify,19,deny,manual,5.99,,TRUE,TRUE,,,,,,,,https://cdn.shopify.com/s/files/1/1021/1239/5606/files/Ruby_Mirage.png?v=1776495270,g,
koederdepot-tauchjaeger,,,,,,,,,ruby-mirage,,"6,5 cm | 18 g",,,KD-SF-L-065-018-RM,18,shopify,20,deny,manual,5.99,,TRUE,TRUE,,,,,,,,https://cdn.shopify.com/s/files/1/1021/1239/5606/files/Ruby_Mirage.png?v=1776495270,g,
koederdepot-tauchjaeger,,,,,,,,,ruby-mirage,,"7,5 cm | 22 g",,,KD-SF-L-075-022-RM,22,shopify,19,deny,manual,5.99,,TRUE,TRUE,,,,,,,,https://cdn.shopify.com/s/files/1/1021/1239/5606/files/Ruby_Mirage.png?v=1776495270,g,
koederdepot-tauchjaeger,,,,,,,,,ocean-prism,,"5,0 cm | 7 g",,,KD-SF-L-050-007-OP,7,shopify,20,deny,manual,5.99,,TRUE,TRUE,,,,,,,,https://cdn.shopify.com/s/files/1/1021/1239/5606/files/Ocean_Prism_865acaf2-4b25-4bd9-b3b6-e8cd0734b213.png?v=1776495270,g,
koederdepot-tauchjaeger,,,,,,,,,ocean-prism,,"5,5 cm | 12 g",,,SF-L-055-12-OP,12,shopify,20,deny,manual,5.99,,TRUE,TRUE,,,,,,,,https://cdn.shopify.com/s/files/1/1021/1239/5606/files/Ocean_Prism_865acaf2-4b25-4bd9-b3b6-e8cd0734b213.png?v=1776495270,g,
koederdepot-tauchjaeger,,,,,,,,,ocean-prism,,"6,0 cm | 14 g",,,KD-SF-L-060-014-OP,14,shopify,20,deny,manual,5.99,,TRUE,TRUE,,,,,,,,https://cdn.shopify.com/s/files/1/1021/1239/5606/files/Ocean_Prism_865acaf2-4b25-4bd9-b3b6-e8cd0734b213.png?v=1776495270,g,
koederdepot-tauchjaeger,,,,,,,,,ocean-prism,,"6,5 cm | 18 g",,,KD-SF-L-065-018-OP,18,shopify,20,deny,manual,5.99,,TRUE,TRUE,,,,,,,,https://cdn.shopify.com/s/files/1/1021/1239/5606/files/Ocean_Prism_865acaf2-4b25-4bd9-b3b6-e8cd0734b213.png?v=1776495270,g,
koederdepot-tauchjaeger,,,,,,,,,ocean-prism,,"7,5 cm | 22 g",,,KD-SF-L-075-022-OP,22,shopify,30,deny,manual,5.99,,TRUE,TRUE,,,,,,,,https://cdn.shopify.com/s/files/1/1021/1239/5606/files/Ocean_Prism_865acaf2-4b25-4bd9-b3b6-e8cd0734b213.png?v=1776495270,g,
koederdepot-tauchjaeger,,,,,,,,,amethyst-veil,,"5,0 cm | 7 g",,,KD-SF-L-050-007-AV,7,shopify,22,deny,manual,5.99,,TRUE,TRUE,,,,,,,,https://cdn.shopify.com/s/files/1/1021/1239/5606/files/Amethyst_Veil.png?v=1776495270,g,
koederdepot-tauchjaeger,,,,,,,,,amethyst-veil,,"5,5 cm | 12 g",,,SF-L-055-12-AV,12,shopify,20,deny,manual,5.99,,TRUE,TRUE,,,,,,,,https://cdn.shopify.com/s/files/1/1021/1239/5606/files/Amethyst_Veil.png?v=1776495270,g,
koederdepot-tauchjaeger,,,,,,,,,amethyst-veil,,"6,0 cm | 14 g",,,KD-SF-L-060-014-AV,14,shopify,21,deny,manual,5.99,,TRUE,TRUE,,,,,,,,https://cdn.shopify.com/s/files/1/1021/1239/5606/files/Amethyst_Veil.png?v=1776495270,g,
koederdepot-tauchjaeger,,,,,,,,,amethyst-veil,,"6,5 cm | 18 g",,,KD-SF-L-065-018-AV,18,shopify,21,deny,manual,5.99,,TRUE,TRUE,,,,,,,,https://cdn.shopify.com/s/files/1/1021/1239/5606/files/Amethyst_Veil.png?v=1776495270,g,
koederdepot-tauchjaeger,,,,,,,,,amethyst-veil,,"7,5 cm | 22 g",,,KD-SF-L-075-022-AV,22,shopify,21,deny,manual,5.99,,TRUE,TRUE,,,,,,,,https://cdn.shopify.com/s/files/1/1021/1239/5606/files/Amethyst_Veil.png?v=1776495270,g,
koederdepot-zitterklinge,Köderdepot Zitterklinge,"<p><em>Druckvoller Lipless crankbait für die aktive Spinnrute</em></p><h2>Vibrationen für die Suche im Freiwasser</h2><p>Die Zitterklinge ist ein Vibrationsköder für das Spinnfischen auf Barsch, Hecht und Zander. Als Lipless crankbait lässt sie sich gleichmäßig eingekurbelt führen und bringt dabei ihre Vibrationen ins Wasser. Sie passt an Kanten, über festem Grund und in Bereiche, in denen Raubfische nach Beutefisch suchen. Mit kurzen Beschleunigungen und anschließenden Absinkphasen kann der Köder außerdem unterschiedliche Wassertiefen kontrolliert abfischen.</p><p>Mehrere Farbdekore erlauben es, die Zitterklinge auf Wasserfarbe und Lichtverhältnisse abzustimmen. Dezente Töne passen in klares Wasser oder an stark befischte Stellen, während auffälligere Dekore bei Trübung besser wahrgenommen werden können. Der kompakte Vibrationsköder eignet sich besonders für die Suche nach verteilten Fischen im See, Kanal oder Fluss. Auch an windigen Tagen bleibt die Führung über die Rute direkt und gut kontrollierbar.</p><p><strong>Ausführung:</strong> 5,5 cm | 13 g</p><h3>Der Zitterklinge im Überblick</h3><ul>
<li>Lipless crankbait</li>
<li>Spinnfischen auf Raubfisch</li>
<li>Vibrierender Lauf</li>
<li>Mehrere Farbdekore</li>
<li>Für See und Fluss</li>
<li>Zielfische: Barsch, Hecht, Zander</li>
<li>5 Dekore zur Auswahl</li>
<li>5,5 cm | 13 g</li>
</ul>",Köderdepot,sg-4-6-13,Lipless crankbait,"Barschköder, Hechtköder, Lipless crankbait, Raubfischköder, Spinnfischen, spinnköder, V-03, Vibe lure, vibrationsköder, Zanderköder, kategorie-koeder, zielfisch-hecht, zielfisch-zander, zielfisch-barsch",TRUE,Farbe,white-phantom,Größe | Gewicht,"5,5 cm | 13 g",,,KD-SF-V-055-013-CC,13,shopify,20,deny,manual,6.49,,TRUE,TRUE,,https://cdn.shopify.com/s/files/1/1021/1239/5606/files/Design_ohne_Titel_2.png?v=1776495272,1,,FALSE,"Vibrationsköder Zitterklinge – 13 g / 5,5 cm | Köderdepot","Vibrationsköder Zitterklinge – 13 g / 5,5 cm. Für Hecht, Zander. Kommt über tiefen Kanten schnell auf Tiefe. Jetzt bei Köderdepot entdecken.",https://cdn.shopify.com/s/files/1/1021/1239/5606/files/Design_ohne_Titel_2.png?v=1776495272,g,active
koederdepot-zitterklinge,,,,,,,,,phantom-ash,,"5,5 cm | 13 g",,,KD-SF-V-055-013-PA,13,shopify,20,deny,manual,6.49,,TRUE,TRUE,,https://cdn.shopify.com/s/files/1/1021/1239/5606/files/Design_ohne_Titel_3.png?v=1776495272,2,,,,,https://cdn.shopify.com/s/files/1/1021/1239/5606/files/Design_ohne_Titel.png?v=1776495272,g,
koederdepot-zitterklinge,,,,,,,,,gilded-ember,,"5,5 cm | 13 g",,,KD-SF-V-055-013-GE,13,shopify,20,deny,manual,6.49,,TRUE,TRUE,,https://cdn.shopify.com/s/files/1/1021/1239/5606/files/Design_ohne_Titel_4.png?v=1776495272,3,,,,,https://cdn.shopify.com/s/files/1/1021/1239/5606/files/Design_ohne_Titel_3.png?v=1776495272,g,
koederdepot-zitterklinge,,,,,,,,,azure-pulse,,"5,5 cm | 13 g",,,KD-SF-V-055-013-AP,13,shopify,20,deny,manual,6.49,,TRUE,TRUE,,https://cdn.shopify.com/s/files/1/1021/1239/5606/files/Design_ohne_Titel_1_505c71ed-112d-4480-9fef-21eefba64e11.png?v=1776495272,4,,,,,https://cdn.shopify.com/s/files/1/1021/1239/5606/files/Design_ohne_Titel_4.png?v=1776495272,g,
koederdepot-zitterklinge,,,,,,,,,ivory-wraith,,"5,5 cm | 13 g",,,KD-SF-V-055-013-IW,13,shopify,20,deny,manual,6.49,,TRUE,TRUE,,https://cdn.shopify.com/s/files/1/1021/1239/5606/files/Design_ohne_Titel.png?v=1776495272,5,,,,,https://cdn.shopify.com/s/files/1/1021/1239/5606/files/Design_ohne_Titel_1_505c71ed-112d-4480-9fef-21eefba64e11.png?v=1776495272,g,
koederdepot-kompaktblitz,Köderdepot Kompaktblitz,"<p><em>Kompakter Metallköder mit Spinnerblatt für die Suche nach Raubfischen</em></p><h2>Druckvoller Lauf für wechselnde Tiefen</h2><p>Der Kompaktblitz ist ein Tail spinner für das Spinnfischen auf Barsch, Hecht und Zander. Beim Einholen bringt das Spinnerblatt zusätzliche Reize ins Wasser und macht den Jigbait auch an weitläufigen Kanten, über festem Grund oder entlang von Freiwasserbereichen interessant. Gleichmäßig geführt lässt er sich zügig absuchen. Kurze Einholpausen können den Köder absinken lassen und schaffen einen Wechsel aus Laufphase und Fallbewegung, auf den gerade Barsch und Zander häufig reagieren.</p><p>Als Metallköder passt der Kompaktblitz besonders gut in Situationen, in denen ein kompakter Köder gefragt ist. Die verschiedenen Farbdekore erlauben eine Anpassung an klares Wasser, trübe Bedingungen oder wechselndes Licht. Helle Varianten lassen sich bei bedecktem Himmel gut verfolgen, während zurückhaltende Dekore an stark befischten Spots eine passende Wahl sein können. Beim Spinnfischen an Kanten, Hafeneinfahrten und über tieferen Bereichen kann der Tail spinner kontrolliert durch die gewünschte Wasserschicht geführt werden.</p><h3>Ausführungen im Überblick</h3><table><tbody>
<tr>
<td><strong>Ausführung</strong></td>
<td><strong>Preis</strong></td>
</tr>
<tr>
<td>2,5 cm | 9 g</td>
<td>4,49 €</td>
</tr>
<tr>
<td>3 cm | 13 g</td>
<td>4,49 €</td>
</tr>
<tr>
<td>3,2 cm | 16 g</td>
<td>4,49 €</td>
</tr>
</tbody></table><h3>Der Kompaktblitz im Überblick</h3><ul>
<li>Kompakter Jigbait</li>
<li>Spinnerblatt als Laufreiz</li>
<li>Für gleichmäßiges Einholen</li>
<li>Auch mit Einholpausen</li>
<li>Verschiedene Farbdekore</li>
<li>Metallköder für Suchphasen</li>
<li>Zielfische: Barsch, Hecht, Zander</li>
<li>4 Dekore zur Auswahl</li>
<li>2,5 cm | 9 g</li>
</ul>",Köderdepot,sg-4-6-13,Tail spinner,"Barschköder, Hechtköder, J-06, metallköder, Raubfisch Köder, Spinnerbait, Spinnfischen, Tail spinner, Zanderköder, kategorie-koeder, zielfisch-hecht, zielfisch-zander, zielfisch-barsch",TRUE,Farbe,fire-tiger,Größe | Gewicht,"2,5 cm | 9 g",,,KD-SFS-025-009-FT,9,shopify,23,deny,manual,4.49,,TRUE,TRUE,,https://cdn.shopify.com/s/files/1/1021/1239/5606/files/Design_ohne_Titel_1.png?v=1776495274,1,,FALSE,"Jigbait Kompaktblitz – 9,0–16,0 g | Köderdepot","Jigbait Kompaktblitz – 9,0–16,0 g. Für Hecht, Zander. Eignet sich für die schnelle Suche im gesamten Wasser. Jetzt bei Köderdepot entdecken.",https://cdn.shopify.com/s/files/1/1021/1239/5606/files/Design_ohne_Titel_1.png?v=1776495274,g,active
koederdepot-kompaktblitz,,,,,,,,,gold-blaze,,"2,5 cm | 9 g",,,KD-SFS-025-009-GB,9,shopify,25,deny,manual,4.49,,TRUE,TRUE,,https://cdn.shopify.com/s/files/1/1021/1239/5606/files/Gold_Blaze.png?v=1776495274,2,,,,,https://cdn.shopify.com/s/files/1/1021/1239/5606/files/Gold_Blaze.png?v=1776495274,g,
koederdepot-kompaktblitz,,,,,,,,,red-ghost,,"2,5 cm | 9 g",,,KD-SFS-025-009-RG,9,shopify,25,deny,manual,4.49,,TRUE,TRUE,,https://cdn.shopify.com/s/files/1/1021/1239/5606/files/Red_Ghost.png?v=1776495274,3,,,,,https://cdn.shopify.com/s/files/1/1021/1239/5606/files/Red_Ghost.png?v=1776495274,g,
koederdepot-kompaktblitz,,,,,,,,,white-ghost,,"2,5 cm | 9 g",,,KD-SFS-025-009-WG,9,shopify,25,deny,manual,4.49,,TRUE,TRUE,,https://cdn.shopify.com/s/files/1/1021/1239/5606/files/White_Ghost.png?v=1776495274,4,,,,,https://cdn.shopify.com/s/files/1/1021/1239/5606/files/White_Ghost.png?v=1776495274,g,
koederdepot-kompaktblitz,,,,,,,,,gold-blaze,,3 cm | 13 g,,,KD-SFS-030-013-GB,13,shopify,30,deny,manual,4.49,,TRUE,TRUE,,,,,,,,https://cdn.shopify.com/s/files/1/1021/1239/5606/files/Gold_Blaze.png?v=1776495274,g,
koederdepot-kompaktblitz,,,,,,,,,red-ghost,,3 cm | 13 g,,,KD-SFS-030-013-RG,13,shopify,35,deny,manual,4.49,,TRUE,TRUE,,,,,,,,https://cdn.shopify.com/s/files/1/1021/1239/5606/files/Red_Ghost.png?v=1776495274,g,
koederdepot-kompaktblitz,,,,,,,,,white-ghost,,3 cm | 13 g,,,KD-SFS-030-013-WG,13,shopify,35,deny,manual,4.49,,TRUE,TRUE,,,,,,,,https://cdn.shopify.com/s/files/1/1021/1239/5606/files/White_Ghost.png?v=1776495274,g,
koederdepot-kompaktblitz,,,,,,,,,fire-tiger,,"3,2 cm | 16 g",,,KD-SFS-032-016-FT,16,shopify,24,deny,manual,4.49,,TRUE,TRUE,,,,,,,,https://cdn.shopify.com/s/files/1/1021/1239/5606/files/Design_ohne_Titel_1.png?v=1776495274,g,
koederdepot-kompaktblitz,,,,,,,,,gold-blaze,,"3,2 cm | 16 g",,,KD-SFS-032-016-GB,16,shopify,24,deny,manual,4.49,,TRUE,TRUE,,,,,,,,https://cdn.shopify.com/s/files/1/1021/1239/5606/files/Gold_Blaze.png?v=1776495274,g,
koederdepot-kompaktblitz,,,,,,,,,red-ghost,,"3,2 cm | 16 g",,,KD-SFS-032-016-RG,16,shopify,25,deny,manual,4.49,,TRUE,TRUE,,,,,,,,https://cdn.shopify.com/s/files/1/1021/1239/5606/files/Red_Ghost.png?v=1776495274,g,
koederdepot-kompaktblitz,,,,,,,,,white-ghost,,"3,2 cm | 16 g",,,KD-SFS-032-016-WG,16,shopify,25,deny,manual,4.49,,TRUE,TRUE,,,,,,,,https://cdn.shopify.com/s/files/1/1021/1239/5606/files/White_Ghost.png?v=1776495274,g,
koederdepot-ruettelblitz,Köderdepot Rüttelblitz,"<p><em>Kompakter Metallköder mit spürbarer Vibration</em></p><h2>Vibration für tiefe Kanten und aktive Räuber</h2><p>Der Rüttelblitz ist ein sinkender Blade Bait für Barsch, Hecht, Rapfen und Zander. Beim Einholen erzeugt der Metallköder eine deutlich fühlbare Vibration, die sich besonders an Kanten, über festem Grund und in tieferen Bereichen einsetzen lässt. Beim Spinnfischen wird er gleichmäßig geführt oder mit kurzen Zugphasen beschleunigt. Zum Jiggen darf der Köder absinken und anschließend kontrolliert angehoben werden. So entstehen Reize in unterschiedlichen Wassertiefen.</p><p>Beim Vertikalangeln spielt der Rüttelblitz seine kompakte Form direkt unter dem Boot aus. Kurze Hebebewegungen lassen den Vibrationsköder arbeiten, bevor er wieder an gespannter Schnur absinkt. Das passt an Stellen, an denen Zander dicht über dem Boden stehen oder Barsche an Kanten konzentriert vorkommen. Auch beim Angeln auf Hecht kann eine etwas ruhigere Führung sinnvoll sein. Mehrere Farbdekore ermöglichen die Anpassung an klares Wasser, Trübung und wechselnde Lichtverhältnisse.</p><p><strong>Ausführung:</strong> 6,2 cm | 11,7 g</p><h3>Der Rüttelblitz im Überblick</h3><ul>
<li>Sinkender Blade Bait</li>
<li>Spürbare Vibrationen</li>
<li>Zum Jiggen geeignet</li>
<li>Fürs Vertikalangeln</li>
<li>Mehrere Farbdekore</li>
<li>Kompakte Metallausführung</li>
<li>Zielfische: Barsch, Hecht, Rapfen, Zander</li>
<li>5 Dekore zur Auswahl</li>
<li>6,2 cm | 11,7 g</li>
</ul>",Köderdepot,sg-4-6-13,Blade Bait,"Angeln auf Hecht, Barschköder, blade bait, Hechtköder, Jiggen, metallköder, rapfenköder, sinkender köder, spinnköder, V-02, Vertikalangeln, vibrationsköder, Zanderköder, kategorie-koeder, zielfisch-hecht, zielfisch-zander, zielfisch-barsch",TRUE,Farbe,rot-weiss,Größe | Gewicht,"6,2 cm | 11,7 g",,,KD-SF-B-062-117-BF,12,shopify,20,deny,manual,6.49,,TRUE,TRUE,,https://cdn.shopify.com/s/files/1/1021/1239/5606/files/Blood_Flash.png?v=1776495276,1,,FALSE,"Vibrationsköder Rüttelblitz – 11,7 g / 6,2 cm | Köderdepot","Vibrationsköder Rüttelblitz – 11,7 g / 6,2 cm. Für Hecht, Zander. Eignet sich für die vertikale und aktive Führung. Jetzt bei Köderdepot entdecken.",https://cdn.shopify.com/s/files/1/1021/1239/5606/files/Blood_Flash.png?v=1776495276,g,active
koederdepot-ruettelblitz,,,,,,,,,pink-flash,,"6,2 cm | 11,7 g",,,KD-SF-B-062-117-PF,12,shopify,20,deny,manual,6.49,,TRUE,TRUE,,https://cdn.shopify.com/s/files/1/1021/1239/5606/files/Pink_Fash.png?v=1776495276,2,,,,,https://cdn.shopify.com/s/files/1/1021/1239/5606/files/Pink_Fash.png?v=1776495276,g,
koederdepot-ruettelblitz,,,,,,,,,neon-strike,,"6,2 cm | 11,7 g",,,KD-SF-B-062-117-NS,12,shopify,20,deny,manual,6.49,,TRUE,TRUE,,https://cdn.shopify.com/s/files/1/1021/1239/5606/files/Neon_Strike.png?v=1776495276,3,,,,,https://cdn.shopify.com/s/files/1/1021/1239/5606/files/Neon_Strike.png?v=1776495276,g,
koederdepot-ruettelblitz,,,,,,,,,toxic-green,,"6,2 cm | 11,7 g",,,KD-SF-B-062-117-TG,12,shopify,20,deny,manual,6.49,,TRUE,TRUE,,https://cdn.shopify.com/s/files/1/1021/1239/5606/files/Toxic_Green.png?v=1776495276,4,,,,,https://cdn.shopify.com/s/files/1/1021/1239/5606/files/Toxic_Green.png?v=1776495276,g,
koederdepot-ruettelblitz,,,,,,,,,arctic-blue,,"6,2 cm | 11,7 g",,,KD-SF-B-062-117-AB,12,shopify,10,deny,manual,6.49,,TRUE,TRUE,,https://cdn.shopify.com/s/files/1/1021/1239/5606/files/Arctic_Blue.png?v=1776495276,5,,,,,https://cdn.shopify.com/s/files/1/1021/1239/5606/files/Arctic_Blue.png?v=1776495276,g,
